run,lumi,event,MET_pt,MET_phi,MHT_pt,MHT_phi,MHT_over_HT,MET_minus_MHT,N_jets_all,N_jets_30,N_jets_50,HT,jet_pt_sum,leading_jet_pt,subleading_jet_pt,N_muons,N_electrons,N_leptons,lepton_pt_sum,N_btags_loose,N_btags_medium,N_btags_tight,max_btag_discriminator,N_primary_vertices,packed_candidate_count,secondary_vertex_count,btag_discriminator_status,vertex_status,packed_candidate_status,secondary_vertex_status,HLT_MET_paths_any,HLT_HT_paths_any,HLT_Mu_paths_any,HLT_Ele_paths_any,pass_HBHENoiseFilter,pass_HBHENoiseIsoFilter,pass_goodVertices,pass_EcalDeadCellTriggerPrimitiveFilter,pass_BadPFMuonFilter,pass_globalSuperTightHalo2016Filter,trigger_filter_extraction_status,generator_weight,generator_weight_status,MET_fraction,N_objects,S_event_proxy,high_MET,high_multiplicity,B_event,B_event_z
202209,14,20657260,26.7363,-2.41118,479.91,-2.33902,0.940795,-453.17400000000004,39,3,2,510.111,868.0369999999999,404.905,72.8592,1,0,1,23.205,0,0,0,-999,18,1423,0,0,1,1,0,1,1,1,0,1,1,1,1,1,1,1,1,0,0.0497098339993526,4,1.6094379124341003,0,0,1.397895708618754,0.29652172769665003
202209,14,20831924,76.8793,-0.044513,93.037,-0.00231687,0.750081,-16.1577,49,3,0,124.036,743.643,45.0075,40.6553,0,0,0,0.0,0,0,0,-999,24,1906,0,0,1,1,0,0,0,0,0,1,1,1,1,1,1,1,1,0,0.3807502452761133,3,1.3862943611198906,0,0,-1.5044346936367192,-0.4130232225475575
202209,14,20896956,5.74405,1.06674,55.725,-3.0704,0.191384,-49.9809,50,4,2,291.168,857.222,112.053,100.337,0,1,1,20.503,0,0,0,-999,25,1704,0,0,1,1,0,0,0,0,0,1,1,1,1,1,1,1,1,0,0.019281026061215043,5,1.791759469228055,0,0,0.4966546774161592,0.07619153298631155
202209,14,20966623,47.0423,1.7877599999999998,58.5502,1.4489100000000001,0.598646,-11.5079,47,2,1,97.8045,694.125,67.25,30.5545,0,0,0,0.0,0,0,0,-999,19,1764,0,0,1,1,0,0,0,0,0,1,1,1,1,1,1,1,1,0,0.32254598661060785,2,1.0986122886681096,0,0,-2.307504547713565,-0.6093530956766684
202209,14,20938516,41.1318,0.61805,149.679,-2.4281599999999997,0.726485,-108.54700000000001,45,2,2,206.03099999999998,646.505,126.637,79.3944,0,1,1,47.8378,0,0,0,-999,22,1513,0,0,1,1,0,1,1,1,0,1,1,1,1,1,1,1,1,0,0.16574522853546142,3,1.3862943611198906,0,0,0.088461888256367,-0.023601079201931902
202209,14,21071239,44.6194,2.5207900000000003,91.5599,2.88056,0.6108859999999999,-46.9405,51,4,0,149.881,824.498,46.8566,38.3338,0,0,0,0.0,0,0,0,-999,27,1983,0,0,1,1,0,0,0,0,0,1,1,1,1,1,1,1,1,0,0.22823175809358956,4,1.6094379124341003,0,0,-1.8687213884400928,-0.5020819267316218
202209,14,21124055,55.3761,-0.664687,23.241999999999997,-1.58595,0.057153699999999995,32.134,41,4,3,406.659,840.4630000000001,167.31,104.527,0,0,0,0.0,0,0,0,-999,21,1656,0,0,1,1,0,0,1,0,0,1,1,1,1,1,1,1,1,0,0.11959374138159289,4,1.6094379124341003,0,0,1.3508664560135093,0.2850242880275212
202209,14,21204247,1.7525700000000002,-1.25916,0.0,0.0,0.0,1.7525700000000002,44,0,0,0.0,609.5319999999999,28.3471,27.9797,0,0,0,0.0,0,0,0,-999,21,1763,0,0,1,1,0,1,0,0,0,1,1,1,1,1,1,1,1,0,0.636703153779922,0,0.0,0,0,-5.390600070186126,-1.3630904570022082
202209,14,21210375,77.4637,1.35343,206.99599999999998,1.06602,0.999978,-129.533,46,2,1,207.00099999999998,611.1,164.797,42.2038,0,0,0,0.0,0,0,0,-999,14,1300,0,0,1,1,0,1,1,1,0,1,1,1,1,1,1,1,1,0,0.2713599965249644,2,1.0986122886681096,0,0,-1.4102930200215444,-0.3900080106787519
202209,14,21308967,12.6495,0.06591060000000001,0.0,0.0,0.0,12.6495,44,0,0,0.0,525.809,27.6528,20.7086,0,0,0,0.0,0,0,0,-999,18,1616,0,0,1,1,0,0,0,0,0,1,1,1,1,1,1,1,1,0,0.9267372431224586,0,0.0,0,0,-4.288236023915642,-1.0935908708234103
202209,14,21428671,18.7644,-2.88259,29.9333,2.61095,0.195071,-11.1689,42,3,1,153.44799999999998,620.217,82.4148,38.3929,0,0,0,0.0,0,0,0,-999,19,1561,0,0,1,1,0,0,0,0,0,1,1,1,1,1,1,1,1,0,0.10833173606508542,3,1.3862943611198906,0,0,-2.5750848297020448,-0.6747695753863189
202209,14,21233479,83.4007,-1.46193,187.34599999999998,-1.4326,0.397149,-103.945,53,11,2,471.726,1036.82,91.6805,58.3989,0,0,0,0.0,0,0,0,-999,27,2224,0,0,1,1,0,1,1,0,0,1,1,1,1,1,1,1,1,0,0.14996708483876064,11,2.4849066497880004,0,1,5.88240127748068,1.3928677116877313
202209,14,21437999,58.7945,-1.54033,56.8187,-1.41126,0.507177,1.9757799999999999,50,3,1,112.029,819.677,50.3404,31.647,0,1,1,23.1748,0,0,0,-999,29,1997,0,0,1,1,0,0,0,0,0,1,1,1,1,1,1,1,1,0,0.34217962036624794,4,1.6094379124341003,0,0,0.4170387118909238,0.05672748221754069
202209,14,21369111,23.9955,0.42753100000000005,0.0,0.0,0.0,23.9955,48,0,0,0.0,547.491,27.4298,25.406999999999996,0,0,0,0.0,0,0,0,-999,16,1584,0,0,1,1,0,1,0,0,0,1,1,1,1,1,1,1,1,0,0.9599927987037666,0,0.0,0,0,-3.970880342896707,-1.016005589449758
202209,14,21396711,33.7039,-0.0278116,10.1112,1.4033799999999998,0.163461,23.5928,46,2,0,61.857,539.169,31.2982,30.5588,0,0,0,0.0,0,0,0,-999,27,1589,0,0,1,1,0,1,1,1,0,1,1,1,1,1,1,1,1,0,0.34904293559815613,2,1.0986122886681096,0,0,-3.376943407856256,-0.8708033227836421
202209,14,21496407,27.0665,-2.83963,109.883,2.6291900000000004,0.933588,-82.8169,44,2,1,117.7,556.114,82.8766,34.8234,0,0,0,0.0,0,0,0,-999,19,1493,0,0,1,1,0,0,0,0,0,1,1,1,1,1,1,1,1,0,0.1856839534460936,2,1.0986122886681096,0,0,-3.0207840274431867,-0.7837315374149567
202209,14,21594383,29.4132,-0.609045,0.0,0.0,0.0,29.4132,45,0,0,0.0,503.39599999999996,27.0019,23.4243,0,0,0,0.0,0,0,0,-999,24,1576,0,0,1,1,0,1,0,0,0,1,1,1,1,1,1,1,1,0,0.9671195401996502,0,0.0,0,0,-3.8463913084613695,-0.9855712303307109
202209,14,21707647,8.45388,-2.41875,38.4081,2.05552,1.0,-29.9542,38,1,0,38.4081,373.594,38.4081,20.9111,0,0,0,0.0,0,0,0,-999,17,1340,0,0,1,1,0,0,0,0,0,1,1,1,1,1,1,1,1,0,0.17663038595561656,1,0.6931471805599453,0,0,-5.3229060687903,-1.3465410190695366
202209,14,21396447,10.5296,2.8197099999999997,25.3956,-2.80958,0.0375316,-14.866,47,5,4,676.6469999999999,1250.64,294.9,222.19099999999997,1,1,2,222.642,0,0,0,-999,23,1721,0,0,1,1,0,1,1,1,1,1,1,1,1,1,1,1,1,0,0.01530072368052038,7,2.0794415416798357,0,0,5.850282760442916,1.3850155624094245
202209,14,21727495,4.73345,2.88179,36.9334,1.90323,0.57696,-32.1999,48,2,0,64.0137,676.105,32.751999999999995,31.2617,0,0,0,0.0,0,0,0,-999,25,1835,0,0,1,1,0,1,0,0,0,1,1,1,1,1,1,1,1,0,0.06786585545072452,2,1.0986122886681096,0,0,-4.784284061393866,-1.2148618259833397
202209,14,21811679,104.105,-1.39947,115.48700000000001,-1.3244,0.382432,-11.3822,51,3,3,301.98,878.69,156.333,92.6532,0,1,1,20.0969,0,0,0,-999,21,1792,0,0,1,1,0,1,1,1,0,1,1,1,1,1,1,1,1,0,0.2557328322094894,4,1.6094379124341003,0,0,3.323930335152799,0.7673875333922024
202209,14,21945919,123.705,0.0409246,140.484,-0.045914800000000006,1.0,-16.7791,47,1,1,140.484,676.487,140.484,29.8914,0,0,0,0.0,0,0,0,-999,18,1659,0,0,1,1,0,1,1,1,0,1,1,1,1,1,1,1,1,0,0.4664786246790025,1,0.6931471805599453,0,0,-1.0577023553521918,-0.3038086842943514
202209,14,22021183,23.9538,-2.32654,0.0,0.0,0.0,23.9538,49,0,0,0.0,606.898,29.1953,28.7977,0,0,0,0.0,0,0,0,-999,23,1728,0,0,1,1,0,0,0,0,0,1,1,1,1,1,1,1,1,0,0.9599259431429281,0,0.0,0,0,-3.9718756201030225,-1.0162489090646734
202209,14,22066975,8.670069999999999,1.65343,0.0,0.0,0.0,8.670069999999999,2,0,0,0.0,7.488639999999999,3.92575,3.5628900000000003,0,0,0,0.0,0,0,0,-999,1,208,0,0,1,1,0,1,1,1,0,1,1,1,1,1,1,1,1,0,0.896588132247233,0,0.0,0,0,-4.456666967078931,-1.1347678936370456
202209,14,22109111,39.1517,-2.1725,69.9359,-1.77918,0.48929399999999995,-30.7841,50,4,0,142.93200000000002,711.346,40.8068,38.5298,0,0,0,0.0,0,0,0,-999,25,1864,0,0,1,1,0,0,0,0,0,1,1,1,1,1,1,1,1,0,0.2138459076367803,4,1.6094379124341003,0,0,-2.0471357763901223,-0.5456996443844693
202209,14,22049679,85.3506,0.0390897,111.91799999999999,0.575764,0.119652,-26.566999999999997,46,9,7,935.362,1351.01,345.51300000000003,133.635,0,1,1,31.0767,0,0,0,-999,19,1788,0,0,1,1,0,1,1,1,0,1,1,1,1,1,1,1,1,0,0.08353679890019954,10,2.3978952727983707,0,1,12.11557288080915,2.9167174538502034
202209,14,22151695,104.57700000000001,-1.76788,83.1896,-1.84896,0.35272800000000004,21.3876,42,2,2,235.84599999999998,526.4490000000001,159.517,76.3287,0,2,2,40.628,0,0,0,-999,16,1269,0,0,1,1,0,1,1,1,0,1,1,1,1,1,1,1,1,0,0.30629746677874664,4,1.6094379124341003,0,0,3.5482763355816913,0.8222343460046121
202209,14,22154431,187.207,-1.8046900000000001,184.736,-1.7105400000000002,1.0,2.4704,47,1,1,184.736,769.592,184.736,29.6644,0,0,0,0.0,0,0,0,-999,21,1671,0,0,1,1,0,1,1,1,0,1,1,1,1,1,1,1,1,0,0.50197215124027,1,0.6931471805599453,0,0,0.4475337522726869,0.06418273331285294
202209,14,22185735,55.5414,-1.11533,149.77700000000002,-1.48484,0.359433,-94.2353,51,7,2,416.70300000000003,917.059,141.556,94.3109,1,0,1,37.325,0,0,0,-999,25,1823,0,0,1,1,0,1,1,1,0,1,1,1,1,1,1,1,1,0,0.11736303694243397,8,2.1972245773362196,0,1,4.772559102353471,1.1215399158180446
202209,14,22150575,78.8611,-1.54459,243.899,0.796143,0.425371,-165.03799999999998,54,10,1,573.381,1170.97,245.46400000000003,41.3916,2,0,2,88.1737,0,0,0,-999,26,2156,0,0,1,1,0,1,1,1,0,1,1,1,1,1,1,1,1,0,0.12072262335816997,12,2.5649493574615367,0,1,8.017667091765148,1.9148851480131177
202209,14,20749519,26.8352,2.92055,39.356,1.54407,0.319064,-12.5208,50,3,1,123.348,814.883,60.4588,31.6253,0,0,0,0.0,0,0,0,-999,29,1995,0,0,1,1,0,0,0,0,0,1,1,1,1,1,1,1,1,0,0.17750120383746343,3,1.3862943611198906,0,0,-2.341009847947332,-0.6175442776898571
202209,14,20703527,36.4192,-2.2572799999999997,89.2174,-0.574034,0.32209899999999997,-52.7982,51,7,0,276.988,908.3960000000001,49.3956,47.5518,0,0,0,0.0,0,0,0,-999,28,2061,0,0,1,1,0,0,0,0,0,1,1,1,1,1,1,1,1,0,0.11583449742881205,7,2.0794415416798357,0,1,0.747804239806555,0.13759112540062204
202209,14,20760367,89.3244,-0.526321,70.5854,-0.523574,0.12229200000000001,18.739,46,5,2,577.187,963.1610000000001,258.85900000000004,212.657,0,0,0,0.0,0,0,0,-999,19,1644,0,0,1,1,0,1,1,1,0,1,1,1,1,1,1,1,1,0,0.13381704042807357,5,1.791759469228055,0,0,2.5977798886206958,0.5898624721331441
202209,14,20860911,50.3833,-1.9597900000000001,92.1326,-1.95396,0.9551280000000001,-41.7493,48,2,1,96.461,644.0790000000001,65.782,30.679000000000002,0,1,1,23.7759,0,0,0,-999,18,1671,0,0,1,1,0,0,0,0,0,1,1,1,1,1,1,1,1,0,0.3407862190155454,3,1.3862943611198906,0,0,-0.4183379038706997,-0.14750056115240945
202209,14,20903399,18.9686,-2.54276,17.5867,-1.3491600000000001,0.128443,1.38181,45,3,1,136.923,613.0930000000001,62.8499,43.7214,0,0,0,0.0,0,0,0,-999,22,1616,0,0,1,1,0,0,0,0,0,1,1,1,1,1,1,1,1,0,0.12090258496949484,3,1.3862943611198906,0,0,-2.6050191885110694,-0.6820877542935982
202209,14,21140290,34.8704,-1.29316,27.7275,-1.3009700000000002,0.289195,7.142919999999999,50,3,0,95.8781,693.0160000000001,33.0727,32.2581,0,0,0,0.0,0,0,0,-999,26,1697,0,0,1,1,0,0,0,0,0,1,1,1,1,1,1,1,1,0,0.26467398110794427,3,1.3862943611198906,0,0,-2.781437643134232,-0.7252175177107729
202209,14,21135722,43.74100000000001,-1.41361,0.0,0.0,0.0,43.74100000000001,38,0,0,0.0,281.58799999999997,23.533,16.3847,0,0,0,0.0,0,0,0,-999,13,1081,0,0,1,1,0,1,1,1,0,1,1,1,1,1,1,1,1,0,0.9776491361391118,0,0.0,0,0,-3.5428685295119644,-0.9113677368482751
202209,14,21261226,25.5983,0.523321,71.1179,2.22452,0.300618,-45.5195,45,4,1,236.572,672.475,121.59899999999999,39.9354,0,0,0,0.0,0,0,0,-999,25,1589,0,0,1,1,0,0,0,0,0,1,1,1,1,1,1,1,1,0,0.09726895474147348,4,1.6094379124341003,0,0,-1.5110593928659797,-0.4146427906991903
202209,14,21273498,60.0127,-0.124456,66.1299,-1.3880700000000001,0.20600000000000002,-6.11714,49,8,1,321.018,897.335,56.8672,49.9999,0,0,0,0.0,0,0,0,-999,21,2048,0,0,1,1,0,1,1,0,0,1,1,1,1,1,1,1,1,0,0.15708868423401576,8,2.1972245773362196,0,1,2.727323967630218,0.6215326593123197
202209,14,21291922,63.5347,0.427929,44.8891,-1.80854,0.132737,18.6456,51,7,2,338.18,1038.74,92.6304,67.63600000000001,0,0,0,0.0,0,0,0,-999,28,2351,0,0,1,1,0,1,1,1,0,1,1,1,1,1,1,1,1,0,0.15776603138648776,7,2.0794415416798357,0,1,3.141269597676616,0.7227316927672383
202209,14,20912679,57.2551,-1.05265,42.4212,-1.27321,0.097308,14.8339,43,4,3,435.94800000000004,867.8580000000001,224.109,102.986,1,2,3,47.7833,0,0,0,-999,22,1703,0,0,1,1,0,1,1,1,0,1,1,1,1,1,1,1,1,0,0.11585338092780072,7,2.0794415416798357,0,0,6.336523470234001,1.503888878820026
202209,14,21261634,79.9536,0.348144,142.237,-1.45211,0.166415,-62.2834,48,12,4,854.7139999999999,1430.83,248.705,214.83900000000003,0,0,0,0.0,0,0,0,-999,37,2378,0,0,1,1,0,1,1,1,0,1,1,1,1,1,1,1,1,0,0.08545085883063601,12,2.5649493574615367,0,1,9.207313683736539,2.2057230661400666
202209,14,21820794,40.0819,-1.16593,55.382,-0.622196,0.41332700000000006,-15.3001,38,3,1,133.991,526.423,65.5374,35.1413,0,0,0,0.0,0,0,0,-999,22,1474,0,0,1,1,0,0,0,0,0,1,1,1,1,1,1,1,1,0,0.2289440570185334,3,1.3862943611198906,0,0,-1.8847170898729733,-0.505992463301991
202209,14,21838170,2.33263,2.09039,0.0,0.0,0.0,2.33263,45,0,0,0.0,542.9630000000001,24.4329,24.0167,0,0,0,0.0,0,0,0,-999,24,1549,0,0,1,1,0,1,1,1,1,1,1,1,1,1,1,1,1,0,0.6999366866408813,0,0.0,0,0,-5.184223885893186,-1.3126368011048897
202209,14,21966074,23.8324,0.286771,0.0,0.0,0.0,23.8324,39,0,0,0.0,422.914,27.0325,24.083000000000002,0,0,0,0.0,0,0,0,-999,16,1436,0,0,1,1,0,1,1,1,0,1,1,1,1,1,1,1,1,0,0.9597300301219375,0,0.0,0,0,-3.9747770921859327,-1.0169582441779683
202209,14,22038170,41.6534,-1.81985,88.3076,-2.35561,0.454904,-46.6542,49,5,0,194.12400000000002,798.7869999999999,45.0598,43.2149,0,0,0,0.0,0,0,0,-999,18,1854,0,0,1,1,0,0,0,0,0,1,1,1,1,1,1,1,1,0,0.17591797190103445,5,1.791759469228055,0,0,-1.3397055533055329,-0.37275119507982674
202209,14,22034978,105.958,-1.45018,95.0695,-1.66652,0.760679,10.8881,42,2,1,124.98,504.65,83.7655,41.2144,0,0,0,0.0,0,0,0,-999,18,1384,0,0,1,1,0,1,1,0,0,1,1,1,1,1,1,1,1,0,0.45683760315256666,2,1.0986122886681096,0,0,-0.6587696875109333,-0.20627993300737138
202209,14,22075386,21.6562,-0.157809,31.875,0.56665,1.0,-10.2188,45,1,0,31.875,498.23900000000003,31.875,22.4247,0,0,0,0.0,0,0,0,-999,17,1491,0,0,1,1,0,1,1,1,0,1,1,1,1,1,1,1,1,0,0.39713411771609647,1,0.6931471805599453,0,0,-4.420522968958602,-1.1259316180262517
202209,14,22147082,45.6674,-2.3037,93.5541,-2.79,0.5585289999999999,-47.8867,46,3,1,167.50099999999998,811.265,103.014,32.7154,0,0,0,0.0,0,0,0,-999,28,1873,0,0,1,1,0,0,0,0,0,1,1,1,1,1,1,1,1,0,0.21323127034613887,3,1.3862943611198906,0,0,-1.6803252287027286,-0.45602392324478064
202209,14,22082050,174.65099999999998,-0.032007,178.095,-0.0477346,0.5077229999999999,-3.4442199999999996,49,2,2,350.773,869.039,264.433,86.3398,0,1,1,123.374,0,0,0,-999,19,1629,0,0,1,1,0,1,1,1,0,1,1,1,1,1,1,1,1,0,0.33176868835767365,3,1.3862943611198906,0,0,3.7630598848534302,0.8747433858654279
202209,14,22183546,25.1308,0.436808,27.4949,-0.532072,0.0659492,-2.36406,29,3,3,416.91,557.336,170.137,161.322,1,0,1,93.7703,0,0,0,-999,11,825,0,0,1,1,0,1,1,1,0,1,1,1,1,1,1,1,1,0,0.056723443980780094,4,1.6094379124341003,0,0,1.7205225788092913,0.37539567891147074
202209,14,22117882,129.148,0.000733492,183.96900000000002,0.370979,0.512289,-54.8201,51,6,3,359.111,1023.91,143.013,58.2035,0,0,0,0.0,0,0,0,-999,23,2035,0,0,1,1,0,1,1,1,0,1,1,1,1,1,1,1,1,0,0.2639665289754506,6,1.9459101490553132,0,1,5.052437484922549,1.1899629640278828
202209,14,22144330,71.4857,2.67572,49.7169,2.15825,0.137919,21.7688,44,3,2,360.48,833.203,195.957,126.126,1,0,1,19.2678,0,0,0,-999,23,1671,0,0,1,1,0,1,1,1,0,1,1,1,1,1,1,1,1,0,0.16510707430172872,4,1.6094379124341003,0,0,1.9430805296190137,0.4298053594947075
202209,14,22090242,76.3995,-1.3577,55.6314,-1.4095,0.223233,20.7681,51,2,2,249.208,918.819,152.128,97.0798,1,0,1,19.2813,0,0,0,-999,20,1885,0,0,1,1,0,1,1,1,0,1,1,1,1,1,1,1,1,0,0.2339183882795098,3,1.3862943611198906,0,0,1.1559596019736507,0.2373745876541613
202209,14,20739656,7.30727,-2.99017,14.4156,1.07538,0.11163,-7.10836,48,4,0,129.138,721.76,35.088,31.8763,0,0,0,0.0,0,0,0,-999,26,1799,0,0,1,1,0,0,0,0,0,1,1,1,1,1,1,1,1,0,0.05316494339892526,4,1.6094379124341003,0,0,-3.206591691953897,-0.8291567205601248
202209,14,20769280,11.2249,-0.742981,0.0,0.0,0.0,11.2249,42,0,0,0.0,419.485,27.1884,21.6434,0,0,0,0.0,0,0,0,-999,17,1347,0,0,1,1,0,1,0,0,0,1,1,1,1,1,1,1,1,0,0.9181997398751728,0,0.0,0,0,-4.34156246518599,-1.1066278107557024
202209,14,20734536,74.6568,1.35679,64.1634,1.1825299999999999,0.0949141,10.4934,40,2,2,676.015,1012.4,369.413,306.60200000000003,0,0,0,0.0,0,0,0,-999,16,1377,0,0,1,1,0,1,1,1,0,1,1,1,1,1,1,1,1,0,0.09932100685432127,2,1.0986122886681096,0,0,0.8077696567641874,0.1522511237104324
202209,14,20716328,10.2784,-1.1072899999999999,60.0307,-0.957675,0.992554,-49.7523,54,2,0,60.4811,711.9580000000001,30.4434,30.0377,0,0,0,0.0,0,0,0,-999,28,1887,0,0,1,1,0,1,1,0,0,1,1,1,1,1,1,1,1,0,0.14323399689239752,2,1.0986122886681096,0,0,-4.4620366474701525,-1.1360806420419327
202209,14,20862704,45.3356,0.0383082,0.0,0.0,0.0,45.3356,43,0,0,0.0,523.2090000000001,26.1247,25.6945,0,0,0,0.0,0,0,0,-999,21,1498,0,0,1,1,0,1,0,0,0,1,1,1,1,1,1,1,1,0,0.9784183219813707,0,0.0,0,0,-3.510332646246624,-0.9034135522886134
202209,14,20835536,83.2447,-0.674689,61.7355,-0.423313,0.261207,21.5092,48,4,2,236.347,822.02,105.161,67.6817,0,0,0,0.0,0,0,0,-999,26,1915,0,0,1,1,0,1,1,0,0,1,1,1,1,1,1,1,1,0,0.25965956074346275,4,1.6094379124341003,0,0,0.821075151473373,0.1555039741006109
202209,14,20744040,104.73,0.872948,146.216,1.10505,0.388665,-41.4864,52,9,2,376.20099999999996,964.747,65.5837,53.8552,1,0,1,13.3359,0,0,0,-999,31,2151,0,0,1,1,0,1,1,0,0,1,1,1,1,1,1,1,1,0,0.21731326683695384,10,2.3978952727983707,0,1,6.732325604974299,1.6006522954808615
202209,14,20903888,68.9241,-0.353662,48.2993,-0.389854,1.0,20.6249,48,1,0,48.2993,684.414,48.2993,27.7335,0,0,0,0.0,0,0,0,-999,32,1877,0,0,1,1,0,1,1,1,0,1,1,1,1,1,1,1,1,0,0.582998797192434,1,0.6931471805599453,0,0,-2.879974591549829,-0.7493072609413944
202209,14,21079123,16.3826,1.64966,0.0,0.0,0.0,16.3826,38,0,0,0.0,354.154,25.9889,23.3421,0,0,0,0.0,0,0,0,-999,19,1119,0,0,1,1,0,1,1,1,0,1,1,1,1,1,1,1,1,0,0.942471206839023,0,0.0,0,0,-4.169009910600845,-1.064443160220229
202209,14,20996835,58.6241,-2.19434,111.295,-1.99727,0.138924,-52.6705,48,5,2,801.1189999999999,1342.79,407.05300000000005,280.991,0,0,0,0.0,0,0,0,-999,29,1873,0,0,1,1,0,1,1,1,0,1,1,1,1,1,1,1,1,0,0.06810870746451526,5,1.791759469228055,0,0,2.7984811323786136,0.6389287513911827
202209,14,21114171,9.88676,-0.7847930000000001,42.7985,-2.5000299999999998,0.44099700000000003,-32.9117,50,3,0,97.0493,749.6039999999999,34.5588,31.3124,0,0,0,0.0,0,0,0,-999,33,2028,0,0,1,1,0,1,1,1,0,1,1,1,1,1,1,1,1,0,0.09159830366237197,3,1.3862943611198906,0,0,-3.783650392882624,-0.9702326941709403
202209,14,21105459,136.924,0.086119,76.7168,0.75441,0.317677,60.2068,45,3,1,241.493,704.077,153.471,48.0621,1,0,1,39.0289,0,0,0,-999,24,1507,0,0,1,1,0,1,1,1,0,1,1,1,1,1,1,1,1,0,0.36087998165606705,4,1.6094379124341003,0,0,2.521620370345012,0.5712434335965433
202209,14,21290163,45.4913,1.64385,108.645,2.3155099999999997,0.94006,-63.1539,48,3,0,115.573,631.113,45.0059,39.778,0,0,0,0.0,0,0,0,-999,22,1721,0,0,1,1,0,1,0,0,0,1,1,1,1,1,1,1,1,0,0.2806990805501273,3,1.3862943611198906,0,0,-2.4444639478923267,-0.6428361376865637
202209,14,21277659,112.92,0.531821,112.738,0.515215,0.49148100000000006,0.1821,46,2,2,229.38400000000001,592.244,171.02900000000002,58.3552,1,1,2,29.2015,0,0,0,-999,19,1433,0,0,1,1,0,1,1,1,1,1,1,1,1,1,1,1,1,0,0.32892130589797963,4,1.6094379124341003,0,0,3.7475748251754837,0.870957688037855
202209,14,21400059,45.1867,-1.2552299999999998,0.0,0.0,0.0,45.1867,47,0,0,0.0,467.18800000000005,25.0445,21.2945,0,0,0,0.0,0,0,0,-999,20,1421,0,0,1,1,0,0,0,0,0,1,1,1,1,1,1,1,1,0,0.9783487454180533,0,0.0,0,0,-3.5133638231155846,-0.9041545968778154
202209,14,21631315,37.3773,2.34348,50.4596,-2.93482,0.09012080000000001,-13.0822,53,15,1,559.91,1103.42,63.8394,42.1479,0,0,0,0.0,0,0,0,-999,37,2460,0,0,1,1,0,0,0,0,0,1,1,1,1,1,1,1,1,0,0.06247383155216566,15,2.772588722239781,0,1,6.042723255559322,1.432062301618106
202209,14,21567915,123.689,-2.14392,89.9588,-1.05334,0.468642,33.7301,45,3,2,191.956,649.341,98.1176,60.208999999999996,1,2,3,85.6848,0,0,0,-999,20,1552,0,0,1,1,0,1,1,1,0,1,1,1,1,1,1,1,1,0,0.39062356898103556,6,1.9459101490553132,0,0,6.137489226865107,1.4552301381754988
202209,14,21585251,98.3642,-0.5813659999999999,52.9312,-0.728129,0.205896,45.433,44,3,2,257.077,747.815,149.377,71.2479,0,0,0,0.0,0,0,0,-999,25,1689,0,0,1,1,0,1,1,0,0,1,1,1,1,1,1,1,1,0,0.27596192583797835,3,1.3862943611198906,0,0,0.6449865368049428,0.11245484804784084
202209,14,21566555,17.1747,2.65761,17.0701,-0.682906,0.019214099999999998,0.10458800000000001,46,9,5,888.4169999999999,1262.51,298.953,214.858,1,0,1,13.1783,0,0,0,-999,22,1708,0,0,1,1,0,0,1,1,0,1,1,1,1,1,1,1,1,0,0.018944250206570392,10,2.3978952727983707,0,1,8.938127083468075,2.13991388302795
202209,14,21780875,6.5022,-0.285692,101.5,-1.8863,1.0,-94.9978,37,1,1,101.5,446.11,101.5,23.0944,0,0,0,0.0,0,0,0,-999,19,1281,0,0,1,1,0,1,0,0,0,1,1,1,1,1,1,1,1,0,0.05965200702371145,1,0.6931471805599453,0,0,-4.702932903122916,-1.1949735653281046
202209,14,21654787,111.705,1.8420299999999998,185.05599999999998,1.82095,0.320604,-73.3505,51,13,3,577.21,1140.3,93.4692,56.06,0,0,0,0.0,0,0,0,-999,30,2395,0,0,1,1,0,1,1,1,0,1,1,1,1,1,1,1,1,0,0.16191124993658637,13,2.639057329615259,0,1,8.49956926251536,2.03269780349225
202209,14,21922003,19.5173,-1.7707,0.0,0.0,0.0,19.5173,34,0,0,0.0,266.95599999999996,16.5476,15.9468,0,0,0,0.0,0,0,0,-999,13,1012,0,0,1,1,0,0,0,0,0,1,1,1,1,1,1,1,1,0,0.9512606434569851,0,0.0,0,0,-4.082561538637892,-1.0433087622428385
202209,14,21981899,12.4913,0.72856,16.2593,3.04905,0.06104930000000001,-3.76795,43,4,3,266.33,690.799,110.26299999999999,65.0704,0,1,1,10.3528,0,0,0,-999,17,1524,0,0,1,1,0,0,0,0,0,1,1,1,1,1,1,1,1,0,0.044640275776004185,5,1.791759469228055,0,0,1.3344709169273319,0.2810160014602551
202209,14,21812435,64.0519,-1.43135,47.8762,-1.5906200000000001,0.08661,16.1757,46,2,2,552.779,1011.01,300.259,252.52,0,1,1,257.901,0,0,0,-999,19,1541,0,0,1,1,0,1,1,1,1,1,1,1,1,1,1,1,1,0,0.1036722184015076,3,1.3862943611198906,0,0,1.8544216253935963,0.408130543375067
202209,14,22102403,53.5824,-0.000716866,62.2256,-0.16899999999999998,0.384752,-8.6432,46,4,0,161.72899999999998,756.325,43.8045,42.9456,0,0,0,0.0,0,0,0,-999,24,1845,0,0,1,1,0,0,0,0,0,1,1,1,1,1,1,1,1,0,0.24770955206244333,4,1.6094379124341003,0,0,-1.5869288373679042,-0.4331909136773113
202209,14,21945787,129.57,1.86398,170.149,1.56769,0.296836,-40.5797,44,5,3,573.2090000000001,921.962,252.7,180.6,1,1,2,47.1913,0,0,0,-999,17,1471,0,0,1,1,0,1,1,1,0,1,1,1,1,1,1,1,1,0,0.18410609012204115,7,2.0794415416798357,0,0,7.427624963237175,1.7706350611163901
202209,14,22089539,29.5769,-0.156565,37.5945,1.95022,0.12384500000000001,-8.01759,47,4,2,303.56,771.584,121.596,108.40899999999999,0,0,0,0.0,0,0,0,-999,21,1620,0,0,1,1,0,1,1,1,0,1,1,1,1,1,1,1,1,0,0.08851731131760664,4,1.6094379124341003,0,0,-0.42735457581143554,-0.14970490495785144
202209,14,22068547,57.9556,-0.957159,109.831,-0.782659,0.375896,-51.8754,50,8,1,292.184,905.87,53.5425,39.5453,0,0,0,0.0,0,0,0,-999,29,2127,0,0,1,1,0,1,1,0,0,1,1,1,1,1,1,1,1,0,0.16505002568778912,8,2.1972245773362196,0,1,2.5862671245237925,0.5870478981542606
202209,14,22167323,12.7578,1.9574,0.0,0.0,0.0,12.7578,42,0,0,0.0,363.04,20.497,15.4883,0,0,0,0.0,0,0,0,-999,10,1255,0,0,1,1,0,1,1,0,0,1,1,1,1,1,1,1,1,0,0.9273139600808269,0,0.0,0,0,-4.2844055470200155,-1.0926544179866806
202209,14,22234699,10.9729,0.0421368,0.0,0.0,0.0,10.9729,36,0,0,0.0,324.03,21.7424,20.6903,0,0,0,0.0,0,0,0,-999,13,1089,0,0,1,1,0,1,1,1,0,1,1,1,1,1,1,1,1,0,0.916478046254458,0,0.0,0,0,-4.351648991462282,-1.1090937063612774
202209,14,22006891,41.3656,-1.16625,41.0026,-2.3165400000000003,0.058792599999999993,0.36301100000000003,50,5,3,697.4110000000001,1238.85,356.31300000000005,169.895,1,0,1,43.9123,0,0,0,-999,27,1862,0,0,1,1,0,1,1,1,0,1,1,1,1,1,1,1,1,0,0.055916340149174765,6,1.9459101490553132,0,0,4.327334845032738,1.0126940644764277
202209,14,20756101,25.7842,-1.78541,108.76700000000001,-1.98623,0.452279,-82.98299999999999,52,4,1,240.487,877.185,138.564,36.4881,0,0,0,0.0,0,0,0,-999,24,1927,0,0,1,1,0,0,0,0,0,1,1,1,1,1,1,1,1,0,0.0964720478674844,4,1.6094379124341003,0,0,-1.492795903009438,-0.4101778383314396
202209,14,20785965,34.3467,-1.5970799999999998,46.3716,-2.6230900000000004,0.30736199999999997,-12.0249,51,4,0,150.87,650.289,48.6957,36.6327,0,0,0,0.0,0,0,0,-999,22,1633,0,0,1,1,0,0,0,0,0,1,1,1,1,1,1,1,1,0,0.18444478932340655,4,1.6094379124341003,0,0,-2.193974339694352,-0.581597887056173
202209,14,20783981,12.4754,-0.18951300000000001,0.0,0.0,0.0,12.4754,39,0,0,0.0,398.26300000000003,20.9575,19.1557,0,0,0,0.0,0,0,0,-999,22,1423,0,0,1,1,0,1,0,0,0,1,1,1,1,1,1,1,1,0,0.9257907000905353,0,0.0,0,0,-4.294453830261912,-1.0951109641563967
202209,14,20794517,101.09,1.7577200000000002,125.25399999999999,1.78678,0.63543,-24.164,43,2,1,197.11700000000002,695.7260000000001,157.605,39.5123,1,1,2,244.791,0,0,0,-999,25,1612,0,0,1,1,0,1,1,0,0,1,1,1,1,1,1,1,1,0,0.3378597425862363,4,1.6094379124341003,0,0,2.668584245377056,0.6071723117546851
202209,14,20901037,9.74598,-1.04522,0.0,0.0,0.0,9.74598,39,0,0,0.0,291.705,22.877,17.211,0,0,0,0.0,0,0,0,-999,15,1061,0,0,1,1,0,1,1,1,0,1,1,1,1,1,1,1,1,0,0.906941944801684,0,0.0,0,0,-4.404322564845144,-1.121971036928494
202209,14,20803765,29.715999999999998,0.675137,56.1365,0.7086060000000001,0.202223,-26.4205,46,3,2,277.597,726.247,154.393,92.3049,1,0,1,139.75799999999998,0,0,0,-999,24,1547,0,0,1,1,0,1,1,1,0,1,1,1,1,1,1,1,1,0,0.09638257225611635,4,1.6094379124341003,0,0,0.5763600191324092,0.09567743392932763
202209,14,20943037,28.4098,0.5080020000000001,0.0,0.0,0.0,28.4098,43,0,0,0.0,462.23900000000003,26.8088,24.5064,0,0,0,0.0,0,0,0,-999,18,1395,0,0,1,1,0,1,1,1,0,1,1,1,1,1,1,1,1,0,0.9659977286482737,0,0.0,0,0,-3.868835419608576,-0.991058236811725
202209,14,20981312,92.5755,-2.5601,121.257,-2.7764599999999997,0.371641,-28.6812,42,3,2,326.274,639.317,199.298,96.6254,0,0,0,0.0,0,0,0,-999,18,1247,0,0,1,1,0,1,1,1,0,1,1,1,1,1,1,1,1,0,0.22049686852074374,3,1.3862943611198906,0,0,0.6682914078360553,0.11815228812680911
202209,14,21016168,67.6897,-0.47001400000000004,120.34700000000001,-0.391287,0.168683,-52.6572,50,6,5,713.451,1202.2,218.81900000000002,193.44099999999997,0,0,0,0.0,0,0,0,-999,20,1737,0,0,1,1,0,1,1,1,0,1,1,1,1,1,1,1,1,0,0.08654414736376716,6,1.9459101490553132,0,1,6.381504874331565,1.5148856723303439
202209,14,21250096,122.12100000000001,2.5455799999999997,136.06799999999998,2.47799,0.974512,-13.947000000000001,41,2,1,139.627,544.595,92.6472,46.9795,0,0,0,0.0,0,0,0,-999,19,1390,0,0,1,1,0,1,1,1,0,1,1,1,1,1,1,1,1,0,0.4647837471645835,2,1.0986122886681096,0,0,-0.2641334036005072,-0.10980153681437493
202209,14,21341600,0.409369,1.72839,25.9632,-2.9175400000000002,0.259452,-25.5538,49,3,0,100.069,714.857,37.0652,32.0106,0,0,0,0.0,0,0,0,-999,22,1890,0,0,1,1,0,1,0,0,0,1,1,1,1,1,1,1,1,0,0.004034051828326094,3,1.3862943611198906,0,0,-4.220216033731177,-1.0769617370371463
202209,14,21364032,59.641000000000005,-1.53989,88.8864,-1.58955,0.0853448,-29.2454,40,5,4,1041.5,1361.41,468.91,395.566,0,0,0,0.0,0,0,0,-999,14,1371,0,0,1,1,0,1,1,1,0,1,1,1,1,1,1,1,1,0,0.054113765843027344,5,1.791759469228055,0,0,5.313220471119664,1.2537176801766614
202209,14,21259064,15.2258,1.04615,63.2261,1.22504,0.27721399999999996,-48.0003,43,3,2,228.077,620.759,107.204,82.5044,0,1,1,66.0232,0,0,0,-999,17,1427,0,0,1,1,0,0,0,0,0,1,1,1,1,1,1,1,1,0,0.062323477258549635,4,1.6094379124341003,0,0,-0.02063304573560193,-0.05027197768098556
202209,14,21428104,164.919,-1.0061,149.994,-1.05843,0.8634620000000001,14.9248,46,2,1,173.713,740.314,135.944,37.7692,0,0,0,0.0,0,0,0,-999,28,1813,0,0,1,1,0,1,1,1,0,1,1,1,1,1,1,1,1,0,0.4855814528666321,2,1.0986122886681096,0,0,0.7594220256967361,0.14043137450010096
202209,14,21445952,244.30200000000002,-0.176374,258.69,-0.053310199999999995,0.753839,-14.3874,50,4,2,343.163,971.069,207.521,55.1453,0,0,0,0.0,0,0,0,-999,24,1926,0,0,1,1,0,1,1,1,0,1,1,1,1,1,1,1,1,0,0.415151283423823,4,1.6094379124341003,0,0,4.817239537387964,1.1324631301525676
202209,14,21593280,11.4343,-2.24874,0.0,0.0,0.0,11.4343,45,0,0,0.0,505.77,28.5448,27.5146,0,0,0,0.0,0,0,0,-999,19,1494,0,0,1,1,0,1,1,1,0,1,1,1,1,1,1,1,1,0,0.9195772982797584,0,0.0,0,0,-4.333345092602283,-1.1046188750340789
202209,14,21717248,39.1311,-1.88137,95.9113,-2.28577,0.26555700000000004,-56.7802,49,10,1,361.17,843.0089999999999,58.2121,36.3784,0,0,0,0.0,0,0,0,-999,21,2037,0,0,1,1,0,0,0,0,0,1,1,1,1,1,1,1,1,0,0.09751057248534829,10,2.3978952727983707,0,1,3.2234149521235986,0.7428141139101178
202209,14,21666536,69.2411,0.38998299999999997,91.5214,3.1299099999999997,1.0,-22.2804,45,1,1,91.5214,598.646,91.5214,23.748,0,1,1,57.0827,0,0,0,-999,20,1529,0,0,1,1,0,1,1,1,0,1,1,1,1,1,1,1,1,0,0.4280417278417433,2,1.0986122886681096,0,0,-0.49835986389383813,-0.16706386710783658
202209,14,21714424,44.5121,-2.9323200000000003,0.0,0.0,0.0,44.5121,40,0,0,0.0,422.199,20.8386,20.3421,0,0,0,0.0,0,0,0,-999,18,1422,0,0,1,1,0,1,1,1,0,1,1,1,1,1,1,1,1,0,0.9780278211728309,0,0.0,0,0,-3.5271143694349893,-0.9075162509115707
202209,14,21698208,45.7322,1.23405,167.333,-2.25585,0.426058,-121.601,50,8,2,392.74699999999996,856.442,106.059,61.5673,0,0,0,0.0,0,0,0,-999,23,1805,0,0,1,1,0,1,1,1,0,1,1,1,1,1,1,1,1,0,0.10405998736686516,8,2.1972245773362196,0,1,3.3497068813689976,0.7736892343247451
202209,14,21418200,69.7687,0.615957,33.3468,0.143809,0.101515,36.4219,51,4,3,328.491,906.7819999999999,146.69799999999998,89.9366,1,1,2,28.1672,0,0,0,-999,26,1828,0,0,1,1,0,1,1,1,1,1,1,1,1,1,1,1,1,0,0.17474515960413736,6,1.9459101490553132,0,0,4.700890489322084,1.1040187878210708
202209,14,21854384,66.4635,0.7950189999999999,63.3083,0.6988,0.151077,3.15524,49,7,3,419.048,968.315,98.2149,97.2788,1,1,2,25.3932,0,0,0,-999,17,1726,0,0,1,1,0,1,1,0,0,1,1,1,1,1,1,1,1,0,0.1366123925128183,9,2.302585092994046,0,1,7.336486478622338,1.748354051524542
202209,14,21836072,50.0121,-2.65535,113.70100000000001,-2.64436,0.53733,-63.68899999999999,55,5,1,211.604,937.372,57.4844,42.4211,0,0,0,0.0,0,0,0,-999,27,2167,0,0,1,1,0,1,0,0,0,1,1,1,1,1,1,1,1,0,0.19043805768191666,5,1.791759469228055,0,0,-0.3188792160803279,-0.12318547641059938
202209,14,22017912,11.817,2.57742,160.61,-0.527321,1.0,-148.793,36,1,1,160.61,533.877,160.61,28.3136,0,0,0,0.0,0,0,0,-999,13,1242,0,0,1,1,0,0,1,0,1,1,1,1,1,1,1,1,1,0,0.06813817917625282,1,0.6931471805599453,0,0,-4.316344422458921,-1.1004626495259096
202209,14,22040968,46.6725,-0.813294,38.8471,0.0539602,0.0943831,7.82539,54,10,2,411.59,1029.04,86.0225,63.2361,0,0,0,0.0,0,0,0,-999,24,2180,0,0,1,1,0,1,1,0,0,1,1,1,1,1,1,1,1,0,0.10162488772760676,10,2.3978952727983707,0,1,4.341430090338311,1.0161399885246516
202209,14,22237304,22.7706,-1.3725100000000001,0.0,0.0,0.0,22.7706,39,0,0,0.0,350.565,21.0665,16.7638,0,0,0,0.0,0,0,0,-999,19,1223,0,0,1,1,0,1,1,1,0,1,1,1,1,1,1,1,1,0,0.9579312259682128,0,0.0,0,0,-4.000417786970192,-1.023226732938168
202209,14,22063904,79.6049,3.10901,100.652,2.83402,0.152668,-21.0469,45,5,5,659.2869999999999,1025.47,271.47,127.876,0,1,1,33.1676,0,0,0,-999,18,1621,0,0,1,1,0,1,1,1,0,1,1,1,1,1,1,1,1,0,0.10758990603897678,6,1.9459101490553132,0,0,6.524703174031259,1.5498939644105683
202209,14,20669110,31.8875,0.39116,31.5429,0.508891,1.0,0.34460799999999997,43,1,0,31.5429,478.63199999999995,31.5429,29.5724,0,0,0,0.0,0,0,0,-999,20,1394,0,0,1,1,0,0,0,0,0,1,1,1,1,1,1,1,1,0,0.4949138915791304,1,0.6931471805599453,0,0,-3.9263157731140037,-1.005110701181851
202209,14,20737790,18.2461,0.35423899999999997,0.0,0.0,0.0,18.2461,44,0,0,0.0,436.56,22.7214,20.7981,0,0,0,0.0,0,0,0,-999,17,1453,0,0,1,1,0,0,0,0,0,1,1,1,1,1,1,1,1,0,0.9480414213788767,0,0.0,0,0,-4.11655205127421,-1.0516185661778312
202209,14,20809350,8.44455,-2.36417,33.5541,2.8603400000000003,1.0,-25.1095,44,1,0,33.5541,511.88300000000004,33.5541,28.1159,0,0,0,0.0,0,0,0,-999,15,1549,0,0,1,1,0,0,0,0,0,1,1,1,1,1,1,1,1,0,0.19639104948643737,1,0.6931471805599453,0,0,-5.2833557133775635,-1.336871976929585
202209,14,20799790,23.6388,2.49092,0.0,0.0,0.0,23.6388,40,0,0,0.0,333.361,18.0835,16.872,0,0,0,0.0,0,0,0,-999,20,1259,0,0,1,1,0,1,0,0,0,1,1,1,1,1,1,1,1,0,0.9594136078055749,0,0.0,0,0,-3.979416494721679,-1.0180924584765303
202209,14,20709566,47.1693,-0.074536,48.217,0.103979,0.23957399999999998,-1.0477,52,6,0,201.262,824.617,35.8597,34.8131,0,0,0,0.0,0,0,0,-999,25,2076,0,0,1,1,0,1,0,0,0,1,1,1,1,1,1,1,1,0,0.18910738147137107,6,1.9459101490553132,0,1,0.3536570558350216,0.041232301531829774
202209,14,20841022,40.7239,0.815865,169.585,0.25649099999999997,0.539787,-128.861,44,3,2,314.17,873.24,171.321,102.272,1,1,2,156.814,0,0,0,-999,24,1822,0,0,1,1,0,1,1,0,0,1,1,1,1,1,1,1,1,0,0.11442708065521774,5,1.791759469228055,0,0,2.6442825342692817,0.6012311699792984
202209,14,20838014,75.8808,-0.47666800000000004,43.5387,-2.28864,0.19003399999999998,32.3421,47,4,2,229.11,743.96,83.8671,76.2852,0,0,0,0.0,0,0,0,-999,23,1808,0,0,1,1,0,1,1,1,0,1,1,1,1,1,1,1,1,0,0.24798392631412441,4,1.6094379124341003,0,0,0.6139067470881565,0.10485664081717544
202209,14,20971825,20.8386,2.11769,0.0,0.0,0.0,20.8386,30,0,0,0.0,234.968,16.188,15.5355,0,0,0,0.0,0,0,0,-999,8,903,0,0,1,1,0,1,1,1,0,1,1,1,1,1,1,1,1,0,0.9542095189252058,0,0.0,0,0,-4.048458906505264,-1.0349715479818646
202209,14,21045001,10.7237,2.68126,0.0,0.0,0.0,10.7237,2,0,0,0.0,13.9795,10.8218,3.15761,0,0,0,0.0,0,0,0,-999,1,200,0,0,1,1,0,1,1,1,0,1,1,1,1,1,1,1,1,0,0.9147026962477716,0,0.0,0,0,-4.361848370820385,-1.111587191635574
202209,14,20876126,84.8998,-0.122978,83.4617,2.91361,0.438975,1.43813,43,2,2,190.128,553.731,132.696,57.4326,1,0,1,33.1091,0,0,0,-999,18,1322,0,0,1,1,0,1,1,1,0,1,1,1,1,1,1,1,1,0,0.30757699043357234,3,1.3862943611198906,0,0,1.284635527625622,0.26883253372170857
202209,14,21104625,370.145,-2.93319,374.838,-2.9245099999999997,1.0,-4.69305,37,1,1,374.838,696.123,374.838,17.7426,0,0,0,0.0,0,0,0,-999,17,1251,0,0,1,1,0,1,1,1,0,1,1,1,1,1,1,1,1,0,0.4961842293993295,1,0.6931471805599453,1,0,5.725263298945818,1.3544515275502027
202209,14,21182369,25.285,-2.79579,89.0968,-2.5436,0.9924649999999999,-63.8118,45,2,0,89.7733,491.121,46.9364,42.8368,0,0,0,0.0,0,0,0,-999,15,1399,0,0,1,1,0,0,0,0,0,1,1,1,1,1,1,1,1,0,0.21786464216691093,2,1.0986122886681096,0,0,-3.8188223024725434,-0.9788313192001856
202209,14,21227017,48.8529,0.045143,51.5481,0.40792,1.0,-2.69524,41,1,1,51.5481,438.62199999999996,51.5481,25.3671,0,0,0,0.0,0,0,0,-999,21,1367,0,0,1,1,0,0,0,0,0,1,1,1,1,1,1,1,1,0,0.4817792723937634,1,0.6931471805599453,0,0,-2.817067924922162,-0.7339282029238546
202209,14,21104449,115.414,-1.4653,60.5485,-1.49375,0.181729,54.8659,53,5,2,333.18,921.445,171.87400000000002,62.6807,0,0,0,0.0,0,0,0,-999,23,1880,0,0,1,1,0,1,1,0,0,1,1,1,1,1,1,1,1,0,0.2567071624621325,5,1.791759469228055,0,0,2.398331205957902,0.5411024117670784
202209,14,21261641,38.9542,0.399552,0.0,0.0,0.0,38.9542,45,0,0,0.0,421.599,21.1155,20.648000000000003,0,0,0,0.0,0,0,0,-999,18,1425,0,0,1,1,0,0,0,0,0,1,1,1,1,1,1,1,1,0,0.9749713421868039,0,0.0,0,0,-3.6416770301421697,-0.9355238675937203
202209,14,21265801,16.5211,3.13782,0.0,0.0,0.0,16.5211,37,0,0,0.0,324.164,21.5029,21.0943,0,0,0,0.0,0,0,0,-999,18,1176,0,0,1,1,0,0,0,0,0,1,1,1,1,1,1,1,1,0,0.9429259578451125,0,0.0,0,0,-4.164985157561274,-1.063459211875482
202209,14,21150449,94.2761,1.77932,73.0226,1.42141,0.11492000000000001,21.2535,49,4,3,635.42,1113.01,295.66,218.609,0,0,0,0.0,0,0,0,-999,18,1630,0,0,1,1,0,1,1,1,0,1,1,1,1,1,1,1,1,0,0.12902231173808099,4,1.6094379124341003,0,0,3.1213470566321004,0.7178611451606723
202209,14,21163225,80.0336,0.5660029999999999,49.7183,0.442738,0.125972,30.3153,51,3,2,394.676,1019.93,222.02200000000002,134.953,0,0,0,0.0,0,0,0,-999,20,1867,0,0,1,1,0,1,1,1,0,1,1,1,1,1,1,1,1,0,0.1682404559420285,3,1.3862943611198906,0,0,0.5702925315525053,0.0941940896589287
202209,14,21274993,10.7499,-2.3681900000000002,0.0,0.0,0.0,10.7499,36,0,0,0.0,365.125,24.723000000000003,20.6996,0,0,0,0.0,0,0,0,-999,17,1280,0,0,1,1,0,1,0,0,0,1,1,1,1,1,1,1,1,0,0.9148928927054698,0,0.0,0,0,-4.36076509736975,-1.1113223592077999
202209,14,21198569,62.5894,-1.05577,95.0645,-0.761368,0.19183599999999998,-32.4752,43,5,4,495.55,901.623,182.792,154.239,2,1,3,213.44400000000002,0,0,0,-999,16,1467,0,0,1,1,0,1,1,1,1,1,1,1,1,1,1,1,1,0,0.11193881168095111,8,2.1972245773362196,0,0,7.899576394870685,1.886015017449358
202209,14,21377985,19.3487,0.144814,0.0,0.0,0.0,19.3487,41,0,0,0.0,400.976,18.6627,18.3604,0,0,0,0.0,0,0,0,-999,22,1372,0,0,1,1,0,1,1,1,0,1,1,1,1,1,1,1,1,0,0.9508568114916433,0,0.0,0,0,-4.0869982269644645,-1.044393418144
202209,14,21353265,64.5011,-0.25451799999999997,32.3407,0.569195,0.195855,32.1604,50,3,1,165.12599999999998,742.341,85.3765,48.2922,0,0,0,0.0,0,0,0,-999,20,1762,0,0,1,1,0,1,1,1,0,1,1,1,1,1,1,1,1,0,0.2796770197431265,3,1.3862943611198906,0,0,-1.1292288931199184,-0.32129507855260053
202209,14,21414505,64.0272,0.998182,59.7439,1.48264,0.12009,4.28329,40,3,3,497.494,899.158,238.054,203.618,0,1,1,215.86700000000002,0,0,0,-999,16,1348,0,0,1,1,0,1,1,1,1,1,1,1,1,1,1,1,1,0,0.11382184351451997,4,1.6094379124341003,0,0,2.9868664100604496,0.6849840944960279
202209,14,21199753,224.55,1.3463399999999999,280.592,1.43533,0.604114,-56.0424,40,2,2,464.469,808.4760000000001,352.01300000000003,112.45700000000001,0,1,1,19.417,0,0,0,-999,10,1272,0,0,1,1,0,1,1,1,1,1,1,1,1,1,1,1,1,0,0.3254258216078108,3,1.3862943611198906,0,0,5.187009072324707,1.222862247380786
202209,14,21612001,86.3696,-1.6469,119.29899999999999,-1.27365,0.180739,-32.9294,54,16,2,660.064,1262.93,62.3594,50.548,0,0,0,0.0,0,0,0,-999,36,2633,0,0,1,1,0,0,0,0,0,1,1,1,1,1,1,1,1,0,0.11555488005891093,16,2.833213344056216,0,1,8.71409456112086,2.0851437077238537
202209,14,21521993,6.6905399999999995,-3.09539,35.9525,-0.41808900000000004,0.0862557,-29.261999999999997,49,6,3,416.81300000000005,966.697,119.287,100.72200000000001,1,1,2,126.34100000000001,0,0,0,-999,23,1857,0,0,1,1,0,1,1,1,0,1,1,1,1,1,1,1,1,0,0.015760857965990104,8,2.1972245773362196,0,1,5.367081327103309,1.2668852707271123
202209,14,21757849,88.3811,-1.20812,103.214,-1.4417799999999998,0.220235,-14.8326,45,3,2,468.651,929.5110000000001,256.121,180.452,0,0,0,0.0,0,0,0,-999,19,1590,0,0,1,1,0,1,1,1,0,1,1,1,1,1,1,1,1,0,0.15837995699530547,3,1.3862943611198906,0,0,1.0228895614555362,0.2048423937988219
202209,14,21845769,81.8468,0.386326,184.571,1.03204,0.980931,-102.72399999999999,47,2,1,188.15900000000002,803.0160000000001,156.84799999999998,31.3103,0,0,0,0.0,0,0,0,-999,22,1703,0,0,1,1,0,1,1,1,0,1,1,1,1,1,1,1,1,0,0.30201124846774496,2,1.0986122886681096,0,0,-1.3155041863862937,-0.36683458487128234
202209,14,21839193,25.497,2.19789,45.1041,3.08162,1.0,-19.6071,45,1,0,45.1041,548.894,45.1041,26.9801,0,0,0,0.0,0,0,0,-999,24,1619,0,0,1,1,0,1,1,1,0,1,1,1,1,1,1,1,1,0,0.3560978811778031,1,0.6931471805599453,0,0,-4.41653773666678,-1.1249573314853345
202209,14,21833921,85.4939,1.51332,57.667,1.5734299999999999,0.120019,27.826999999999998,48,3,3,480.48199999999997,1004.97,264.663,133.80200000000002,0,1,1,73.7915,0,0,0,-999,28,1717,0,0,1,1,0,1,1,1,1,1,1,1,1,1,1,1,1,0,0.15078930162640072,4,1.6094379124341003,0,0,3.4323232166102238,0.7938867981281423
202209,14,21945393,41.8946,-1.31395,37.9355,-1.2801,1.0,3.9591,44,1,0,37.9355,483.981,37.9355,23.3765,0,0,0,0.0,0,0,0,-999,22,1465,0,0,1,1,0,1,1,1,0,1,1,1,1,1,1,1,1,0,0.5183044435179469,1,0.6931471805599453,0,0,-3.6366663836823974,-0.9342988937278132
202209,14,22018665,9.847339999999999,-1.34155,0.0,0.0,0.0,9.847339999999999,43,0,0,0.0,477.606,25.4109,25.3363,1,0,1,14.7458,0,0,0,-999,18,1460,0,0,1,1,0,1,0,0,0,1,1,1,1,1,1,1,1,0,0.9078115003309567,1,0.6931471805599453,0,0,-2.114971790920744,-0.5622838008669602
202209,14,21978657,77.7074,0.694646,93.4991,0.579136,0.169211,-15.7916,43,4,3,552.56,948.96,321.075,108.652,0,2,2,51.6436,0,0,0,-999,17,1499,0,0,1,1,0,1,1,1,0,1,1,1,1,1,1,1,1,0,0.12309743858149497,6,1.9459101490553132,0,0,5.676430077740594,1.3425130640715448
202209,14,21974649,20.1384,-1.51904,32.4738,-0.639018,1.0,-12.3354,48,1,0,32.4738,579.512,32.4738,24.0923,0,0,0,0.0,0,0,0,-999,25,1741,0,0,1,1,0,1,0,0,0,1,1,1,1,1,1,1,1,0,0.3756309198279496,1,0.6931471805599453,0,0,-4.513046647171202,-1.148551271737198
202209,14,21934929,78.845,0.250396,53.4773,0.36741,0.0921669,25.3677,48,6,4,580.2230000000001,1103.95,217.808,162.733,1,0,1,18.5907,0,0,0,-999,30,1939,0,0,1,1,0,1,1,1,0,1,1,1,1,1,1,1,1,0,0.11944981426156091,7,2.0794415416798357,0,1,6.949400857390533,1.6537215976716901
202209,14,21992265,88.9419,2.6076799999999998,100.699,2.43597,0.266879,-11.7575,46,2,2,377.32199999999995,882.802,234.77,142.55200000000002,0,0,0,0.0,0,0,0,-999,23,1657,0,0,1,1,0,1,1,1,0,1,1,1,1,1,1,1,1,0,0.19034618338801695,2,1.0986122886681096,0,0,0.04619391054602892,-0.0339345099230167
202209,14,22076281,73.2013,-0.0823767,73.6155,0.046488699999999994,0.20670300000000003,-0.414207,53,7,3,356.14099999999996,1050.71,86.2188,80.6688,0,0,0,0.0,0,0,0,-999,26,2198,0,0,1,1,0,1,1,1,0,1,1,1,1,1,1,1,1,0,0.17010017374541153,7,2.0794415416798357,0,1,4.182191872333414,0.9772103499888541
202209,14,22123945,45.8605,1.01871,11.1836,0.871685,0.0571455,34.6769,48,4,1,195.704,699.821,69.6498,48.4995,1,0,1,74.0829,0,0,0,-999,20,1758,0,0,1,1,0,1,1,0,0,1,1,1,1,1,1,1,1,0,0.18906517647883347,5,1.791759469228055,0,0,0.6193732480265597,0.10619305934944694
202209,14,22200481,38.6236,2.39345,0.0,0.0,0.0,38.6236,43,0,0,0.0,498.097,25.2421,21.0832,0,0,0,0.0,0,0,0,-999,22,1569,0,0,1,1,0,0,0,0,0,1,1,1,1,1,1,1,1,0,0.9747625152686783,0,0.0,0,0,-3.6485750428752666,-0.9372102538499802
202209,14,21978881,115.26100000000001,-1.4667299999999999,73.994,-1.3090600000000001,0.133956,41.2671,49,7,5,552.377,1135.85,181.55200000000002,119.73200000000001,0,1,1,41.7031,0,0,0,-999,26,1998,0,0,1,1,0,1,1,1,1,1,1,1,1,1,1,1,1,0,0.17238176711464204,8,2.1972245773362196,0,1,8.89155808868236,2.1285289645285004
202209,14,22090009,61.6267,-0.0102913,108.741,-1.01395,0.25967399999999996,-47.1147,50,6,2,418.76199999999994,1026.2,217.87599999999998,59.519,0,0,0,0.0,0,0,0,-999,26,1867,0,0,1,1,0,1,1,0,0,1,1,1,1,1,1,1,1,0,0.12801858456586124,6,1.9459101490553132,0,1,2.8764847265294895,0.657998618931984
202209,14,20831112,91.0897,-0.352082,54.3991,-0.066821,0.131149,36.6906,45,4,3,414.788,925.346,221.59099999999998,110.29299999999999,0,0,0,0.0,0,0,0,-999,18,1655,0,0,1,1,0,1,1,1,0,1,1,1,1,1,1,1,1,0,0.17970745211320205,4,1.6094379124341003,0,0,2.247822796984279,0.5043069864517754
202209,14,20754352,97.4078,-0.522576,69.2712,-0.134464,0.187004,28.1366,51,6,2,370.426,1002.77,124.803,97.5339,0,0,0,0.0,0,0,0,-999,32,2142,0,0,1,1,0,1,1,1,0,1,1,1,1,1,1,1,1,0,0.20776616361704295,6,1.9459101490553132,0,1,3.587173260790074,0.831743641307513
202209,14,20953520,55.8682,-0.8573799999999999,65.7751,-0.591434,0.809371,-9.90686,48,2,1,81.2668,698.956,50.9964,30.2705,0,0,0,0.0,0,0,0,-999,26,1882,0,0,1,1,0,0,0,0,0,1,1,1,1,1,1,1,1,0,0.40444637492308255,2,1.0986122886681096,0,0,-1.9601877049653735,-0.524443082772821
202209,14,21008107,43.6461,-0.6126510000000001,34.2255,1.17955,0.475483,9.42057,50,2,0,71.9806,660.084,39.9114,32.0692,0,0,0,0.0,0,0,0,-999,23,1816,0,0,1,1,0,0,0,0,0,1,1,1,1,1,1,1,1,0,0.3742376316915423,2,1.0986122886681096,0,0,-3.0665449898500636,-0.7949189128319256
202209,14,21175083,19.3229,-0.5216890000000001,30.1374,-1.68715,1.0,-10.8145,48,1,0,30.1374,606.627,30.1374,28.7311,0,0,0,0.0,0,0,0,-999,23,1685,0,0,1,1,0,1,0,0,0,1,1,1,1,1,1,1,1,0,0.3829327213670945,1,0.6931471805599453,0,0,-4.516176872597086,-1.1493165311447195
202209,14,21143675,81.1577,-0.104774,68.9602,-0.294684,0.12984600000000002,12.1975,53,10,5,531.091,1140.89,120.166,58.1339,0,0,0,0.0,0,0,0,-999,20,2203,0,0,1,1,0,1,1,0,0,1,1,1,1,1,1,1,1,0,0.13234059852063282,10,2.3978952727983707,0,1,7.836969382133942,1.8707092170819328
202209,14,21172379,57.96,0.469318,67.4687,0.625529,0.200818,-9.50869,52,3,2,335.97,1013.07,184.137,119.336,0,1,1,12.4769,0,0,0,-999,26,1964,0,0,1,1,0,1,1,1,0,1,1,1,1,1,1,1,1,0,0.1467601853493024,4,1.6094379124341003,0,0,1.5228260951751258,0.32706398602955494
202209,14,21336083,32.3913,0.224915,0.0,0.0,0.0,32.3913,46,0,0,0.0,600.743,29.7307,24.2925,0,0,0,0.0,0,0,0,-999,25,1763,0,0,1,1,0,1,0,0,0,1,1,1,1,1,1,1,1,0,0.9700520794338645,0,0.0,0,0,-3.7810038288889145,-0.9695856775129557
202209,14,21371435,18.8233,-0.279425,0.0,0.0,0.0,18.8233,41,0,0,0.0,412.603,23.4063,17.7841,0,0,0,0.0,0,0,0,-999,20,1456,0,0,1,1,0,1,0,0,0,1,1,1,1,1,1,1,1,0,0.9495543123496087,0,0.0,0,0,-4.100960209844397,-1.0478067629651662
202209,14,21287171,116.795,-1.7037099999999998,140.297,-2.0047900000000003,0.62389,-23.5026,47,2,2,224.875,635.235,173.433,51.4421,0,1,1,45.9396,0,0,0,-999,23,1480,0,0,1,1,0,1,1,1,1,1,1,1,1,1,1,1,1,0,0.34083812414276127,3,1.3862943611198906,0,0,2.1434049492846445,0.478779514978139
202209,14,21438291,23.3235,0.143492,0.0,0.0,0.0,23.3235,37,0,0,0.0,305.152,17.1115,15.6359,0,0,0,0.0,0,0,0,-999,17,1172,0,0,1,1,0,1,0,0,0,1,1,1,1,1,1,1,1,0,0.9588874956317964,0,0.0,0,0,-3.987005616720242,-1.0199478031287734
202209,14,21445043,32.5443,-1.02067,0.0,0.0,0.0,32.5443,45,0,0,0.0,580.127,29.8043,23.5109,0,0,0,0.0,0,0,0,-999,26,1600,0,0,1,1,0,0,0,0,0,1,1,1,1,1,1,1,1,0,0.9701886758704161,0,0.0,0,0,-3.7776880020155326,-0.9687750433370313
202209,14,21384371,66.0445,-1.03813,38.7126,-1.53173,0.266063,27.331999999999997,43,2,2,145.501,657.569,91.9982,53.5033,0,0,0,0.0,0,0,0,-999,27,1614,0,0,1,1,0,1,1,0,0,1,1,1,1,1,1,1,1,0,0.3107311140438165,2,1.0986122886681096,0,0,-1.0339264597137252,-0.29799609084368944
202209,14,21243891,32.1065,0.36427800000000005,30.3684,-0.386673,0.08118049999999999,1.73815,47,4,2,374.085,960.5139999999999,164.032,145.863,1,0,1,43.6441,0,0,0,-999,27,1927,0,0,1,1,0,1,1,1,0,1,1,1,1,1,1,1,1,0,0.07884864983674758,5,1.791759469228055,0,0,1.543828053642112,0.3321984233644318
202209,14,21270227,57.8012,-1.61981,201.382,-2.92429,0.295531,-143.58100000000002,52,14,3,681.424,1277.27,171.043,56.5816,0,0,0,0.0,0,0,0,-999,31,2633,0,0,1,1,0,1,1,1,0,1,1,1,1,1,1,1,1,0,0.07808596627080516,14,2.70805020110221,0,1,8.089111269987258,1.932351407486006
202209,14,21647627,17.6641,1.70777,144.373,-3.02126,0.8871450000000001,-126.709,45,2,1,162.739,601.366,128.969,33.77,0,0,0,0.0,0,0,0,-999,16,1447,0,0,1,1,0,0,0,0,0,1,1,1,1,1,1,1,1,0,0.09737485191818664,2,1.0986122886681096,0,0,-3.273518308465401,-0.8455185526746781
202209,14,21669443,44.2816,-1.3859299999999999,0.0,0.0,0.0,44.2816,45,0,0,0.0,545.75,25.5138,23.3153,0,0,0,0.0,0,0,0,-999,27,1656,0,0,1,1,0,0,0,0,0,1,1,1,1,1,1,1,1,0,0.9779159747005406,0,0.0,0,0,-3.531819483721325,-0.9086665300388529
202209,14,21548779,81.5832,-0.13738599999999998,71.9664,0.0423539,0.251612,9.61683,52,6,2,286.02099999999996,942.09,94.2123,54.0397,0,0,0,0.0,0,0,0,-999,20,1932,0,0,1,1,0,1,1,0,0,1,1,1,1,1,1,1,1,0,0.22133008793714234,6,1.9459101490553132,0,1,2.9587552348569393,0.678111636971695
202209,14,21649731,44.291000000000004,-1.10886,0.0,0.0,0.0,44.291000000000004,45,0,0,0.0,459.784,19.276,17.9531,0,0,0,0.0,0,0,0,-999,23,1472,0,0,1,1,0,1,0,0,0,1,1,1,1,1,1,1,1,0,0.9779205581682895,0,0.0,0,0,-3.5316275360650806,-0.9086196037860412
202209,14,21705339,16.2435,2.22988,24.735,2.53508,0.0691518,-8.4915,38,4,4,357.691,610.72,153.319,98.5382,1,0,1,148.76,0,0,0,-999,14,1184,0,0,1,1,0,1,1,1,0,1,1,1,1,1,1,1,1,0,0.043323567183067985,5,1.791759469228055,0,0,2.5440118824150133,0.5767175809593849
202209,14,21829651,23.3641,0.614848,17.9544,2.99151,0.14157999999999998,5.40974,49,4,0,126.815,731.814,34.0858,31.8999,0,0,0,0.0,0,0,0,-999,28,1961,0,0,1,1,0,0,0,0,0,1,1,1,1,1,1,1,1,0,0.15454583338569947,4,1.6094379124341003,0,0,-2.599828956923065,-0.6808188764942256
202209,14,21716627,65.711,-2.3188299999999997,127.93299999999999,2.69952,0.22936900000000002,-62.2216,53,7,3,557.759,1090.86,229.005,92.8583,1,1,2,34.7294,0,0,0,-999,23,1654,0,0,1,1,0,1,1,1,1,1,1,1,1,1,1,1,1,0,0.10522683235383605,9,2.302585092994046,0,1,7.835032875598877,1.870235791164607
202209,14,21763739,30.9475,-0.385238,71.3406,0.849989,0.144318,-40.3932,47,4,2,494.329,908.966,235.36700000000002,174.495,0,1,1,146.79,0,0,0,-999,23,1583,0,0,1,1,0,0,1,0,1,1,1,1,1,1,1,1,1,0,0.05880463976635856,5,1.791759469228055,0,0,1.9885540838641527,0.44092247102660614
202209,14,22100211,4.76004,1.2542200000000001,0.0,0.0,0.0,4.76004,0,0,0,0.0,0.0,0.0,0.0,0,0,0,0.0,0,0,0,-999,1,149,0,0,1,1,0,1,1,1,0,1,1,1,1,1,1,1,1,0,0.8263900945132325,0,0.0,0,0,-4.747545259550053,-1.2058801361984544
202209,14,22149779,7.22548,0.159469,0.0,0.0,0.0,7.22548,35,0,0,0.0,231.926,11.6501,11.4797,0,0,0,0.0,0,0,0,-999,15,1097,0,0,1,1,0,1,0,0,0,1,1,1,1,1,1,1,1,0,0.8784265477516204,0,0.0,0,0,-4.540111993579092,-1.1551680510864426
202209,14,22087531,88.7821,1.55053,109.15299999999999,1.87611,0.169256,-20.3708,40,3,2,644.9,949.112,344.025,268.969,0,0,0,0.0,0,0,0,-999,17,1232,0,0,1,1,0,1,1,1,0,1,1,1,1,1,1,1,1,0,0.12084423997808032,3,1.3862943611198906,0,0,1.6892621811891066,0.36775331770518255
202209,14,21992099,31.3758,-2.79066,74.1466,-1.81502,0.304987,-42.7708,48,3,2,243.114,866.7439999999999,125.382,83.8596,2,0,2,48.4458,0,0,0,-999,19,1910,0,0,1,1,0,1,1,1,0,1,1,1,1,1,1,1,1,0,0.11389096801406078,5,1.791759469228055,0,0,2.1534649756083035,0.4812389320285647
202209,14,22143347,63.3539,-0.265962,55.4209,-0.481051,0.14128800000000002,7.93301,51,7,2,392.254,859.9889999999999,107.744,104.28,0,1,1,51.7412,0,0,0,-999,23,1846,0,0,1,1,0,1,1,1,0,1,1,1,1,1,1,1,1,0,0.13874902295820987,8,2.1972245773362196,0,1,4.8789289486712,1.1475446006238628
202209,14,20933338,35.637,-1.3228,116.698,-1.37815,0.508893,-81.0609,52,4,2,229.317,827.295,95.6434,70.7506,0,0,0,0.0,0,0,0,-999,29,1861,0,0,1,1,0,0,0,0,0,1,1,1,1,1,1,1,1,0,0.13399685659926153,4,1.6094379124341003,0,0,-0.4985657948234866,-0.1671142119104537
202209,14,20936010,23.2007,-2.94503,0.0,0.0,0.0,23.2007,41,0,0,0.0,367.67699999999996,20.1494,18.2453,0,0,0,0.0,0,0,0,-999,15,1292,0,0,1,1,0,0,0,0,0,1,1,1,1,1,1,1,1,0,0.958678881189387,0,0.0,0,0,-3.9899728173963296,-1.0206732071883675
202209,14,20679914,15.975999999999999,-0.41559300000000005,28.1091,-0.0826744,0.029720999999999997,-12.1331,51,11,3,945.7660000000001,1490.37,308.844,284.134,0,0,0,0.0,0,0,0,-999,23,2212,0,0,1,1,0,0,1,0,0,1,1,1,1,1,1,1,1,0,0.01659426928502132,11,2.4849066497880004,0,1,7.0199178770533095,1.6709611907824922
202209,14,20853322,21.5428,-0.542267,43.6072,2.41358,0.102404,-22.0644,49,8,3,425.836,950.23,105.85799999999999,65.0318,1,2,3,80.3588,0,0,0,-999,24,1949,0,0,1,1,0,1,1,1,0,1,1,1,1,1,1,1,1,0,0.04804598254868428,11,2.4849066497880004,0,1,8.209540889299578,1.9617933442746236
202209,14,21209413,32.4544,3.10201,143.036,-2.08641,0.655771,-110.58200000000001,51,4,1,218.11900000000003,895.105,119.227,36.8971,0,1,1,10.9355,0,0,0,-999,33,2063,0,0,1,1,0,0,0,0,0,1,1,1,1,1,1,1,1,0,0.12900568979073304,5,1.791759469228055,0,0,0.27875980754316165,0.02292185546015678
202209,14,21029381,59.0799,0.9633219999999999,4.99409,0.591163,0.0128678,54.0858,51,3,2,388.106,987.7769999999999,181.738,172.09599999999998,1,0,1,44.9576,0,0,0,-999,19,1833,0,0,1,1,0,1,1,1,0,1,1,1,1,1,1,1,1,0,0.13182007733844373,4,1.6094379124341003,0,0,1.7270260636723285,0.37698561327592894
202209,14,21239589,35.5358,-0.08311510000000001,30.8967,0.156887,1.0,4.639130000000001,45,1,0,30.8967,527.317,30.8967,25.6661,0,0,0,0.0,0,0,0,-999,20,1502,0,0,1,1,0,1,1,1,0,1,1,1,1,1,1,1,1,0,0.5269832795758722,1,0.6931471805599453,0,0,-3.761054134239887,-0.9647084915502095
202209,14,21309957,19.6341,1.99872,14.1464,0.325364,0.06669630000000001,5.48764,51,2,2,212.102,821.627,112.977,99.1253,0,0,0,0.0,0,0,0,-999,24,1793,0,0,1,1,0,0,0,0,0,1,1,1,1,1,1,1,1,0,0.0843620736104111,2,1.0986122886681096,0,0,-2.318448948339276,-0.6120287194414156
202209,14,21355453,27.7707,-0.974512,76.2759,2.32249,0.46278199999999997,-48.5052,53,4,1,164.821,783.7310000000001,50.4892,42.4915,0,0,0,0.0,0,0,0,-999,28,1808,0,0,1,1,0,0,0,0,0,1,1,1,1,1,1,1,1,0,0.14344984831477797,4,1.6094379124341003,0,0,-1.6426772896492126,-0.4468199728531351
202209,14,21343173,15.6911,0.676007,0.0,0.0,0.0,15.6911,42,0,0,0.0,356.282,21.3456,17.5275,0,0,0,0.0,0,0,0,-999,20,1243,0,0,1,1,0,1,1,1,0,1,1,1,1,1,1,1,1,0,0.9400878312394031,0,0.0,0,0,-4.18945351411333,-1.0694410941652426
202209,14,21392157,40.9103,0.0202882,44.3691,1.33007,0.207825,-3.45877,49,3,2,213.493,748.919,120.34100000000001,54.0136,0,1,1,12.8629,0,0,0,-999,17,1619,0,0,1,1,0,0,0,0,0,1,1,1,1,1,1,1,1,0,0.16017921459902829,4,1.6094379124341003,0,0,0.7034271419528563,0.126742069185618
202209,14,21080005,87.9768,1.58892,82.075,2.1954,0.22021,5.9018,46,6,3,372.712,927.375,143.086,69.7655,2,0,2,30.6924,0,0,0,-999,26,1923,0,0,1,1,0,1,1,1,0,1,1,1,1,1,1,1,1,0,0.19055433010287448,8,2.1972245773362196,0,1,7.2507458135797975,1.7273926696418187
202209,14,21337501,13.0651,-2.27567,82.7842,2.82287,0.8428329999999999,-69.7191,50,3,0,98.2214,724.5930000000001,36.9583,31.0035,0,0,0,0.0,0,0,0,-999,24,1854,0,0,1,1,0,1,0,0,0,1,1,1,1,1,1,1,1,0,0.11635503822810399,3,1.3862943611198906,0,0,-3.641881721276498,-0.9355739092983482
202209,14,21377181,23.9727,0.942923,43.3405,0.307777,1.0,-19.3678,45,1,0,43.3405,582.573,43.3405,24.3514,0,0,0,0.0,0,0,0,-999,20,1609,0,0,1,1,0,1,0,0,0,1,1,1,1,1,1,1,1,0,0.35092339401462674,1,0.6931471805599453,0,0,-4.469110066327701,-1.1378099105729846
202209,14,21457365,149.483,0.39400100000000005,152.341,0.399411,1.0,-2.85823,40,1,1,152.341,485.019,152.341,18.7521,0,0,0,0.0,0,0,0,-999,19,1320,0,0,1,1,0,1,1,1,0,1,1,1,1,1,1,1,1,0,0.49362996327900033,1,0.6931471805599453,0,0,-0.43413246223928453,-0.15136192342979096
202209,14,21502237,21.046,-1.7585,40.3623,-2.7597099999999997,0.329268,-19.3163,47,3,1,122.58200000000001,625.448,51.4211,39.662,0,1,1,21.6923,0,0,0,-999,21,1653,0,0,1,1,0,0,0,0,0,1,1,1,1,1,1,1,1,0,0.14551815692673617,4,1.6094379124341003,0,0,-0.8582412179521293,-0.25504557906615394
202209,14,21580149,5.68421,0.8990239999999999,169.827,1.87979,0.9648200000000001,-164.143,47,2,1,176.019,797.205,144.232,31.7871,0,0,0,0.0,0,0,0,-999,25,1788,0,0,1,1,0,0,1,0,0,1,1,1,1,1,1,1,1,0,0.031111713910226317,2,1.0986122886681096,0,0,-3.6464852555984115,-0.9366993547434468
202209,14,21656997,413.05300000000005,-2.57463,412.005,-2.57436,1.0,1.04776,2,1,1,412.005,417.272,412.005,5.2674199999999995,0,0,0,0.0,0,0,0,-999,1,92,0,0,1,1,0,1,1,0,0,1,1,1,1,1,1,1,1,0,0.500029053649986,1,0.6931471805599453,1,0,6.712054998922128,1.5956966549543623
202209,14,21648165,17.1664,-0.13283399999999998,0.0,0.0,0.0,17.1664,45,0,0,0.0,472.286,25.4343,23.8708,0,0,0,0.0,0,0,0,-999,19,1431,0,0,1,1,0,0,0,0,0,1,1,1,1,1,1,1,1,0,0.9449533204157126,0,0.0,0,0,-4.146515500165089,-1.058943856860071
