run,lumi,event,MET_pt,MET_phi,MHT_pt,MHT_phi,MHT_over_HT,MET_minus_MHT,N_jets_all,N_jets_30,N_jets_50,HT,jet_pt_sum,leading_jet_pt,subleading_jet_pt,N_muons,N_electrons,N_leptons,lepton_pt_sum,N_btags_loose,N_btags_medium,N_btags_tight,max_btag_discriminator,N_primary_vertices,packed_candidate_count,secondary_vertex_count,btag_discriminator_status,vertex_status,packed_candidate_status,secondary_vertex_status,HLT_MET_paths_any,HLT_HT_paths_any,HLT_Mu_paths_any,HLT_Ele_paths_any,pass_HBHENoiseFilter,pass_HBHENoiseIsoFilter,pass_goodVertices,pass_EcalDeadCellTriggerPrimitiveFilter,pass_BadPFMuonFilter,pass_globalSuperTightHalo2016Filter,trigger_filter_extraction_status,generator_weight,generator_weight_status
1,1352,1022782,143.895,0.146389,84.6737,0.310585,0.907586,59.2214,5,2,1,93.2955,130.707,61.7879,31.5076,0,0,0,0,1,1,1,0.976849,16,1407,2,1,1,1,1,1,1,1,1,1,1,1,1,1,1,1,0.0909091,1
1,1352,1022765,118.701,-2.31683,0,0,0,118.701,4,0,0,0,50.7235,15.4273,13.8499,0,0,0,0,0,0,0,0.132199,20,1277,1,1,1,1,1,1,1,0,1,1,1,1,1,1,1,1,0.0454545,1
1,1352,1022720,116.743,3.13125,90.0495,-2.95212,1,26.6936,6,1,1,90.0495,169.648,90.0495,23.1176,0,1,1,50.8579,0,0,0,0.53847,14,1268,1,1,1,1,1,1,1,0,1,1,1,1,1,1,1,1,0.0454545,1
1,1352,1022724,103.289,2.05107,106.558,1.81936,0.991515,-3.26898,3,2,1,107.469,122.697,75.4544,32.0151,0,0,0,0,0,0,0,0.44486,10,930,1,1,1,1,1,1,1,1,1,1,1,1,1,1,1,1,0.0909091,1
1,1352,1022869,123.698,1.53029,126.562,1.66858,1,-2.86424,3,1,1,126.562,148.161,126.562,10.8529,0,1,1,11.5552,0,0,0,0.175651,12,1288,1,1,1,1,1,1,1,1,1,1,1,1,1,1,1,1,0.0454545,1
1,1352,1022851,125.447,-2.08715,91.0284,-1.98001,1,34.4189,5,1,1,91.0284,144.387,91.0284,16.9152,0,0,0,0,0,0,0,0.315822,19,1228,0,1,1,1,1,1,1,0,1,1,1,1,1,1,1,1,0.0454545,1
1,1352,1022849,214.65,-0.830265,232.036,-0.834066,0.997668,-17.3858,7,2,2,232.579,296.746,178.034,54.5448,0,0,0,0,0,0,0,0.529174,16,1615,2,1,1,1,1,1,1,1,1,1,1,1,1,1,1,1,0.0454545,1
1,1352,1022911,163.445,-0.549026,133.912,-0.410619,1,29.5332,2,1,1,133.912,152.539,133.912,18.6272,0,0,0,0,0,0,0,0.298358,10,924,3,1,1,1,1,1,1,1,1,1,1,1,1,1,1,1,0.0909091,1
1,1352,1022738,62.3611,-0.082147,0,0,0,62.3611,6,0,0,0,104.893,24.532,23.4617,0,0,0,0,2,0,0,0.804965,21,1677,1,1,1,1,1,1,1,1,0,1,1,1,1,1,1,1,0.0454545,1
1,1352,1022786,144.789,1.25268,119.743,1.14969,0.356614,25.0465,6,3,3,335.777,376.044,147.957,103.494,0,0,0,0,0,0,0,0.511258,23,1750,2,1,1,1,1,1,1,1,1,1,1,1,1,1,1,1,0.0454545,1
1,1352,1022928,90.7743,-1.31347,89.9031,-1.32303,1,0.871124,2,1,1,89.9031,112.205,89.9031,22.3019,0,1,1,57.4246,1,0,0,0.54584,13,1287,1,1,1,1,1,1,1,1,1,1,1,1,1,1,1,1,0.0454545,1
1,1352,1022913,127.258,-2.59243,94.0287,-2.40627,1,33.2291,4,1,1,94.0287,143.566,94.0287,20.2419,0,0,0,0,1,0,0,0.745097,13,1181,2,1,1,1,1,1,1,1,0,1,1,1,1,1,1,1,0.0454545,1
1,1352,1022857,130.763,0.461009,88.0845,0.617271,0.694722,42.6783,4,2,2,126.791,168.691,65.9049,60.8861,0,0,0,0,0,0,0,0.320062,17,1645,2,1,1,1,1,1,1,1,0,1,1,1,1,1,1,1,0.0454545,1
1,1352,1022880,115.333,-0.831709,119.389,-1.46502,1,-4.05617,4,1,1,119.389,159.213,119.389,16.9831,0,0,0,0,2,1,1,0.995109,20,1339,5,1,1,1,1,1,1,0,1,1,1,1,1,1,1,1,0.0454545,1
1,1352,1022907,89.9564,-2.143,84.4844,-1.85137,0.28123,5.47203,7,3,3,300.41,357.997,177.369,68.273,0,1,1,10.9159,0,0,0,0.527613,16,1558,1,1,1,1,1,1,1,1,1,1,1,1,1,1,1,1,0.0454545,1
1,1352,1022949,122.915,2.68183,110.03,2.65946,1,12.885,2,1,1,110.03,121.574,110.03,11.5436,0,0,0,0,1,1,1,0.989768,13,932,2,1,1,1,1,1,1,0,0,1,1,1,1,1,1,1,0.0454545,1
1,1352,1022952,93.8878,1.11281,86.8966,1.07246,1,6.99121,1,1,1,86.8966,86.8966,86.8966,0,0,1,1,10.2653,1,0,0,0.580099,17,1216,2,1,1,1,1,1,1,1,1,1,1,1,1,1,1,1,0.0454545,1
1,1352,1022892,106.365,-1.38191,37.8764,-1.63177,1,68.4885,3,1,0,37.8764,85.8321,37.8764,28.2849,0,0,0,0,0,0,0,0.25685,17,1411,1,1,1,1,1,1,1,1,1,1,1,1,1,1,1,1,0.0454545,1
1,1352,1022950,95.5863,2.91283,117.669,2.65609,0.93391,-22.0822,3,2,1,125.996,145.429,93.229,32.7665,0,0,0,0,2,1,1,0.98494,15,1044,2,1,1,1,1,1,1,1,0,1,1,1,1,1,1,1,0.0454545,1
1,1352,1022971,130.238,-1.45448,130.581,-1.23141,0.617727,-0.343341,8,3,2,211.39,291.999,92.9362,76.553,0,0,0,0,2,2,1,0.989384,20,1585,2,1,1,1,1,1,1,1,1,1,1,1,1,1,1,1,0.0454545,1
1,1352,1022983,210.941,-2.08703,223.301,-2.21297,0.322066,-12.3598,5,3,3,693.338,736.575,378.914,194.984,0,0,0,0,3,1,1,0.998845,16,1627,4,1,1,1,1,1,1,1,1,1,1,1,1,1,1,1,0.136364,1
1,1352,1022982,83.9789,-1.35499,80.0159,-1.10682,1,3.96307,7,1,1,80.0159,154.852,80.0159,15.9425,0,0,0,0,0,0,0,0.531668,13,1665,0,1,1,1,1,1,1,1,1,1,1,1,1,1,1,1,0.0454545,1
1,1352,1022991,130.207,-1.46999,53.2948,-2.12938,1,76.9124,7,1,1,53.2948,142.645,53.2948,26.4449,0,0,0,0,1,0,0,0.769958,15,1604,5,1,1,1,1,1,1,1,0,1,1,1,1,1,1,1,0.0454545,1
1,1352,1022970,166.217,1.65387,154.313,1.59682,0.616108,11.9044,5,2,1,250.464,314.089,202.356,48.1081,0,0,0,0,1,1,1,0.958829,23,1847,5,1,1,1,1,1,1,1,1,1,1,1,1,1,1,1,0.0454545,1
1,1352,1023042,156.304,-1.09226,163.473,-1.01331,0.512722,-7.16883,5,3,3,318.834,344.932,144.538,93.9968,0,0,0,0,1,1,0,0.921314,10,956,2,1,1,1,1,1,1,1,0,1,1,1,1,1,1,1,0.0454545,1
1,1352,1023010,225.172,0.512208,201.628,0.460014,1,23.5441,4,1,1,201.628,240.545,201.628,13.7281,0,0,0,0,2,1,0,0.882322,16,1368,1,1,1,1,1,1,1,1,1,1,1,1,1,1,1,1,0.0454545,1
1,1352,1022994,170.116,0.131208,108.252,0.474159,0.674072,61.8645,7,2,1,160.594,227.916,121.819,38.7751,0,0,0,0,2,0,0,0.546215,20,1804,0,1,1,1,1,1,1,1,1,1,1,1,1,1,1,1,0.0454545,1
1,1352,1023005,184.969,2.9115,153.053,2.95424,0.627542,31.916,2,2,1,243.892,243.892,197.24,46.6523,0,0,0,0,1,1,0,0.880382,12,1240,2,1,1,1,1,1,1,1,1,1,1,1,1,1,1,1,0.0454545,1
1,1352,1023139,109.296,-2.05979,88.9257,-2.17289,0.58438,20.3707,3,2,2,152.171,164.576,98.5613,53.6097,0,1,1,12.78,0,0,0,0.124303,10,814,0,1,1,1,1,1,1,1,1,1,1,1,1,1,1,1,0.0454545,1
1,1352,1023075,92.5945,0.641813,99.7412,0.878026,1,-7.14674,11,1,1,99.7412,255.997,99.7412,29.5904,0,0,0,0,1,0,0,0.797997,17,1578,2,1,1,1,1,1,1,1,1,1,1,1,1,1,1,1,0.0909091,1
1,1352,1023045,145.549,-2.75266,129.652,-2.87764,0.554342,15.8973,5,2,2,233.884,270.123,128.753,105.131,0,0,0,0,2,0,0,0.609858,32,1559,1,1,1,1,1,1,1,1,1,1,1,1,1,1,1,1,0.0454545,1
1,1352,1023103,167.422,2.71153,165.206,2.82127,1,2.21573,2,1,1,165.206,176.923,165.206,11.7166,0,0,0,0,1,0,0,0.610741,15,1407,1,1,1,1,1,1,1,1,1,1,1,1,1,1,1,1,0.0454545,1
1,1352,1023169,80.3698,-1.60761,131.434,-1.64268,0.981499,-51.0644,5,2,1,133.912,175.426,88.8064,45.1052,1,0,1,27.2171,1,1,0,0.939767,19,1428,3,1,1,1,1,1,1,1,1,1,1,1,1,1,1,1,0.0454545,1
1,1352,1023002,117.971,-1.76838,131.526,-1.88863,0.605584,-13.555,5,2,2,217.189,268.063,123.358,93.8315,0,0,0,0,0,0,0,0.5339,23,1674,0,1,1,1,1,1,1,1,1,1,1,1,1,1,1,1,0.0454545,1
1,1352,1023120,187.23,2.33096,128.001,2.0662,0.344227,59.2292,7,3,2,371.85,425.876,242.37,86.704,0,0,0,0,1,0,0,0.833467,16,1557,0,1,1,1,1,1,1,1,1,1,1,1,1,1,1,1,0.0909091,1
1,1352,1023084,82.4397,-1.3309,110.428,-1.16449,0.458365,-27.9884,8,3,2,240.917,326.648,104.511,95.3878,0,0,0,0,1,1,1,0.998991,18,1617,3,1,1,1,1,1,1,1,1,1,1,1,1,1,1,1,0.0909091,1
1,1352,1023200,159.477,-2.82592,26.8381,-2.09991,0.175284,132.638,7,3,1,153.112,215.098,66.768,46.5747,0,0,0,0,1,1,1,0.96554,16,1162,3,1,1,1,1,1,1,0,1,1,1,1,1,1,1,1,0.0909091,1
1,1352,1023207,119.244,-1.71596,106.523,-1.79083,1,12.7216,1,1,1,106.523,106.523,106.523,0,0,0,0,0,0,0,0,0.0675871,18,969,1,1,1,1,1,1,1,1,1,1,1,1,1,1,1,1,0.0454545,1
1,1352,1023158,115.187,-2.51203,104.226,-2.14452,1,10.9614,4,1,1,104.226,142.893,104.226,15.4888,0,0,0,0,1,0,0,0.559286,24,1427,0,1,1,1,1,1,1,0,1,1,1,1,1,1,1,1,0.0454545,1
1,1352,1023088,261.013,-2.34175,229.084,-2.19212,0.987471,31.9286,5,2,2,231.991,275.847,181.943,50.0475,0,0,0,0,0,0,0,0.528881,27,2146,1,1,1,1,1,1,1,1,1,1,1,1,1,1,1,1,0.0454545,1
1,1352,1023171,117.891,-2.36612,92.8781,-1.98845,0.328946,25.0127,14,2,2,282.351,463.696,156.566,125.785,0,0,0,0,0,0,0,0.533678,21,1924,2,1,1,1,1,1,1,1,1,1,1,1,1,1,1,1,0.0454545,1
1,1352,1023138,114.827,2.37899,61.3988,3.02543,0.106958,53.4279,6,3,2,574.044,626.951,275.794,252.052,0,0,0,0,0,0,0,0.4889,16,1747,2,1,1,1,1,1,1,1,1,1,1,1,1,1,1,1,0.0454545,1
1,1352,1023203,165.739,2.0246,160.203,1.91311,0.332931,5.53589,4,2,2,481.189,508.792,313.179,168.01,0,0,0,0,0,0,0,0.237693,10,1155,1,1,1,1,1,1,1,1,1,1,1,1,1,1,1,1,0.0909091,1
1,1352,1023184,121.137,2.87017,94.3547,2.50357,0.729614,26.7826,8,2,1,129.321,214.092,87.0306,42.2908,0,1,1,23.1178,1,0,0,0.552419,18,1777,0,1,1,1,1,1,1,1,0,1,1,1,1,1,1,1,0.0454545,1
1,1352,1023241,135.649,-0.868776,81.3603,-1.00969,1,54.2883,1,1,1,81.3603,81.3603,81.3603,0,0,0,0,0,1,0,0,0.788685,17,1404,3,1,1,1,1,1,1,1,1,1,1,1,1,1,1,1,0.0454545,1
1,1352,1023217,160.376,0.250101,110.869,0.239594,1,49.507,5,1,1,110.869,174.889,110.869,24.335,0,0,0,0,2,0,0,0.562533,19,1362,1,1,1,1,1,1,1,1,1,1,1,1,1,1,1,1,0.0454545,1
1,1352,1023214,89.1834,1.31744,119.241,0.848451,0.391331,-30.0575,10,3,2,304.706,409.685,134.7,132.722,0,1,1,10.5826,1,0,0,0.608838,14,1040,5,1,1,1,1,1,1,1,1,1,1,1,1,1,1,1,0.0454545,1
1,1352,1023261,96.23,-1.63441,84.3029,-2.1412,0.334901,11.9271,10,5,3,251.725,322.373,81.6068,54.1608,0,1,1,21.0017,2,1,1,0.978843,9,1144,3,1,1,1,1,1,1,1,1,1,1,1,1,1,1,1,0.0454545,1
1,1352,1023339,170.589,-1.04341,174.279,-0.759813,0.82098,-3.69048,5,2,2,212.282,261.27,137.931,74.3504,1,1,2,89.9032,2,2,1,0.977666,8,661,2,1,1,1,1,1,1,1,1,1,1,1,1,1,1,1,0.0454545,1
1,1352,1023040,172.615,1.76692,92.9795,1.58246,0.931547,79.6352,8,2,1,99.812,202.109,68.7701,31.0418,0,0,0,0,2,1,1,0.962489,23,1868,2,1,1,1,1,1,1,1,1,1,1,1,1,1,1,1,0.0454545,1
1,1352,1023386,129.335,-0.94161,122.376,-1.08267,1,6.95913,3,1,1,122.376,144.536,122.376,11.3576,0,0,0,0,0,0,0,0.518307,8,1201,0,1,1,1,1,1,1,1,1,1,1,1,1,1,1,1,0.0454545,1
1,1352,1023273,112.318,-3.08816,115.036,-3.10075,1,-2.71804,4,1,1,115.036,155.046,115.036,16.4951,0,0,0,0,0,0,0,0.298069,13,1332,0,1,1,1,1,1,1,1,0,1,1,1,1,1,1,1,0.0454545,1
1,1352,1023276,108.817,-1.35512,71.9941,-1.15256,1,36.8226,5,1,1,71.9941,141.121,71.9941,27.6146,0,0,0,0,2,1,1,0.996658,25,1547,3,1,1,1,1,1,1,1,1,1,1,1,1,1,1,1,0.0909091,1
1,1352,1023352,91.7377,0.269262,104.688,0.182839,1,-12.9503,8,1,1,104.688,212.334,104.688,20.6194,0,0,0,0,1,0,0,0.69857,15,1593,0,1,1,1,1,1,1,1,1,1,1,1,1,1,1,1,0.0454545,1
1,1352,1023397,172.8,1.12966,85.87,0.695341,1,86.9299,7,1,1,85.87,177.35,85.87,22.0473,0,0,0,0,0,0,0,0.251175,14,1168,0,1,1,1,1,1,1,1,1,1,1,1,1,1,1,1,0.0454545,1
1,1352,1023439,119.814,-0.0448833,0,0,0,119.814,1,0,0,0,26.3543,26.3543,0,0,0,0,0,0,0,0,0.267413,18,987,0,1,1,1,1,1,1,0,0,1,1,1,1,1,1,1,0.0454545,1
1,1352,1023342,152.301,1.9791,129.045,1.58399,0.760639,23.256,11,2,1,169.653,322.276,133.078,36.5754,0,0,0,0,3,1,1,0.986197,23,1744,2,1,1,1,1,1,1,1,1,1,1,1,1,1,1,1,0.0454545,1
1,1352,1023344,112.706,0.791506,118.9,0.743796,1,-6.19335,4,1,1,118.9,153.692,118.9,13.4414,0,0,0,0,0,0,0,0.388018,23,1827,2,1,1,1,1,1,1,1,0,1,1,1,1,1,1,1,0.0454545,1
1,1352,1023427,137.37,1.73311,127.316,1.50214,1,10.0537,5,1,1,127.316,180.049,127.316,14.9449,1,0,1,20.4812,1,0,0,0.828752,24,1454,3,1,1,1,1,1,1,1,1,1,1,1,1,1,1,1,0.0454545,1
1,1352,1023441,166.051,-0.148141,169.288,-0.10076,0.994744,-3.23714,3,2,1,170.182,182.49,138.928,31.255,0,0,0,0,1,0,0,0.544832,19,1617,0,1,1,1,1,1,1,1,1,1,1,1,1,1,1,1,0.0454545,1
1,1352,1023356,160.964,1.14607,162.987,1.09387,1,-2.02269,4,1,1,162.987,219.157,162.987,27.7171,0,0,0,0,0,0,0,0.528642,22,1870,2,1,1,1,1,1,1,1,1,1,1,1,1,1,1,1,0.0454545,1
1,1352,1023460,134.797,-1.04122,108.547,-1.08791,1,26.2501,2,1,1,108.547,120.492,108.547,11.9452,0,0,0,0,0,0,0,0.156032,21,1625,0,1,1,1,1,1,1,1,0,1,1,1,1,1,1,1,0.0454545,1
1,1352,1023462,125.419,2.04543,95.3617,1.35153,0.767221,30.0569,9,2,1,124.295,250.677,93.0944,31.2006,0,3,3,37.1654,5,0,0,0.75946,23,1565,2,1,1,1,1,1,1,1,1,1,1,1,1,1,1,1,0.0454545,1
1,1352,1023429,150.461,-2.52489,144.958,-3.07063,0.59319,5.5031,9,4,2,244.371,330.875,95.2431,75.3641,0,0,0,0,4,3,1,0.974952,27,2117,5,1,1,1,1,1,1,1,1,1,1,1,1,1,1,1,0.0454545,1
1,1352,1023453,134.776,-0.50165,159.373,-0.193421,0.592963,-24.5978,6,3,2,268.775,305.898,152.53,77.522,0,0,0,0,2,0,0,0.629436,26,1729,4,1,1,1,1,1,1,1,1,1,1,1,1,1,1,1,0.0909091,1
1,1365,1032568,114.106,-2.2451,90.1055,-2.13017,1,24.0006,4,1,1,90.1055,130.784,90.1055,19.1134,0,1,1,24.9816,0,0,0,0.296174,16,1302,0,1,1,1,1,1,1,1,1,1,1,1,1,1,1,1,0.0454545,1
1,1365,1032598,140.116,3.09546,120.018,3.11615,1,20.0977,3,1,1,120.018,141.779,120.018,11.4597,1,0,1,11.3356,1,0,0,0.611573,14,1141,0,1,1,1,1,1,1,1,0,1,1,1,1,1,1,1,0.0454545,1
1,1365,1032635,186.018,2.41889,160.735,2.20052,0.960384,25.2822,7,3,2,167.366,210.987,63.3876,59.4822,0,1,1,14.5731,2,0,0,0.838806,14,1119,0,1,1,1,1,1,1,1,1,1,1,1,1,1,1,1,0.136364,1
1,1365,1032647,179.884,3.11431,162.863,-2.92707,0.954135,17.021,4,2,1,170.692,210.721,139.943,30.7486,0,0,0,0,1,0,0,0.579557,13,1185,1,1,1,1,1,1,1,1,1,1,1,1,1,1,1,1,0.136364,1
1,1365,1032562,128.113,-1.40649,107.584,-0.948352,0.436177,20.5283,6,3,3,246.653,294.308,93.3175,91.0576,0,0,0,0,1,0,0,0.555943,11,1313,3,1,1,1,1,1,1,1,0,1,1,1,1,1,1,1,0.0454545,1
1,1365,1032680,123.661,0.801896,139.828,1.21061,0.853236,-16.1669,3,2,1,163.879,176.087,120.936,42.9425,0,0,0,0,0,0,0,0.207693,17,1193,0,1,1,1,1,1,1,0,1,1,1,1,1,1,1,1,0.0454545,1
1,1365,1032559,118.052,-1.39462,68.9064,-1.71004,0.99985,49.146,4,2,0,68.9167,104.155,36.6916,32.2251,0,0,0,0,2,1,1,0.956765,28,1916,2,1,1,1,1,1,1,0,0,1,1,1,1,1,1,1,0.0454545,1
1,1365,1032664,119.506,2.09384,107.203,1.74273,0.531928,12.303,6,5,1,201.536,215.541,57.2598,41.9513,0,0,0,0,1,0,0,0.543461,13,1279,1,1,1,1,1,1,1,1,1,1,1,1,1,1,1,1,0.0454545,1
1,1365,1032584,86.5844,-2.56139,100.836,-2.6416,0.599228,-14.2515,8,2,2,168.276,272.829,113.352,54.9239,0,2,2,41.9291,0,0,0,0.532175,15,1507,1,1,1,1,1,1,1,1,1,1,1,1,1,1,1,1,0.0454545,1
1,1365,1032683,188.159,-0.21665,205.417,-0.164773,1,-17.2581,2,1,1,205.417,217.114,205.417,11.6976,0,0,0,0,0,0,0,0.314457,17,1201,1,1,1,1,1,1,1,1,0,1,1,1,1,1,1,1,0.0909091,1
1,1365,1032663,203.418,-2.69913,156.743,-2.74773,0.785563,46.6745,5,2,1,199.53,239.722,168.964,30.5656,0,1,1,50.3396,1,0,0,0.671727,12,1085,2,1,1,1,1,1,1,1,1,1,1,1,1,1,1,1,0.0454545,1
1,1365,1032702,157.116,-2.31017,160.361,-2.34281,1,-3.2449,3,1,1,160.361,185.461,160.361,14.2074,0,0,0,0,0,0,0,0.0848214,11,999,1,1,1,1,1,1,1,1,1,1,1,1,1,1,1,1,0.0454545,1
1,1365,1032682,94.9134,2.74852,96.2837,2.71954,1,-1.37022,4,1,1,96.2837,143.868,96.2837,18.5893,0,0,0,0,0,0,0,0.226021,19,1496,0,1,1,1,1,1,1,0,1,1,1,1,1,1,1,1,0.0454545,1
1,1365,1032650,133.624,-1.4775,134.683,-1.27956,1,-1.05957,3,1,1,134.683,164.067,134.683,16.9874,0,0,0,0,0,0,0,0.236079,21,1794,0,1,1,1,1,1,1,1,0,1,1,1,1,1,1,1,0.0454545,1
1,1365,1032749,183.351,2.32921,138.87,2.3851,0.600899,44.4811,5,2,2,231.104,275.029,163.965,67.1386,0,0,0,0,1,1,0,0.863288,15,1206,1,1,1,1,1,1,1,1,1,1,1,1,1,1,1,1,0.0454545,1
1,1365,1032759,157.816,-0.140757,0,0,0,157.816,2,0,0,0,30.5552,17.6463,12.9089,0,0,0,0,0,0,0,0.526588,14,1116,1,1,1,1,1,1,1,1,1,1,1,1,1,1,1,1,0.0454545,1
1,1365,1032573,161.991,-1.55546,170.742,-1.5907,1,-8.75143,7,1,1,170.742,245.857,170.742,14.616,0,0,0,0,1,0,0,0.545153,27,2078,1,1,1,1,1,1,1,1,1,1,1,1,1,1,1,1,0.0454545,1
1,1365,1032721,79.846,-2.07155,0,0,0,79.846,2,0,0,0,26.812,15.7162,11.0958,0,0,0,0,0,0,0,0.330019,20,1291,1,1,1,1,1,1,1,0,0,1,1,1,1,1,1,1,0.0454545,1
1,1365,1032590,159.021,-0.846942,139.584,-1.05468,1,19.4369,9,1,1,139.584,243.754,139.584,16.9166,0,1,1,22.2819,1,0,0,0.714993,26,2233,1,1,1,1,1,1,1,1,1,1,1,1,1,1,1,1,0.0454545,1
1,1365,1032714,132.045,1.30546,115.433,1.4098,1,16.6123,1,1,1,115.433,115.433,115.433,0,0,1,1,37.4142,0,0,0,0.153408,22,1745,2,1,1,1,1,1,1,1,1,1,1,1,1,1,1,1,0.0454545,1
1,1365,1032716,143.736,-0.845916,96.5769,-0.705258,0.170785,47.1591,5,3,3,565.489,608.84,274.55,215.016,0,0,0,0,2,1,1,0.961172,12,1005,6,1,1,1,1,1,1,1,1,1,1,1,1,1,1,1,0.0909091,1
1,1365,1032697,106.349,0.948276,170.626,0.818918,0.874533,-64.2772,9,2,1,195.105,305.098,158.138,36.9675,0,0,0,0,2,1,1,0.963971,24,1672,1,1,1,1,1,1,1,1,1,1,1,1,1,1,1,1,0.0909091,1
1,1365,1032805,93.8926,2.83686,109.927,-3.12233,1,-16.0348,2,1,1,109.927,121.368,109.927,11.4401,0,0,0,0,0,0,0,0.269547,17,1443,1,1,1,1,1,1,1,0,1,1,1,1,1,1,1,1,0.0454545,1
1,1365,1032728,139.539,1.73591,114.664,1.8632,0.504107,24.8758,6,3,1,227.459,271.601,148.766,46.3974,2,0,2,51.5063,1,0,0,0.618733,21,1615,1,1,1,1,1,1,1,1,1,1,1,1,1,1,1,1,0.0909091,1
1,1365,1032793,152.723,-0.292295,87.3741,1.27802,0.978122,65.3491,3,2,1,89.3284,101.081,56.2077,33.1207,0,0,0,0,2,1,0,0.905876,20,1429,2,1,1,1,1,1,1,1,1,1,1,1,1,1,1,1,0.0454545,1
1,1365,1032776,146.64,-2.44799,0,0,0,146.64,0,0,0,0,0,0,0,0,0,0,0,0,0,0,-999,23,1612,0,1,1,1,1,1,1,1,1,1,1,1,1,1,1,1,0.0454545,1
1,1365,1032794,73.8077,-0.069904,149.285,0.172458,1,-75.4771,5,1,1,149.285,226.904,149.285,29.8572,0,0,0,0,2,0,0,0.552303,20,1593,1,1,1,1,1,1,1,0,1,1,1,1,1,1,1,1,0.0454545,1
1,1365,1032822,118.179,1.68472,126.274,1.956,1,-8.09522,2,1,1,126.274,153.344,126.274,27.0706,0,1,1,37.6603,1,1,1,0.981827,14,1099,1,1,1,1,1,1,1,1,1,1,1,1,1,1,1,1,0.0909091,1
1,1365,1032836,138.17,-1.59261,116.885,-1.55787,0.349985,21.2847,2,2,2,333.972,333.972,223.747,110.225,0,0,0,0,1,1,1,0.994307,22,1650,2,1,1,1,1,1,1,1,1,1,1,1,1,1,1,1,0.0454545,1
1,1365,1032881,146.565,-0.77811,0,0,0,146.565,1,0,0,0,12.3597,12.3597,0,0,0,0,0,0,0,0,0.193021,10,908,0,1,1,1,1,1,1,1,1,1,1,1,1,1,1,1,0.0454545,1
1,1365,1032886,135.291,-3.01278,136.851,-3.08877,1,-1.56049,1,1,1,136.851,136.851,136.851,0,0,0,0,0,0,0,0,0.157638,10,1129,2,1,1,1,1,1,1,1,1,1,1,1,1,1,1,1,0.0454545,1
1,1365,1032769,111.182,0.824835,182.427,0.686099,0.325581,-71.2451,9,6,6,560.312,594.856,143.419,133.879,0,2,2,30.6129,1,1,1,0.96402,21,1438,7,1,1,1,1,1,1,1,1,1,1,1,1,1,1,1,0.181818,1
1,1365,1032856,111.024,2.73637,91.0628,-3.07404,0.766065,19.9617,6,2,2,118.871,178.125,64.6232,54.2477,0,1,1,14.8911,2,0,0,0.744453,21,1848,5,1,1,1,1,1,1,1,1,1,1,1,1,1,1,1,0.0454545,1
1,1365,1032887,122.509,2.11422,44.3489,1.66197,1,78.1599,6,1,0,44.3489,132.993,44.3489,25.6157,0,0,0,0,2,0,0,0.782034,12,1307,1,1,1,1,1,1,1,1,1,1,1,1,1,1,1,1,0.0454545,1
1,1365,1032808,97.4058,-2.13682,99.8483,-2.53728,0.524038,-2.4425,9,3,3,190.536,286.519,80.466,55.0717,0,0,0,0,1,0,0,0.746112,23,1934,2,1,1,1,1,1,1,1,1,1,1,1,1,1,1,1,0.0454545,1
1,1365,1032831,117.603,-1.39857,111.363,-1.50443,1,6.24029,5,1,1,111.363,166.674,111.363,17.6327,1,0,1,16.543,1,0,0,0.543419,25,1547,5,1,1,1,1,1,1,1,1,1,1,1,1,1,1,1,0.0454545,1
1,1365,1032889,175.407,2.64816,148.12,2.60407,0.912217,27.2872,4,2,2,162.374,189.443,107.655,54.7192,0,2,2,42.0636,0,0,0,0.275532,14,1057,1,1,1,1,1,1,1,1,1,1,1,1,1,1,1,1,0.0454545,1
1,1365,1032873,130.794,-2.6122,175.288,-2.2394,1,-44.4941,5,1,1,175.288,223.024,175.288,13.7294,0,0,0,0,2,1,0,0.908136,19,1580,1,1,1,1,1,1,1,1,1,1,1,1,1,1,1,1,0.0454545,1
1,1365,1032918,105.297,1.08072,0,0,0,105.297,2,0,0,0,28.5152,16.2934,12.2218,0,0,0,0,0,0,0,0.221798,9,1106,0,1,1,1,1,1,1,0,0,1,1,1,1,1,1,1,0.0909091,1
1,1365,1032885,166.399,1.97386,169.512,2.06191,0.827608,-3.11309,5,2,1,204.822,266.742,168.69,36.132,0,0,0,0,1,1,1,0.979091,25,1616,3,1,1,1,1,1,1,1,1,1,1,1,1,1,1,1,0.0454545,1
1,1365,1032932,69.112,1.52634,60.3056,1.46579,0.365306,8.80635,5,3,1,165.083,193.862,67.4678,48.8303,0,0,0,0,3,1,1,0.980725,26,1632,2,1,1,1,1,1,1,0,0,1,1,1,1,1,1,1,0.0454545,1
1,1365,1032891,187.359,-0.531122,168.272,-0.786349,1,19.0864,7,1,1,168.272,252.351,168.272,26.0812,0,0,0,0,0,0,0,0.373082,17,1265,0,1,1,1,1,1,1,1,1,1,1,1,1,1,1,1,0.0454545,1
1,1365,1032920,135.062,-1.24665,105.062,-1.27975,1,30.0004,4,1,1,105.062,149.841,105.062,16.428,0,0,0,0,3,1,1,0.995842,24,2053,5,1,1,1,1,1,1,1,1,1,1,1,1,1,1,1,0.0909091,1
1,1365,1032901,202.463,-2.2744,168.666,-2.3526,0.6772,33.7972,7,3,2,249.063,316.494,142.763,60.5759,0,1,1,14.7704,3,2,1,0.980872,26,2000,0,1,1,1,1,1,1,1,1,1,1,1,1,1,1,1,0.0454545,1
1,1365,1032958,109.033,0.773163,103.224,0.755079,1,5.8084,1,1,1,103.224,103.224,103.224,0,0,2,2,32.9767,0,0,0,0.114899,9,467,0,1,1,1,1,1,1,1,0,1,1,1,1,1,1,1,0.0454545,1
1,1365,1032934,146.903,1.86034,119.394,2.09575,1,27.5096,6,1,1,119.394,192.73,119.394,19.7403,0,0,0,0,1,0,0,0.555154,32,2197,3,1,1,1,1,1,1,1,1,1,1,1,1,1,1,1,0.0454545,1
1,1365,1033026,130.42,2.69958,0,0,0,130.42,3,0,0,0,44.9049,21.4902,12.2473,0,0,0,0,0,0,0,0.267616,10,887,0,1,1,1,1,1,1,1,0,1,1,1,1,1,1,1,0.0454545,1
1,1365,1032930,105.165,-1.32634,100.183,-1.63956,1,4.98233,6,1,1,100.183,179.801,100.183,23.4437,0,0,0,0,1,0,0,0.791719,22,1498,3,1,1,1,1,1,1,1,1,1,1,1,1,1,1,1,0.0454545,1
1,1365,1032957,171.974,0.86012,135.787,0.969522,1,36.1867,5,1,1,135.787,194.01,135.787,20.1273,0,0,0,0,0,0,0,0.314948,16,1480,0,1,1,1,1,1,1,1,1,1,1,1,1,1,1,1,0.0454545,1
1,1365,1032984,108.712,1.8048,107.37,1.75576,0.973983,1.34143,5,2,1,110.238,147.741,73.3662,36.8721,0,0,0,0,0,0,0,0.361952,12,1411,0,1,1,1,1,1,1,1,1,1,1,1,1,1,1,1,0.0454545,1
1,1365,1032967,150.378,-1.315,97.5588,-1.14028,1,52.8189,6,1,1,97.5588,174.067,97.5588,20.4875,0,0,0,0,1,1,1,0.972762,18,1668,3,1,1,1,1,1,1,1,1,1,1,1,1,1,1,1,0.0454545,1
1,1365,1032944,154.079,-0.427566,123.445,-0.186166,1,30.6343,7,1,1,123.445,211.148,123.445,21.684,0,0,0,0,3,0,0,0.832988,27,1754,2,1,1,1,1,1,1,1,1,1,1,1,1,1,1,1,0.0909091,1
1,1365,1032987,127.717,0.00855282,100.772,-0.172716,1,26.9448,4,1,1,100.772,154.985,100.772,28.9706,0,0,0,0,2,1,1,0.974383,15,1361,4,1,1,1,1,1,1,0,1,1,1,1,1,1,1,1,0.0454545,1
1,1365,1032988,142.206,0.545282,125.859,0.485954,1,16.347,3,1,1,125.859,148.556,125.859,12.1128,0,0,0,0,1,0,0,0.780728,21,1614,0,1,1,1,1,1,1,0,1,1,1,1,1,1,1,1,0.0454545,1
1,1365,1033051,74.8416,2.09923,93.6186,1.89187,1,-18.777,2,1,1,93.6186,107.859,93.6186,14.2405,0,0,0,0,0,0,0,0.198122,7,1032,0,1,1,1,1,1,1,1,1,1,1,1,1,1,1,1,0.0454545,1
1,1365,1033040,117.031,0.944677,101.309,0.86044,1,15.7219,2,1,1,101.309,115.768,101.309,14.4589,0,0,0,0,0,0,0,0.169274,16,1387,1,1,1,1,1,1,1,1,1,1,1,1,1,1,1,1,0.0454545,1
1,1365,1032940,140.406,2.1462,161.697,2.29947,0.434783,-21.2905,9,3,2,371.902,469.72,204.15,136.019,0,1,1,54.8579,1,1,1,0.979581,24,1697,1,1,1,1,1,1,1,1,1,1,1,1,1,1,1,1,0.0454545,1
1,1365,1032923,112.796,2.24674,106.714,1.77925,1,6.08202,10,1,1,106.714,252.23,106.714,25.8313,0,0,0,0,1,0,0,0.545452,24,2073,1,1,1,1,1,1,1,1,1,1,1,1,1,1,1,1,0.0454545,1
1,1365,1033092,134.241,0.385278,134.149,-0.130816,1,0.0919189,4,1,1,134.149,178.184,134.149,19.4679,2,0,2,28.613,1,1,1,0.967525,8,806,1,1,1,1,1,1,1,1,0,1,1,1,1,1,1,1,0.0909091,1
1,1365,1033032,161.444,1.05569,152.148,0.945878,0.947401,9.2955,5,3,1,160.595,189.4,91.1434,36.9761,0,0,0,0,1,1,0,0.899045,7,850,3,1,1,1,1,1,1,1,1,1,1,1,1,1,1,1,0.0454545,1
1,1365,1033031,121.186,0.843327,118.013,0.751115,0.319358,3.17358,5,3,2,369.531,392.732,230.128,92.7609,0,0,0,0,0,0,0,0.528283,9,1325,3,1,1,1,1,1,1,1,1,1,1,1,1,1,1,1,0.0909091,1
1,1365,1033058,95.933,-0.590898,105.587,-0.606661,0.643938,-9.65411,5,3,2,163.971,197.56,79.2142,50.8086,0,0,0,0,1,1,1,0.982549,8,838,2,1,1,1,1,1,1,0,1,1,1,1,1,1,1,1,0.0454545,1
1,1365,1033020,111.966,2.56885,109.849,2.32031,1,2.11761,7,1,1,109.849,187.23,109.849,16.2044,0,0,0,0,2,1,0,0.888521,34,2104,1,1,1,1,1,1,1,1,1,1,1,1,1,1,1,1,0.0454545,1
1,1365,1033024,111.263,2.21887,182.377,2.8413,1,-71.1137,6,1,1,182.377,254.427,182.377,19.4393,0,0,0,0,2,0,0,0.660739,21,1637,4,1,1,1,1,1,1,1,1,1,1,1,1,1,1,1,0.0454545,1
1,1365,1033144,96.9132,-0.530543,82.9668,-0.488148,1,13.9464,1,1,1,82.9668,82.9668,82.9668,0,0,0,0,0,0,0,0,0.107185,14,1133,1,1,1,1,1,1,1,0,1,1,1,1,1,1,1,1,0.0454545,1
1,1365,1033050,68.8707,-0.139176,0,0,0,68.8707,6,0,0,0,77.7226,20.5319,12.4266,1,0,1,15.1519,2,0,0,0.653331,21,1505,0,1,1,1,1,1,1,0,0,1,1,1,1,1,1,1,0.0454545,1
1,1365,1033126,174.988,-1.36016,169.249,-1.32402,0.538516,5.73988,3,2,2,314.287,329.385,235.045,79.242,0,1,1,183.23,0,0,0,0.216617,11,907,3,1,1,1,1,1,1,1,1,1,1,1,1,1,1,1,0.0454545,1
1,1365,1033142,141.57,1.1803,160.224,1.18575,1,-18.6539,4,1,1,160.224,197.827,160.224,16.1722,0,1,1,82.7906,0,0,0,0.335006,15,1206,0,1,1,1,1,1,1,1,1,1,1,1,1,1,1,1,0.0454545,1
1,1365,1033107,153.975,2.39633,161.808,2.43909,0.479224,-7.83253,4,2,2,337.645,362.476,215.476,122.169,0,0,0,0,0,0,0,0.274325,12,1009,3,1,1,1,1,1,1,1,0,1,1,1,1,1,1,1,0.0454545,1
1,1365,1033097,136.91,-2.19953,104.194,-2.23062,1,32.7159,5,1,1,104.194,151.16,104.194,13.0885,0,0,0,0,1,0,0,0.757049,22,1694,1,1,1,1,1,1,1,1,1,1,1,1,1,1,1,1,0.0454545,1
1,1365,1033125,123.13,-0.885356,71.4164,-0.322842,1,51.7134,10,1,1,71.4164,201.483,71.4164,23.9357,0,0,0,0,2,0,0,0.55545,25,2184,0,1,1,1,1,1,1,0,1,1,1,1,1,1,1,1,0.0454545,1
1,1365,1033064,110.607,-0.577932,118.538,-0.589735,1,-7.9312,7,1,1,118.538,213.976,118.538,27.9243,0,0,0,0,0,0,0,0.415335,25,1798,3,1,1,1,1,1,1,1,1,1,1,1,1,1,1,1,0.0454545,1
1,1365,1033158,74.072,-1.99716,125.165,-1.68907,1,-51.0929,3,1,1,125.165,156.034,125.165,15.8682,0,0,0,0,0,0,0,0.365034,16,1313,0,1,1,1,1,1,1,1,1,1,1,1,1,1,1,1,0.0454545,1
1,1365,1033162,82.4622,-1.49275,48.7702,-0.487567,1,33.692,5,1,0,48.7702,130.963,48.7702,28.1277,1,0,1,20.1893,1,0,0,0.719129,13,1040,2,1,1,1,1,1,1,0,0,1,1,1,1,1,1,1,0.0454545,1
1,1365,1033178,123.735,-0.143878,101.114,0.0104515,1,22.621,3,1,1,101.114,131.744,101.114,15.3991,0,0,0,0,0,0,0,0.430171,6,894,2,1,1,1,1,1,1,0,1,1,1,1,1,1,1,1,0.0454545,1
1,1365,1033159,221.915,0.344908,189.373,0.37987,1,32.5415,9,1,1,189.373,322.101,189.373,29.777,0,0,0,0,1,0,0,0.666995,16,1180,0,1,1,1,1,1,1,1,1,1,1,1,1,1,1,1,0.0454545,1
1,1365,1033181,115.069,-0.0294556,122.036,-0.28149,0.872809,-6.96706,4,2,1,139.819,171.992,96.5843,43.235,0,0,0,0,0,0,0,0.526321,16,1274,0,1,1,1,1,1,1,1,1,1,1,1,1,1,1,1,0.0454545,1
1,1365,1033168,87.0203,-2.15574,99.5066,-2.21999,1,-12.4863,5,1,1,99.5066,167.396,99.5066,29.3056,0,0,0,0,1,1,0,0.866932,21,1769,1,1,1,1,1,1,1,0,1,1,1,1,1,1,1,1,0.0454545,1
1,1365,1033208,145.33,-2.99821,134.111,-2.95451,0.312586,11.2192,8,3,2,429.038,508.673,234.629,157.629,1,0,1,13.0359,1,1,1,0.991001,8,912,3,1,1,1,1,1,1,1,1,1,1,1,1,1,1,1,0.0454545,1
1,1365,1033214,103.448,1.2693,119.211,1.31468,1,-15.7629,7,1,1,119.211,195.902,119.211,14.6052,0,0,0,0,2,0,0,0.835327,8,967,3,1,1,1,1,1,1,1,1,1,1,1,1,1,1,1,0.0454545,1
1,1365,1033238,138.071,0.670021,101.724,0.726439,0.90237,36.3473,5,2,1,112.729,152.355,74.313,38.4163,0,0,0,0,0,0,0,0.185454,13,1274,0,1,1,1,1,1,1,1,1,1,1,1,1,1,1,1,0.0454545,1
1,1365,1033219,141.039,0.0787725,170.832,-0.172499,0.960596,-29.7928,6,2,2,177.839,244.62,117.885,59.954,1,1,2,53.9403,2,2,0,0.922657,21,1788,3,1,1,1,1,1,1,1,1,1,1,1,1,1,1,1,0.0454545,1
1,1365,1033249,191.529,0.851572,169.839,0.83736,1,21.6894,6,1,1,169.839,236.385,169.839,19.1309,0,0,0,0,2,0,0,0.685233,28,1736,0,1,1,1,1,1,1,1,1,1,1,1,1,1,1,1,0.0454545,1
1,1365,1033264,157.598,-1.92061,104.519,-2.12377,0.916678,53.0789,2,2,1,114.02,114.02,74.4866,39.533,0,0,0,0,0,0,0,0.219067,20,1503,0,1,1,1,1,1,1,1,1,1,1,1,1,1,1,1,0.0454545,1
1,1365,1033200,83.5845,2.73831,139.967,2.38849,0.540341,-56.3823,5,3,2,259.034,289.941,160.725,67.9112,0,1,1,23.3924,2,0,0,0.65788,29,1955,1,1,1,1,1,1,1,0,1,1,1,1,1,1,1,1,0.0454545,1
1,1365,1033240,157.504,-0.414508,144.073,-0.280896,1,13.4312,7,1,1,144.073,229.665,144.073,19.1209,0,0,0,0,1,0,0,0.714606,18,1571,2,1,1,1,1,1,1,1,1,1,1,1,1,1,1,1,0.0454545,1
1,1365,1033271,137.771,0.714191,145.89,1.13277,0.59532,-8.11875,6,2,1,245.061,294.158,195.387,49.6733,0,0,0,0,2,0,0,0.748651,24,1653,0,1,1,1,1,1,1,1,1,1,1,1,1,1,1,1,0.0454545,1
1,1413,1068941,77.6732,-0.397355,57.6076,-0.857611,1,20.0656,2,1,1,57.6076,72.9143,57.6076,15.3067,0,0,0,0,0,0,0,0.174495,9,1014,0,1,1,1,1,1,1,0,0,1,1,1,1,1,1,1,0.0909091,1
1,1413,1068938,75.0475,-1.84434,101.036,-1.88947,0.992673,-25.9881,5,2,1,101.781,139.683,55.7022,46.0792,0,0,0,0,0,0,0,0.125064,16,1366,1,1,1,1,1,1,1,1,0,1,1,1,1,1,1,1,0.0454545,1
1,1413,1068929,200.325,-2.01934,178.692,-1.90836,0.747602,21.6329,4,2,1,239.02,265.631,208.855,30.165,0,0,0,0,0,0,0,0.530483,17,1596,3,1,1,1,1,1,1,1,1,1,1,1,1,1,1,1,0.0454545,1
1,1413,1068920,104.844,1.02518,111.616,0.758245,0.513593,-6.77182,3,2,2,217.324,243.778,164.425,52.8992,0,0,0,0,1,1,1,0.966231,12,1082,3,1,1,1,1,1,1,0,1,1,1,1,1,1,1,1,0.0454545,1
1,1413,1068969,183.241,1.59767,172.038,1.60376,0.708074,11.2027,3,2,2,242.966,263.617,131.079,111.887,0,0,0,0,0,0,0,0.219778,13,1016,0,1,1,1,1,1,1,1,1,1,1,1,1,1,1,1,0.0454545,1
1,1413,1069007,58.5073,-1.79771,99.6548,-1.40832,1,-41.1475,10,1,1,99.6548,215.897,99.6548,20.0706,0,0,0,0,1,0,0,0.702668,16,1394,0,1,1,1,1,1,1,1,0,1,1,1,1,1,1,1,0.0454545,1
1,1413,1068994,123.606,-1.08183,84.1808,-1.4748,1,39.4251,6,1,1,84.1808,187.262,84.1808,26.4431,0,0,0,0,1,0,0,0.558616,20,1820,1,1,1,1,1,1,1,1,1,1,1,1,1,1,1,1,0.0454545,1
1,1413,1069038,134.363,-2.50793,0,0,0,134.363,5,0,0,0,66.1177,17.652,13.7278,0,0,0,0,0,0,0,0.312538,15,1298,1,1,1,1,1,1,1,1,0,1,1,1,1,1,1,1,0.0454545,1
1,1413,1068921,153.337,2.68134,133.582,3.00271,0.311063,19.755,10,3,3,429.437,540.504,231.552,147.117,1,1,2,113.955,4,2,1,0.999051,21,1892,4,1,1,1,1,1,1,1,1,1,1,1,1,1,1,1,0.0454545,1
1,1413,1069052,212.649,-2.01121,195.38,-1.81906,0.786857,17.2692,4,3,2,248.304,258.472,147.814,67.9336,0,0,0,0,0,0,0,0.526435,23,1912,1,1,1,1,1,1,1,1,1,1,1,1,1,1,1,1,0.0454545,1
1,1413,1069058,152.075,-2.19193,130.431,-2.26448,0.964499,21.6438,2,2,2,135.232,135.232,75.4317,59.8002,0,0,0,0,0,0,0,0.125918,14,1037,1,1,1,1,1,1,1,1,1,1,1,1,1,1,1,1,0.0454545,1
1,1413,1068944,145.855,-2.04939,137.46,-2.24056,1,8.39485,6,1,1,137.46,228.745,137.46,23.5521,0,0,0,0,3,0,0,0.610962,25,1888,4,1,1,1,1,1,1,1,1,1,1,1,1,1,1,1,0.0909091,1
1,1413,1069073,155.114,2.98396,152.09,2.94906,0.922876,3.02391,4,3,1,164.801,176.354,98.7308,35.7426,0,0,0,0,0,0,0,0.266454,18,1479,0,1,1,1,1,1,1,1,1,1,1,1,1,1,1,1,0.0454545,1
1,1413,1069046,180.898,-1.41979,0,0,0,180.898,8,0,0,0,121.28,23.9329,20.066,0,0,0,0,2,1,1,0.985085,33,2150,1,1,1,1,1,1,1,1,1,1,1,1,1,1,1,1,0.0454545,1
1,1413,1069115,143.967,0.666249,118.848,0.532763,1,25.1184,2,1,1,118.848,137.748,118.848,18.8997,0,0,0,0,0,0,0,0.133411,7,901,1,1,1,1,1,1,1,1,1,1,1,1,1,1,1,1,0.0454545,1
1,1413,1069090,80.6553,-0.31007,93.3453,-0.0347485,1,-12.69,2,1,1,93.3453,104.085,93.3453,10.7393,0,1,1,55.6743,0,0,0,0.0715101,20,1119,0,1,1,1,1,1,1,1,1,1,1,1,1,1,1,1,0.0454545,1
1,1413,1069018,190.878,3.00641,149.473,3.04178,0.997284,41.4049,8,2,1,149.88,228.293,108.056,41.8236,0,0,0,0,2,0,0,0.653147,23,2119,2,1,1,1,1,1,1,1,1,1,1,1,1,1,1,1,0.0454545,1
1,1413,1069109,144.084,1.48607,145.769,1.51505,1,-1.68507,3,1,1,145.769,166.84,145.769,10.9636,0,0,0,0,0,0,0,0.529476,18,1544,1,1,1,1,1,1,1,1,1,1,1,1,1,1,1,1,0.272727,1
1,1413,1069101,147.157,-1.51503,133.477,-1.44863,1,13.6805,2,1,1,133.477,146.348,133.477,12.8708,0,0,0,0,0,0,0,0.440913,26,1740,0,1,1,1,1,1,1,1,0,1,1,1,1,1,1,1,0.0454545,1
1,1413,1069129,159.262,1.93978,161.687,1.94215,0.991276,-2.42575,3,2,1,163.11,177.296,123.665,39.4455,0,0,0,0,0,0,0,0.46119,11,1172,1,1,1,1,1,1,1,1,1,1,1,1,1,1,1,1,0.0909091,1
1,1413,1069045,89.1613,2.60008,98.8449,2.12536,0.448085,-9.68367,12,2,2,220.594,379.992,124.953,95.6408,0,1,1,15.922,1,0,0,0.738532,35,2087,1,1,1,1,1,1,1,1,1,1,1,1,1,1,1,1,0.0454545,1
1,1413,1069053,126.146,1.87896,150.785,1.80562,0.704579,-24.6386,7,3,2,214.007,259.364,128.169,53.3563,0,0,0,0,1,1,0,0.875796,25,2261,1,1,1,1,1,1,1,1,1,1,1,1,1,1,1,1,0.0454545,1
1,1413,1069103,173.962,-2.93719,149.715,2.89472,1,24.247,7,1,1,149.715,228.933,149.715,15.7386,0,0,0,0,3,0,0,0.72503,18,1912,1,1,1,1,1,1,1,1,1,1,1,1,1,1,1,1,0.0454545,1
1,1413,1069117,178.303,1.35703,140.606,1.20537,0.751767,37.697,10,3,2,187.034,288.759,78.2997,74.0691,0,0,0,0,0,0,0,0.523922,19,1474,1,1,1,1,1,1,1,1,1,1,1,1,1,1,1,1,0.0454545,1
1,1413,1069158,180.655,1.20848,95.8395,1.42675,1,84.8157,3,1,1,95.8395,122.169,95.8395,14.9416,0,1,1,17.028,1,0,0,0.686655,22,1612,3,1,1,1,1,1,1,1,1,1,1,1,1,1,1,1,0.0454545,1
1,1413,1069194,128.819,1.94343,108.968,2.10251,0.727033,19.8502,5,2,1,149.881,191.711,109.845,40.0358,1,0,1,16.047,2,0,0,0.841659,20,1700,2,1,1,1,1,1,1,1,1,1,1,1,1,1,1,1,0.0454545,1
1,1413,1069228,112.105,-2.21381,41.9171,-2.24917,1,70.188,3,1,0,41.9171,74.6544,41.9171,21.9783,0,0,0,0,1,0,0,0.548482,23,1453,0,1,1,1,1,1,1,0,1,1,1,1,1,1,1,1,0.0454545,1
1,1413,1069184,123.674,-0.847183,89.9679,-0.907422,0.999063,33.7066,8,2,0,90.0523,176.126,47.0825,42.9698,0,0,0,0,3,1,1,0.999584,27,1948,1,1,1,1,1,1,1,1,1,1,1,1,1,1,1,1,0.0454545,1
1,1413,1069205,144.514,2.42397,44.4128,3.02048,1,100.101,2,1,0,44.4128,62.9957,44.4128,18.5829,0,0,0,0,0,0,0,0.313069,17,1456,0,1,1,1,1,1,1,1,1,1,1,1,1,1,1,1,0.0909091,1
1,1413,1069183,166.277,-0.887281,154.544,-0.749394,1,11.7322,11,1,1,154.544,312.413,154.544,27.8988,0,0,0,0,2,1,0,0.952555,30,2169,2,1,1,1,1,1,1,1,1,1,1,1,1,1,1,1,0.0454545,1
1,1413,1069216,95.0412,-0.444264,135.542,-0.334408,1,-40.5011,5,1,1,135.542,197.722,135.542,17.6762,0,0,0,0,2,1,0,0.882193,22,1773,4,1,1,1,1,1,1,1,1,1,1,1,1,1,1,1,0.0454545,1
1,1413,1069222,192.076,0.57591,191.774,0.669387,0.781339,0.30201,5,3,2,245.442,275.038,100.891,97.7106,0,1,1,67.2196,1,1,1,0.99044,22,1676,4,1,1,1,1,1,1,1,1,1,1,1,1,1,1,1,0.0454545,1
1,1413,1069292,200.388,2.04744,120.394,2.88144,0.739932,79.9935,4,4,1,162.71,162.71,58.7825,36.1053,0,1,1,10.6229,1,0,0,0.839002,12,956,2,1,1,1,1,1,1,1,1,1,1,1,1,1,1,1,0.0454545,1
1,1413,1069262,142.651,-2.71917,0,0,0,142.651,2,0,0,0,35.8931,19.6488,16.2442,0,0,0,0,0,0,0,0.330857,20,1297,0,1,1,1,1,1,1,1,1,1,1,1,1,1,1,1,0.0454545,1
1,1413,1069282,110.938,2.16174,84.5577,2.28114,1,26.3799,6,1,1,84.5577,173.863,84.5577,23.5621,0,0,0,0,0,0,0,0.531117,14,1282,0,1,1,1,1,1,1,1,1,1,1,1,1,1,1,1,0.0454545,1
1,1413,1069261,135.086,-2.4852,56.7981,-2.46525,1,78.2875,9,1,1,56.7981,188.81,56.7981,27.9745,0,0,0,0,1,0,0,0.558449,20,1739,0,1,1,1,1,1,1,1,1,1,1,1,1,1,1,1,0.0909091,1
1,1413,1069244,64.7397,-2.05138,121.951,-1.88654,0.882043,-57.2111,4,2,2,138.259,173.389,75.6614,62.598,0,0,0,0,0,0,0,0.323761,26,1795,1,1,1,1,1,1,1,1,0,1,1,1,1,1,1,1,0.0454545,1
1,1413,1069243,122.824,-0.607145,171.426,-0.591394,0.59453,-48.6017,5,2,2,288.339,340.912,211.384,76.955,0,1,1,118.867,0,0,0,0.448111,21,1613,3,1,1,1,1,1,1,1,1,1,1,1,1,1,1,1,0.0454545,1
1,1413,1069316,116.377,2.01558,103.168,1.90498,1,13.2088,3,1,1,103.168,124.857,103.168,11.5894,0,0,0,0,1,0,0,0.640927,10,1101,0,1,1,1,1,1,1,1,0,1,1,1,1,1,1,1,0.0454545,1
1,1413,1069238,149.229,1.38078,137.453,1.2094,0.980668,11.7759,8,2,1,140.163,246.856,99.9289,40.2336,0,0,0,0,0,0,0,0.54243,13,1538,0,1,1,1,1,1,1,1,1,1,1,1,1,1,1,1,0.0454545,1
1,1413,1069368,105.651,-2.24613,0,0,0,105.651,3,0,0,0,41.8408,18.4108,11.9584,0,0,0,0,0,0,0,0.541945,16,1140,0,1,1,1,1,1,1,1,1,1,1,1,1,1,1,1,0.0454545,1
1,1413,1069339,65.3842,3.12923,78.7157,2.7981,0.962786,-13.3315,7,2,0,81.7582,165.534,46.0848,35.6734,0,0,0,0,0,0,0,0.541913,17,1564,0,1,1,1,1,1,1,1,1,1,1,1,1,1,1,1,0.0454545,1
1,1413,1069266,151.099,1.95468,135.906,2.15471,0.693487,15.1925,10,3,3,195.975,282.659,80.102,58.2251,0,1,1,10.8796,2,0,0,0.617684,26,1639,2,1,1,1,1,1,1,1,1,1,1,1,1,1,1,1,0.0454545,1
1,1413,1069409,137.384,-2.73889,167.285,-2.67143,1,-29.9013,4,1,1,167.285,211.061,167.285,17.4927,0,0,0,0,2,2,1,0.969517,18,1360,1,1,1,1,1,1,1,1,1,1,1,1,1,1,1,1,0.0454545,1
1,1413,1069322,71.1304,2.2456,100.176,2.2746,1,-29.0459,5,1,1,100.176,154.606,100.176,14.8197,0,0,0,0,1,0,0,0.553007,27,1676,3,1,1,1,1,1,1,0,1,1,1,1,1,1,1,1,0.0454545,1
1,1413,1069422,98.5907,1.6775,96.6822,1.57109,1,1.90847,2,1,1,96.6822,106.792,96.6822,10.1094,0,0,0,0,1,0,0,0.594688,12,1065,1,1,1,1,1,1,1,0,0,1,1,1,1,1,1,1,0.0454545,1
1,1413,1069299,91.5424,-1.02967,100.675,-0.904167,1,-9.13223,2,1,1,100.675,114.908,100.675,14.2329,0,0,0,0,2,1,1,0.996892,19,1730,2,1,1,1,1,1,1,0,0,1,1,1,1,1,1,1,0.0454545,1
1,1413,1069349,172.472,-2.18397,150.624,-2.06748,0.686323,21.848,5,2,1,219.466,258.495,184.235,35.2304,0,0,0,0,1,0,0,0.796452,25,1642,2,1,1,1,1,1,1,1,1,1,1,1,1,1,1,1,0.0454545,1
1,1413,1069398,125.203,-1.01555,140.147,-1.15278,1,-14.9443,6,1,1,140.147,197.159,140.147,12.4031,0,0,0,0,1,1,0,0.906351,19,1660,1,1,1,1,1,1,1,1,1,1,1,1,1,1,1,1,0.0454545,1
1,1413,1069412,71.9892,-0.484782,76.3721,-0.916395,0.493029,-4.3829,4,3,1,154.904,167.173,70.5336,49.4042,0,0,0,0,0,0,0,0.526144,12,1396,0,1,1,1,1,1,1,0,1,1,1,1,1,1,1,1,0.0454545,1
1,1413,1069309,134.966,-3.11598,110.205,-2.92157,1,24.7611,7,1,1,110.205,208.364,110.205,24.6443,0,0,0,0,2,0,0,0.644686,21,1770,3,1,1,1,1,1,1,1,0,1,1,1,1,1,1,1,0.0454545,1
1,1413,1069379,164.029,-0.724183,133.899,-0.652515,0.278205,30.1295,12,4,2,481.297,587.451,256.002,138.539,0,0,0,0,2,0,0,0.830237,29,2039,2,1,1,1,1,1,1,0,1,1,1,1,1,1,1,1,0.0454545,1
1,1413,1069500,121.872,-2.04966,106.474,-2.06989,1,15.3979,1,1,1,106.474,106.474,106.474,0,0,0,0,0,0,0,0,0.0759726,16,1032,0,1,1,1,1,1,1,0,0,1,1,1,1,1,1,1,0.0454545,1
1,1413,1069387,86.5149,-1.42109,129.825,-1.20909,1,-43.3103,3,1,1,129.825,164.251,129.825,23.0631,0,0,0,0,1,0,0,0.843228,26,1907,2,1,1,1,1,1,1,1,1,1,1,1,1,1,1,1,0.0454545,1
1,1413,1069454,202.135,-1.67259,205.614,-1.72833,0.634446,-3.47926,5,2,2,324.085,364.129,229.516,94.5692,0,0,0,0,1,0,0,0.820821,10,1029,2,1,1,1,1,1,1,1,1,1,1,1,1,1,1,1,0.0909091,1
1,1413,1069425,136.285,-1.25719,128.022,-1.26898,0.341413,8.26217,10,2,2,374.978,502.959,204.246,170.732,0,3,3,86.1616,1,0,0,0.823721,16,1490,3,1,1,1,1,1,1,1,1,1,1,1,1,1,1,1,0.0454545,1
1,1413,1069514,140.252,2.54297,149.378,2.60301,0.597681,-9.12623,6,2,2,249.93,311.941,199.42,50.5096,0,0,0,0,1,0,0,0.776243,19,1403,1,1,1,1,1,1,1,1,1,1,1,1,1,1,1,1,0.0454545,1
1,1413,1069388,94.7861,-1.8928,128.502,-1.83664,0.873102,-33.716,9,2,2,147.179,240.471,75.5432,71.6356,0,1,1,49.8876,1,0,0,0.556507,25,1816,2,1,1,1,1,1,1,1,1,1,1,1,1,1,1,1,0.0454545,1
1,1413,1069536,98.1008,-2.75124,121.193,-2.42089,1,-23.0919,4,1,1,121.193,157.922,121.193,13.0402,0,0,0,0,0,0,0,0.526571,21,1489,0,1,1,1,1,1,1,1,0,1,1,1,1,1,1,1,0.0454545,1
1,1413,1069411,144.712,-1.75051,0,0,0,144.712,5,0,0,0,66.4483,15.9988,14.7479,0,0,0,0,0,0,0,0.344534,23,1590,4,1,1,1,1,1,1,0,1,1,1,1,1,1,1,1,0.0454545,1
1,1413,1069465,167.495,-2.57043,134.646,-2.61244,1,32.8484,1,1,1,134.646,134.646,134.646,0,0,0,0,0,1,1,1,0.954663,21,1590,2,1,1,1,1,1,1,1,1,1,1,1,1,1,1,1,0.0454545,1
1,1413,1069519,61.1431,2.6214,111.152,-2.91001,0.500443,-50.0088,7,3,3,222.107,269.942,93.0857,76.6461,0,0,0,0,2,1,1,0.986719,12,1738,6,1,1,1,1,1,1,1,1,1,1,1,1,1,1,1,0.0909091,1
1,1413,1069559,196.187,-1.87789,169.539,-1.88954,0.238866,26.6486,5,3,3,709.765,747.302,428.958,210.525,0,1,1,167.684,2,0,0,0.801761,18,917,5,1,1,1,1,1,1,1,1,1,1,1,1,1,1,1,0.0454545,1
1,1413,1069521,150.534,-0.911816,166.793,-0.711183,0.666812,-16.2598,7,2,2,250.136,322.911,156.902,93.2335,0,0,0,0,0,0,0,0.473644,13,1333,2,1,1,1,1,1,1,1,1,1,1,1,1,1,1,1,0.0454545,1
1,1413,1069574,98.9875,-1.25529,80.08,-1.0035,1,18.9075,5,1,1,80.08,135.445,80.08,16.4309,0,0,0,0,1,0,0,0.543078,11,1213,1,1,1,1,1,1,1,0,1,1,1,1,1,1,1,1,0.0454545,1
1,1413,1069556,166.751,-1.54142,185.277,-1.6383,0.415321,-18.526,6,4,3,446.105,473.023,228.74,95.5686,0,0,0,0,0,0,0,0.450909,11,948,1,1,1,1,1,1,1,1,1,1,1,1,1,1,1,1,0.0909091,1
1,1413,1069612,94.899,-2.23978,0,0,0,94.899,2,0,0,0,27.5432,15.1678,12.3753,0,0,0,0,1,0,0,0.556957,10,840,0,1,1,1,1,1,1,0,0,1,1,1,1,1,1,1,0.0454545,1
1,1413,1069567,105.735,-1.66178,136.085,-1.60376,1,-30.3509,4,1,1,136.085,171.231,136.085,12.5304,0,2,2,61.7205,0,0,0,0.330603,16,1400,2,1,1,1,1,1,1,1,1,1,1,1,1,1,1,1,0.0454545,1
1,1413,1069522,98.2426,1.09168,98.3458,1.12106,1,-0.103271,11,1,1,98.3458,262.452,98.3458,25.9246,0,0,0,0,2,0,0,0.602592,20,1626,2,1,1,1,1,1,1,1,1,1,1,1,1,1,1,1,0.0454545,1
1,1413,1069526,169.181,1.5727,168.074,1.36315,1,1.1076,6,1,1,168.074,231.48,168.074,19.2969,0,0,0,0,2,0,0,0.80974,20,1896,2,1,1,1,1,1,1,1,1,1,1,1,1,1,1,1,0.0454545,1
1,1413,1069589,85.2303,-1.4187,98.1802,-1.52986,1,-12.9498,4,1,1,98.1802,149.72,98.1802,22.776,1,0,1,18.3045,0,0,0,0.205079,8,850,1,1,1,1,1,1,1,1,0,1,1,1,1,1,1,1,0.0454545,1
1,1413,1069537,141.702,-1.19217,104.007,-0.937518,0.91817,37.6955,7,2,1,113.276,182.46,75.1396,38.1364,0,0,0,0,1,0,0,0.640157,19,1812,3,1,1,1,1,1,1,1,1,1,1,1,1,1,1,1,0.0454545,1
1,1413,1069628,61.2604,2.09734,0,0,0,61.2604,1,0,0,0,23.3708,23.3708,0,0,0,0,0,0,0,0,0.307047,18,1298,0,1,1,1,1,1,1,0,0,1,1,1,1,1,1,1,0.0454545,1
1,1413,1069581,159.215,-0.234237,133.685,0.0253684,1,25.5296,3,1,1,133.685,161.8,133.685,15.5397,0,0,0,0,2,1,0,0.929068,17,1577,2,1,1,1,1,1,1,1,1,1,1,1,1,1,1,1,0.0454545,1
1,1413,1069625,68.4569,2.62383,51.423,3.03878,0.491784,17.0339,5,2,1,104.564,139.609,74.0674,30.4968,0,0,0,0,0,0,0,0.461514,17,1232,1,1,1,1,1,1,1,1,0,1,1,1,1,1,1,1,0.0454545,1
1,1413,1069638,112.044,2.71467,121.557,2.85501,0.694662,-9.51381,5,2,1,174.988,209.815,144.267,30.7202,0,0,0,0,0,0,0,0.213424,24,1704,3,1,1,1,1,1,1,1,1,1,1,1,1,1,1,1,0.0454545,1
1,1413,1069580,128.229,-0.724107,110.562,-0.616709,0.335117,17.6672,6,3,2,329.919,368.374,184.459,97.8841,1,0,1,16.2285,0,0,0,0.527094,19,1730,1,1,1,1,1,1,1,1,1,1,1,1,1,1,1,1,0.0454545,1
1,1413,1069600,207.044,-2.67163,230.823,-2.72603,1,-23.7796,7,1,1,230.823,325.2,230.823,24.5834,0,0,0,0,2,0,0,0.770502,31,2003,0,1,1,1,1,1,1,1,1,1,1,1,1,1,1,1,0.0454545,1
1,1413,1069576,207.774,2.629,190.975,2.37569,1,16.7989,6,1,1,190.975,272.966,190.975,20.4497,0,0,0,0,2,1,0,0.899623,28,1674,3,1,1,1,1,1,1,1,1,1,1,1,1,1,1,1,0.0454545,1
1,1446,1093879,151.62,0.610285,154.346,0.61878,1,-2.72623,2,1,1,154.346,168.749,154.346,14.4029,0,1,1,87.0992,0,0,0,0.303535,7,876,0,1,1,1,1,1,1,1,1,1,1,1,1,1,1,1,0.0454545,1
1,1446,1093888,164.32,-2.54231,134.858,-2.76654,1,29.462,3,1,1,134.858,170.3,134.858,24.9682,0,0,0,0,0,0,0,0.542394,11,1118,0,1,1,1,1,1,1,1,0,1,1,1,1,1,1,1,0.0454545,1
1,1446,1093979,144.873,0.299456,163.429,0.152313,1,-18.5552,4,1,1,163.429,222.343,163.429,27.0299,0,0,0,0,1,0,0,0.699522,16,1432,2,1,1,1,1,1,1,1,1,1,1,1,1,1,1,1,0.0454545,1
1,1446,1093973,86.8373,1.61414,65.2114,1.30933,1,21.6258,5,1,1,65.2114,141.785,65.2114,25.3703,0,0,0,0,0,0,0,0.520305,11,922,0,1,1,1,1,1,1,0,0,1,1,1,1,1,1,1,0.0454545,1
1,1446,1093899,130.57,-0.415821,138.422,-0.207564,1,-7.85191,3,1,1,138.422,166.711,138.422,17.0555,0,0,0,0,0,0,0,0.126294,14,994,1,1,1,1,1,1,1,1,1,1,1,1,1,1,1,1,0.0454545,1
1,1446,1093931,95.3387,1.59154,112.184,1.77566,0.59668,-16.8449,9,2,1,188.013,296.157,148.844,39.1686,0,1,1,11.3519,2,0,0,0.764044,19,1663,3,1,1,1,1,1,1,1,1,1,1,1,1,1,1,1,0.0454545,1
1,1446,1094010,139.278,-0.547153,164.471,-0.697786,1,-25.193,2,1,1,164.471,180.684,164.471,16.213,1,0,1,41.8039,0,0,0,0.199084,14,1168,0,1,1,1,1,1,1,1,1,1,1,1,1,1,1,1,0.0454545,1
1,1446,1094001,92.295,1.17984,78.3626,1.25146,0.475407,13.9324,5,2,2,164.833,213.09,108.56,56.2732,0,0,0,0,2,0,0,0.839714,14,1098,6,1,1,1,1,1,1,1,1,1,1,1,1,1,1,1,0.0454545,1
1,1446,1093900,98.7898,-2.5138,68.0721,-2.59959,0.270193,30.7176,6,5,2,251.939,266.432,71.1634,66.0612,1,2,3,53.366,0,0,0,0.529793,27,1630,2,1,1,1,1,1,1,1,1,1,1,1,1,1,1,1,0.0909091,1
1,1446,1093901,173.211,2.20171,209.776,2.35208,0.740304,-36.565,4,2,1,283.365,310.085,239.821,43.544,0,0,0,0,0,0,0,0.534615,23,1750,2,1,1,1,1,1,1,1,1,1,1,1,1,1,1,1,0.0454545,1
1,1446,1094022,132.352,-1.70982,95.4047,-1.91421,0.809937,36.9478,7,2,1,117.793,175.413,86.7773,31.0153,0,0,0,0,1,0,0,0.553649,21,1612,1,1,1,1,1,1,1,0,0,1,1,1,1,1,1,1,0.0454545,1
1,1446,1093994,101.861,-2.72378,115.604,-3.05706,0.593124,-13.7429,4,2,2,194.907,220.669,135.988,58.919,0,0,0,0,1,1,0,0.916552,20,1452,1,1,1,1,1,1,1,1,1,1,1,1,1,1,1,1,0.0454545,1
1,1446,1093984,85.583,-1.58573,138.816,-1.16715,0.605833,-53.2333,9,4,2,229.133,304.996,88.3386,67.9224,0,0,0,0,1,0,0,0.818439,28,2095,1,1,1,1,1,1,1,0,1,1,1,1,1,1,1,1,0.0909091,1
1,1446,1093972,163.852,0.745109,125.888,0.457709,1,37.9641,4,1,1,125.888,186.707,125.888,27.9198,0,0,0,0,2,1,0,0.912125,24,1915,4,1,1,1,1,1,1,1,1,1,1,1,1,1,1,1,0.0454545,1
1,1446,1094095,81.9183,-0.426532,106.904,-0.468419,1,-24.9856,5,1,1,106.904,170.978,106.904,26.0967,0,0,0,0,0,0,0,0.0655344,5,695,1,1,1,1,1,1,1,0,1,1,1,1,1,1,1,1,0.0909091,1
1,1446,1094047,106.349,0.876618,0,0,0,106.349,3,0,0,0,59.3386,24.0196,19.551,0,0,0,0,1,0,0,0.771232,14,1202,0,1,1,1,1,1,1,1,0,1,1,1,1,1,1,1,0.0454545,1
1,1446,1094011,31.475,-2.58443,56.6849,0.468309,0.273615,-25.2098,7,2,2,207.17,291.072,128.902,78.268,1,1,2,25.8179,3,2,1,0.995526,26,1944,4,1,1,1,1,1,1,1,1,1,1,1,1,1,1,1,0.0454545,1
1,1446,1094130,126.635,2.94036,112.874,2.6693,1,13.7609,4,1,1,112.874,159.478,112.874,18.9353,0,0,0,0,0,0,0,0.195138,15,1080,1,1,1,1,1,1,1,1,0,1,1,1,1,1,1,1,0.0454545,1
1,1446,1094071,107.08,-0.900789,67.1274,-0.428879,0.404928,39.9527,7,2,2,165.776,244.504,91.7229,74.0531,0,0,0,0,0,0,0,0.494512,9,807,1,1,1,1,1,1,1,1,1,1,1,1,1,1,1,1,0.0454545,1
1,1446,1094092,133.449,-2.9574,131.912,3.13552,1,1.5365,1,1,1,131.912,131.912,131.912,0,0,0,0,0,0,0,0,0.0882816,12,1145,2,1,1,1,1,1,1,1,1,1,1,1,1,1,1,1,0.0454545,1
1,1446,1094085,156.959,2.55408,165.573,2.43597,0.512248,-8.61431,6,4,2,323.229,346.653,191.341,60.2619,0,0,0,0,0,0,0,0.267912,17,1324,4,1,1,1,1,1,1,1,1,1,1,1,1,1,1,1,0.0454545,1
1,1446,1094061,174.324,0.187532,153.552,-0.183697,1,20.7723,8,1,1,153.552,266.073,153.552,23.7059,0,0,0,0,3,0,0,0.703022,20,1375,2,1,1,1,1,1,1,1,1,1,1,1,1,1,1,1,0.0454545,1
1,1446,1094138,84.0972,-0.000765504,105.058,-0.167544,1,-20.9606,4,1,1,105.058,150.166,105.058,17.9624,0,0,0,0,0,0,0,0.527277,20,1279,1,1,1,1,1,1,1,0,1,1,1,1,1,1,1,1,0.0454545,1
1,1446,1094185,173.068,-1.27328,167.113,-1.23391,0.498109,5.95444,6,3,2,335.496,382.739,245.852,50.1658,0,0,0,0,0,0,0,0.31022,18,1329,0,1,1,1,1,1,1,1,1,1,1,1,1,1,1,1,0.0454545,1
1,1446,1094145,125.376,1.42814,76.2752,1.53546,1,49.1013,6,1,1,76.2752,143.649,76.2752,18.0059,0,0,0,0,2,1,1,0.979905,15,1178,2,1,1,1,1,1,1,0,1,1,1,1,1,1,1,1,0.0454545,1
1,1446,1094131,174.345,1.46647,134.459,1.39431,0.36191,39.8862,6,2,2,371.527,442.626,206.346,165.18,1,1,2,138.468,0,0,0,0.531607,25,1443,2,1,1,1,1,1,1,1,1,1,1,1,1,1,1,1,0.0454545,1
1,1446,1094181,117.746,-0.921036,121.311,-0.801021,0.557847,-3.56527,7,3,2,217.463,267.22,88.8021,86.3574,0,0,0,0,2,0,0,0.705901,22,1758,2,1,1,1,1,1,1,1,1,1,1,1,1,1,1,1,0.0454545,1
1,1446,1094167,131.529,-3.12975,71.2484,-3.02394,1,60.2806,6,1,1,71.2484,148.045,71.2484,23.5795,0,0,0,0,0,0,0,0.526214,15,1228,1,1,1,1,1,1,1,1,1,1,1,1,1,1,1,1,0.227273,1
1,1446,1094198,150.867,2.64374,171.414,2.37551,1,-20.5473,5,1,1,171.414,240.708,171.414,23.3574,0,1,1,32.7895,1,0,0,0.71023,25,1721,3,1,1,1,1,1,1,1,1,1,1,1,1,1,1,1,0.0454545,1
1,1446,1094251,147.262,1.54328,125.079,1.64295,0.999556,22.1821,7,2,2,125.135,204.601,67.9429,57.1922,0,0,0,0,1,1,1,0.997343,16,1182,3,1,1,1,1,1,1,1,0,1,1,1,1,1,1,1,0.0454545,1
1,1446,1094228,85.2703,0.560645,102.335,0.744615,0.753733,-17.0646,7,2,2,135.771,199.483,77.3617,58.409,0,0,0,0,0,0,0,0.472371,21,1677,1,1,1,1,1,1,1,0,0,1,1,1,1,1,1,1,0.0454545,1
1,1446,1094006,137.318,-2.95152,89.5198,-2.76609,1,47.7987,7,1,1,89.5198,182.279,89.5198,23.2599,0,0,0,0,2,1,0,0.861975,32,2364,2,1,1,1,1,1,1,1,1,1,1,1,1,1,1,1,0.0454545,1
1,1446,1094262,93.9049,-1.30049,114.329,-1.59835,1,-20.4239,3,1,1,114.329,136.451,114.329,11.1363,0,1,1,11.4279,0,0,0,0.484164,17,1427,0,1,1,1,1,1,1,1,1,1,1,1,1,1,1,1,0.0454545,1
1,1446,1094264,215.222,1.69081,187.967,1.5307,0.873048,27.255,5,2,2,215.3,254.948,136.023,79.2773,0,0,0,0,1,0,0,0.620872,13,1095,2,1,1,1,1,1,1,1,1,1,1,1,1,1,1,1,0.0909091,1
1,1446,1094225,62.2683,-0.9156,104.628,-0.97742,0.309433,-42.3599,7,4,3,338.129,389.007,141.595,100.618,0,2,2,89.3429,2,0,0,0.704256,27,1907,3,1,1,1,1,1,1,1,1,1,1,1,1,1,1,1,0.0454545,1
1,1446,1094289,113.821,0.760896,0,0,0,113.821,4,0,0,0,55.8933,18.6765,15.0819,0,0,0,0,2,1,0,0.892228,22,1640,1,1,1,1,1,1,1,1,1,1,1,1,1,1,1,1,0.0454545,1
1,1446,1094279,129.299,3.01707,120.398,-3.08457,1,8.90071,6,1,1,120.398,204.02,120.398,23.8567,0,0,0,0,2,0,0,0.792778,18,1723,2,1,1,1,1,1,1,1,0,1,1,1,1,1,1,1,0.0454545,1
1,1446,1094195,174.303,-0.158693,177.216,0.0011479,1,-2.91231,2,1,1,177.216,188.95,177.216,11.734,0,0,0,0,0,0,0,0.53168,24,1935,2,1,1,1,1,1,1,1,1,1,1,1,1,1,1,1,0.0454545,1
1,1446,1094296,79.8769,2.06381,0,0,0,79.8769,3,0,0,0,43.0207,21.5833,10.9444,0,0,0,0,0,0,0,0.212334,20,1389,2,1,1,1,1,1,1,1,0,1,1,1,1,1,1,1,0.0454545,1
1,1446,1094269,117.331,2.49085,99.8404,2.52812,0.340726,17.4906,8,4,3,293.023,358.524,100.104,85.8438,0,0,0,0,2,0,0,0.737796,22,1800,2,1,1,1,1,1,1,1,1,1,1,1,1,1,1,1,0.0909091,1
1,1446,1094311,91.0503,0.116052,117.691,0.187522,0.438783,-26.6403,7,3,2,268.22,335.614,137.521,95.422,0,2,2,29.4616,2,1,1,0.996352,9,1029,3,1,1,1,1,1,1,1,1,1,1,1,1,1,1,1,0.0454545,1
1,1446,1094282,169.513,-1.43089,206.054,-1.63533,0.876275,-36.5413,5,2,1,235.148,277.684,195.275,39.8727,2,0,2,65.5375,0,0,0,0.527563,26,1904,1,1,1,1,1,1,1,1,1,1,1,1,1,1,1,1,0.0454545,1
1,1446,1094353,213.182,3.01282,166.922,2.94639,0.574222,46.2596,5,3,2,290.693,312.07,190.489,66.8133,0,0,0,0,0,0,0,0.457555,17,1328,2,1,1,1,1,1,1,1,1,1,1,1,1,1,1,1,0.0909091,1
1,1446,1094319,62.0977,-2.19495,0,0,0,62.0977,5,0,0,0,73.4252,26.7007,13.5187,0,0,0,0,3,1,0,0.884415,17,1710,1,1,1,1,1,1,1,0,0,1,1,1,1,1,1,1,0.0454545,1
1,1446,1094365,146.918,2.56322,158.094,2.68928,1,-11.1759,3,1,1,158.094,181.371,158.094,12.9921,0,0,0,0,0,0,0,0.323079,11,840,1,1,1,1,1,1,1,1,0,1,1,1,1,1,1,1,0.0454545,1
1,1446,1094294,70.9422,1.19007,117.114,0.505433,1,-46.1718,4,1,1,117.114,150.736,117.114,11.8486,0,0,0,0,0,0,0,0.526117,22,1877,0,1,1,1,1,1,1,0,1,1,1,1,1,1,1,1,0.0454545,1
1,1446,1094332,150.981,-0.390221,184.87,-0.779668,0.953707,-33.889,12,4,2,193.843,324.13,65.803,56.1257,0,0,0,0,1,0,0,0.581729,20,1547,1,1,1,1,1,1,1,1,1,1,1,1,1,1,1,1,0.136364,1
1,1446,1094366,162.508,-1.868,157.926,-1.79791,0.985427,4.58216,3,2,1,160.262,170.625,111.391,48.8706,0,2,2,26.8486,0,0,0,0.354406,6,696,1,1,1,1,1,1,1,1,1,1,1,1,1,1,1,1,0.0454545,1
1,1446,1094256,217.686,-3.00518,350.772,-1.53654,0.995816,-133.086,12,2,1,352.246,487.893,310.818,41.4275,0,1,1,75.421,3,0,0,0.662875,26,2116,3,1,1,1,1,1,1,1,1,1,1,1,1,1,1,1,0.0909091,1
1,1446,1094416,158.137,2.61619,0,0,0,158.137,3,0,0,0,46.6455,23.0379,13.4244,0,0,0,0,0,0,0,0.528611,13,1428,0,1,1,1,1,1,1,1,0,1,1,1,1,1,1,1,0.0454545,1
1,1446,1094384,119.697,-2.26443,0,0,0,119.697,2,0,0,0,27.8689,14.9504,12.9185,0,0,0,0,0,0,0,0.527304,23,1562,0,1,1,1,1,1,1,1,1,1,1,1,1,1,1,1,0.0454545,1
1,1446,1094381,149.626,0.664801,0,0,0,149.626,6,0,0,0,89.3616,22.3576,16.3968,0,0,0,0,2,0,0,0.556672,16,1493,1,1,1,1,1,1,1,1,1,1,1,1,1,1,1,1,0.0454545,1
1,1446,1094346,111.217,2.88675,107.183,3.039,0.665373,4.03392,9,3,1,161.088,243.769,88.4979,39.7105,0,0,0,0,2,1,0,0.879836,30,2277,1,1,1,1,1,1,1,1,1,1,1,1,1,1,1,1,0.0454545,1
1,1446,1094434,163.793,0.41475,194.597,-0.0407476,1,-30.8039,5,1,1,194.597,278.152,194.597,26.4338,0,0,0,0,0,0,0,0.307679,7,891,1,1,1,1,1,1,1,1,1,1,1,1,1,1,1,1,0.0454545,1
1,1446,1094358,116.026,3.09757,62.7394,1.32975,1,53.287,8,1,1,62.7394,162.998,62.7394,24.1481,0,0,0,0,1,0,0,0.554645,17,1878,3,1,1,1,1,1,1,1,1,1,1,1,1,1,1,1,0.0454545,1
1,1446,1094438,119.379,-3.05006,115.873,-3.07112,0.366088,3.50579,7,3,2,316.517,375.572,135.86,132.621,1,1,2,30.2924,1,1,1,0.955322,11,920,2,1,1,1,1,1,1,1,1,1,1,1,1,1,1,1,0.0454545,1
1,1446,1094350,69.6577,-2.59745,57.8322,-0.931393,1,11.8256,5,1,1,57.8322,108.56,57.8322,15.8334,0,0,0,0,3,1,1,0.99911,28,2244,1,1,1,1,1,1,1,0,1,1,1,1,1,1,1,1,0.0454545,1
1,1446,1094423,159.62,-1.43628,144.455,-1.23784,0.639607,15.1644,9,4,1,225.85,294.47,112.735,42.2491,0,0,0,0,2,0,0,0.635195,18,1715,3,1,1,1,1,1,1,1,1,1,1,1,1,1,1,1,0.0454545,1
1,1446,1094368,157.742,2.78702,0,0,0,157.742,7,0,0,0,103.369,20.5382,16.1631,0,0,0,0,1,0,0,0.661349,23,2028,0,1,1,1,1,1,1,1,1,1,1,1,1,1,1,1,0.0454545,1
1,1446,1094463,155.015,0.718218,144.697,0.718782,1,10.3175,7,1,1,144.697,224.977,144.697,16.7647,0,0,0,0,0,0,0,0.526223,23,1624,1,1,1,1,1,1,1,1,1,1,1,1,1,1,1,1,0.0454545,1
1,1446,1094444,122.884,-2.99218,97.7329,-2.67712,0.197559,25.1508,11,4,3,494.703,607.782,203.487,167.143,0,0,0,0,0,0,0,0.34873,24,1706,4,1,1,1,1,1,1,1,1,1,1,1,1,1,1,1,0.0454545,1
1,1446,1094511,133.628,1.87548,128.639,1.2564,1,4.98865,4,1,1,128.639,176.152,128.639,20.22,0,0,0,0,0,0,0,0.332035,19,1659,1,1,1,1,1,1,1,1,1,1,1,1,1,1,1,1,0.0454545,1
1,1446,1094501,80.7434,2.79304,98.0861,2.53417,1,-17.3427,3,1,1,98.0861,128.833,98.0861,18.9153,0,1,1,31.9682,1,1,0,0.903552,23,1476,1,1,1,1,1,1,1,0,1,1,1,1,1,1,1,1,0.0454545,1
1,1446,1094491,125.67,2.87785,156.758,2.53003,0.97511,-31.0874,6,2,1,160.759,211.905,123.925,36.8335,0,0,0,0,0,0,0,0.51652,22,1703,1,1,1,1,1,1,1,1,1,1,1,1,1,1,1,1,0.0454545,1
1,1446,1094517,135.201,-1.51902,130.107,-1.66723,1,5.09421,6,1,1,130.107,192.037,130.107,13.1951,0,0,0,0,0,0,0,0.351474,22,1502,0,1,1,1,1,1,1,1,1,1,1,1,1,1,1,1,0.0454545,1
1,1446,1094487,119.005,1.14844,138.794,1.05528,1,-19.7887,4,1,1,138.794,187.536,138.794,22.0968,0,0,0,0,0,0,0,0.527923,28,2048,2,1,1,1,1,1,1,1,1,1,1,1,1,1,1,1,0.0454545,1
1,1446,1094536,189.185,-2.22425,288.907,-2.02884,0.888367,-99.7223,7,4,3,325.212,365.34,154.958,75.2112,0,2,2,70.9587,1,1,1,0.978259,12,1174,1,1,1,1,1,1,1,1,1,1,1,1,1,1,1,1,0.0454545,1
1,1446,1094512,98.8381,-1.71895,51.2729,-2.03008,1,47.5652,12,1,1,51.2729,239.778,51.2729,28.5165,0,0,0,0,3,0,0,0.773616,19,1823,3,1,1,1,1,1,1,1,1,1,1,1,1,1,1,1,0.0454545,1
1,1446,1094522,127.954,1.85528,146.567,1.72391,0.934473,-18.6126,4,2,1,156.844,182.98,122.102,34.7427,0,0,0,0,1,1,0,0.88524,23,1666,1,1,1,1,1,1,1,1,1,1,1,1,1,1,1,1,0.0454545,1
1,1446,1094565,133.511,2.70003,131.582,2.48492,0.98944,1.9293,2,2,1,132.986,132.986,96.1588,36.8272,1,0,1,11.2689,0,0,0,0.139567,31,1821,1,1,1,1,1,1,1,1,1,1,1,1,1,1,1,1,0.0454545,1
1,1446,1094528,97.2882,-2.57189,119.39,-2.70408,0.510099,-22.1017,6,2,2,234.053,287.599,131.721,102.331,0,0,0,0,1,1,0,0.945937,24,1740,1,1,1,1,1,1,1,1,1,1,1,1,1,1,1,1,0.0454545,1
1,1446,1094534,179.6,-2.43881,93.5657,-2.50996,1,86.034,7,1,1,93.5657,205.123,93.5657,28.9179,0,0,0,0,0,0,0,0.455618,8,1494,2,1,1,1,1,1,1,1,1,1,1,1,1,1,1,1,0.0454545,1
1,1446,1094548,146.742,-1.27383,213.391,-1.08694,0.400788,-66.6497,5,2,2,532.429,590.705,348.686,183.743,0,0,0,0,1,0,0,0.822843,8,891,2,1,1,1,1,1,1,1,1,1,1,1,1,1,1,1,0.0454545,1
1,1446,1094537,117.557,2.9364,105.845,2.71147,0.496068,11.7121,9,3,1,213.367,291.403,126.445,46.0685,0,0,0,0,2,1,0,0.879488,25,1784,2,1,1,1,1,1,1,1,1,1,1,1,1,1,1,1,0.0454545,1
1,1446,1094540,147.07,-0.979957,202.253,-0.872071,0.996908,-55.1836,7,2,2,202.88,288.257,124.226,78.6543,0,0,0,0,1,1,0,0.889495,15,1329,3,1,1,1,1,1,1,1,1,1,1,1,1,1,1,1,0.0454545,1
1,1446,1094532,228.156,0.788844,147.865,0.787001,1,80.2908,6,1,1,147.865,222.94,147.865,18.9967,0,0,0,0,3,0,0,0.737929,16,1682,3,1,1,1,1,1,1,1,1,1,1,1,1,1,1,1,0.0454545,1
1,1446,1094576,113.931,-2.08957,92.7262,-2.16305,1,21.2045,3,1,1,92.7262,130.347,92.7262,27.5616,0,0,0,0,2,1,1,0.999015,19,1322,2,1,1,1,1,1,1,0,1,1,1,1,1,1,1,1,0.0454545,1
1,1446,1094567,106.315,1.75062,47.1453,2.40295,1,59.1697,7,1,0,47.1453,152.53,47.1453,28.762,0,1,1,10.7849,1,1,0,0.943868,15,1321,3,1,1,1,1,1,1,0,1,1,1,1,1,1,1,1,0.0454545,1
1,1446,1094541,80.0565,2.15385,74.8356,1.91066,0.130196,5.22089,6,3,3,574.794,607.023,269.683,253.127,0,1,1,18.7737,1,0,0,0.735755,20,1621,3,1,1,1,1,1,1,0,1,1,1,1,1,1,1,1,0.0454545,1
1,1446,1094580,108.051,-2.48831,95.1464,-2.50323,0.815179,12.9044,4,2,1,116.718,140.69,85.4487,31.2697,0,1,1,12.924,1,0,0,0.83737,16,963,2,1,1,1,1,1,1,0,1,1,1,1,1,1,1,1,0.0454545,1
1,1446,1094596,135.922,0.738935,133.808,0.83224,0.54537,2.11338,6,2,2,245.353,296.769,188.727,56.6258,2,1,3,158.366,0,0,0,0.29453,8,1168,2,1,1,1,1,1,1,1,1,1,1,1,1,1,1,1,0.0454545,1
1,1446,1094611,133.63,2.67063,85.9385,2.60765,1,47.6911,5,1,1,85.9385,131.105,85.9385,11.9029,0,0,0,0,0,0,0,0.432537,14,1174,0,1,1,1,1,1,1,1,1,1,1,1,1,1,1,1,0.0909091,1
1,1446,1094604,89.879,-0.964538,109.942,-1.13392,1,-20.0626,7,1,1,109.942,192.296,109.942,18.87,0,0,0,0,0,0,0,0.370554,20,1450,1,1,1,1,1,1,1,1,0,1,1,1,1,1,1,1,0.0454545,1
1,1446,1094572,128.823,1.4479,180.641,1.23532,0.588949,-51.8178,10,3,3,306.718,407.374,160.984,84.6546,0,1,1,12.631,1,1,1,0.974248,24,1624,2,1,1,1,1,1,1,1,1,1,1,1,1,1,1,1,0.0454545,1
1,1446,1094621,108.723,1.80536,104.809,2.07489,0.557833,3.91432,8,3,2,187.886,261.561,84.597,64.5633,0,1,1,11.9468,1,0,0,0.830478,26,1849,1,1,1,1,1,1,1,1,1,1,1,1,1,1,1,1,0.0454545,1
1,1446,1094602,126.638,1.91189,0,0,0,126.638,5,0,0,0,66.13,16.9989,13.9629,0,0,0,0,0,0,0,0.339024,26,1658,0,1,1,1,1,1,1,1,0,1,1,1,1,1,1,1,0.0454545,1
1,1446,1094161,123.414,0.0948545,100.723,-0.039884,1,22.6911,11,1,1,100.723,262.539,100.723,23.0298,0,0,0,0,3,1,0,0.869146,32,2173,2,1,1,1,1,1,1,1,1,1,1,1,1,1,1,1,0.0909091,1
1,1467,1109774,122.147,-3.11112,143.433,3.0809,0.989464,-21.2854,5,2,2,144.96,198.566,84.9393,60.0208,0,0,0,0,1,0,0,0.683924,12,1172,3,1,1,1,1,1,1,1,1,1,1,1,1,1,1,1,0.0454545,1
1,1467,1109804,134.002,-0.700465,87.5848,-1.03465,1,46.4171,3,1,1,87.5848,123.9,87.5848,24.2119,0,0,0,0,3,1,0,0.922504,7,1090,1,1,1,1,1,1,1,1,1,1,1,1,1,1,1,1,0.0454545,1
1,1467,1109805,123.591,-2.85212,122.148,-2.98696,1,1.44301,2,1,1,122.148,137.926,122.148,15.7776,0,0,0,0,0,0,0,0.0724913,10,802,0,1,1,1,1,1,1,1,1,1,1,1,1,1,1,1,0.0454545,1
1,1467,1109779,151.379,-0.612208,134.253,-0.569909,0.42191,17.1259,4,3,3,318.203,347.879,114.427,105.839,0,1,1,79.5363,0,0,0,0.267894,18,1131,0,1,1,1,1,1,1,0,1,1,1,1,1,1,1,1,0.0454545,1
1,1467,1109765,247.595,1.37723,217.971,1.24836,0.973583,29.624,4,3,2,223.886,243.371,130.137,54.996,0,0,0,0,2,1,1,0.99033,20,1362,3,1,1,1,1,1,1,1,0,1,1,1,1,1,1,1,0.0454545,1
1,1467,1109766,83.0264,1.79922,101.144,1.4287,1,-18.1172,3,1,1,101.144,121.316,101.144,10.0924,0,0,0,0,3,1,1,0.964846,23,1771,2,1,1,1,1,1,1,0,1,1,1,1,1,1,1,1,0.0454545,1
1,1467,1109810,149.26,-1.97287,117.126,-1.69246,1,32.1344,4,1,1,117.126,166.385,117.126,27.8617,0,0,0,0,0,0,0,0.17809,12,1173,0,1,1,1,1,1,1,1,1,1,1,1,1,1,1,1,0.0454545,1
1,1467,1109784,140.06,1.57552,102.474,1.84355,1,37.5861,4,1,1,102.474,152.458,102.474,18.1082,0,0,0,0,1,0,0,0.827546,27,1689,1,1,1,1,1,1,1,1,1,1,1,1,1,1,1,1,0.0454545,1
1,1467,1109816,131.252,-2.67831,143.397,-2.74242,0.648819,-12.1451,6,4,1,221.012,259.187,99.9693,48.5476,1,0,1,19.2173,2,0,0,0.714258,11,1057,0,1,1,1,1,1,1,1,1,1,1,1,1,1,1,1,0.0909091,1
1,1467,1109803,145.441,0.890186,0,0,0,145.441,3,0,0,0,42.0605,18.0027,13.3526,0,0,0,0,0,0,0,0.226439,19,1561,0,1,1,1,1,1,1,1,0,1,1,1,1,1,1,1,0.0454545,1
1,1467,1109867,124.849,-2.58741,116.737,-2.57688,0.997442,8.11164,7,2,1,117.037,181.908,82.525,34.5118,0,0,0,0,0,0,0,0.245053,7,818,0,1,1,1,1,1,1,1,0,1,1,1,1,1,1,1,0.0454545,1
1,1467,1109817,200.272,-2.7609,193.759,-2.80066,1,6.51289,3,1,1,193.759,220.445,193.759,15.9748,0,0,0,0,0,0,0,0.181589,13,1143,1,1,1,1,1,1,1,1,1,1,1,1,1,1,1,1,0.0454545,1
1,1467,1109922,141.922,-1.72285,160.246,-1.7361,0.985274,-18.3236,5,2,1,162.641,205.634,132.476,30.1653,3,1,4,89.5334,2,1,1,0.995167,10,923,2,1,1,1,1,1,1,1,0,1,1,1,1,1,1,1,0.0454545,1
1,1467,1109808,122.762,-1.06271,77.8657,-1.23024,0.532802,44.896,7,3,1,146.144,225.715,64.4345,48.8534,0,0,0,0,1,0,0,0.706858,21,1427,2,1,1,1,1,1,1,0,1,1,1,1,1,1,1,1,0.0909091,1
1,1467,1109812,138.418,-1.89803,96.6388,-1.56973,1,41.7794,6,1,1,96.6388,164.06,96.6388,19.7474,0,0,0,0,0,0,0,0.530694,27,1716,0,1,1,1,1,1,1,1,1,1,1,1,1,1,1,1,0.0454545,1
1,1467,1109825,163.899,0.91541,41.9016,1.59076,1,121.997,5,1,0,41.9016,97.8634,41.9016,20.6854,0,0,0,0,1,0,0,0.838569,17,1455,2,1,1,1,1,1,1,1,1,1,1,1,1,1,1,1,0.0454545,1
1,1467,1109898,117.02,-0.414558,0,0,0,117.02,2,0,0,0,36.9458,22.3277,14.6181,0,1,1,59.3177,0,0,0,0.354198,22,1365,0,1,1,1,1,1,1,0,1,1,1,1,1,1,1,1,0.0454545,1
1,1467,1109872,148.837,-1.27083,110.055,-1.60542,0.94944,38.7817,3,2,2,115.916,126.021,58.2597,57.656,0,0,0,0,0,0,0,0.102555,28,1699,0,1,1,1,1,1,1,1,1,1,1,1,1,1,1,1,0.0454545,1
1,1467,1110021,110.387,1.82003,62.8087,2.59665,1,47.5782,6,1,1,62.8087,128.938,62.8087,19.0837,0,0,0,0,2,1,1,0.961938,12,915,2,1,1,1,1,1,1,0,1,1,1,1,1,1,1,1,0.0454545,1
1,1467,1109924,116.245,1.3105,65.677,1.08751,1,50.5682,3,1,1,65.677,104.918,65.677,21.8408,0,0,0,0,0,0,0,0.266928,22,1281,0,1,1,1,1,1,1,0,0,1,1,1,1,1,1,1,0.0454545,1
1,1467,1109933,121.963,3.12791,100.192,-2.94195,0.985368,21.7707,8,2,1,101.68,185.722,62.6603,39.0196,0,0,0,0,1,0,0,0.544091,10,973,1,1,1,1,1,1,1,0,0,1,1,1,1,1,1,1,0.0454545,1
1,1467,1109954,128.649,-1.30989,88.7577,-1.47813,1,39.8914,5,1,1,88.7577,144.233,88.7577,18.566,0,0,0,0,0,0,0,0.374754,12,1331,1,1,1,1,1,1,1,0,1,1,1,1,1,1,1,1,0.0454545,1
1,1467,1109874,169.26,2.33779,146.415,2.22252,0.472944,22.8456,9,3,3,309.581,377.535,153.93,91.1012,0,0,0,0,0,0,0,0.527857,22,1412,2,1,1,1,1,1,1,1,1,1,1,1,1,1,1,1,0.0454545,1
1,1467,1109843,119.964,2.92085,148.385,3.0848,0.607678,-28.421,9,3,1,244.183,316.399,164.902,45.0527,0,0,0,0,1,0,0,0.669181,28,1894,0,1,1,1,1,1,1,1,1,1,1,1,1,1,1,1,0.0454545,1
1,1467,1109998,135.415,1.85071,162.601,1.77289,1,-27.1865,3,1,1,162.601,186.143,162.601,12.8556,0,0,0,0,1,0,0,0.589924,9,797,0,1,1,1,1,1,1,1,1,1,1,1,1,1,1,1,0.0909091,1
1,1467,1110043,89.8341,-1.29569,119.767,-1.14516,1,-29.9324,8,1,1,119.767,255.892,119.767,29.9872,0,1,1,58.4204,2,1,0,0.932356,16,1271,1,1,1,1,1,1,1,0,1,1,1,1,1,1,1,1,0.0454545,1
1,1467,1110031,120.777,0.650237,106.303,0.317106,1,14.4746,5,1,1,106.303,164.413,106.303,23.6555,0,0,0,0,0,0,0,0.339054,18,1435,0,1,1,1,1,1,1,0,1,1,1,1,1,1,1,1,0.0454545,1
1,1467,1110033,139.789,2.16699,108.211,2.41314,1,31.5786,5,1,1,108.211,175.766,108.211,20.5569,0,0,0,0,2,1,1,0.992564,20,1378,2,1,1,1,1,1,1,0,0,1,1,1,1,1,1,1,0.0454545,1
1,1467,1109930,199.288,2.04601,178.919,1.66588,0.595192,20.3691,7,4,3,300.608,345.139,140.66,78.2613,0,1,1,15.6157,2,2,0,0.884427,23,1929,3,1,1,1,1,1,1,1,1,1,1,1,1,1,1,1,0.0454545,1
1,1467,1110008,175.561,1.37552,98.4639,2.30507,1,77.0974,9,1,1,98.4639,227.573,98.4639,23.9796,0,0,0,0,0,0,0,0.485766,12,1479,1,1,1,1,1,1,1,1,1,1,1,1,1,1,1,1,0.0909091,1
1,1467,1110056,165.874,-2.77257,170.772,-2.91094,0.944262,-4.89733,4,2,2,180.852,203.639,130.327,50.5249,0,0,0,0,0,0,0,0.167199,14,1266,0,1,1,1,1,1,1,1,1,1,1,1,1,1,1,1,0.0454545,1
1,1467,1110095,111.722,3.00294,0,0,0,111.722,4,0,0,0,61.2381,19.1699,16.6422,0,0,0,0,0,0,0,0.27293,22,1379,0,1,1,1,1,1,1,1,0,1,1,1,1,1,1,1,0.0454545,1
1,1467,1110093,111.407,-2.51944,54.2551,-2.65808,1,57.1515,7,1,1,54.2551,141.149,54.2551,27.732,0,0,0,0,1,0,0,0.637605,11,1040,1,1,1,1,1,1,1,0,0,1,1,1,1,1,1,1,0.0454545,1
1,1467,1110089,146.942,2.26426,170.372,2.2683,1,-23.4301,3,1,1,170.372,198.021,170.372,14.9127,0,1,1,112.646,2,1,0,0.922765,20,1256,1,1,1,1,1,1,1,1,1,1,1,1,1,1,1,1,0.0454545,1
1,1467,1109966,178.951,-2.98195,208.949,-2.76852,0.538585,-29.9981,7,3,2,387.96,452.525,253.551,89.738,0,1,1,28.5119,1,0,0,0.779884,21,1853,3,1,1,1,1,1,1,1,1,1,1,1,1,1,1,1,0.0454545,1
1,1467,1110072,143.333,-2.13058,129.635,-1.93137,1,13.6975,3,1,1,129.635,168.381,129.635,24.1779,0,1,1,17.1916,0,0,0,0.518191,27,1743,0,1,1,1,1,1,1,1,1,1,1,1,1,1,1,1,0.0454545,1
1,1467,1110064,168.825,2.114,110.537,1.65515,0.973209,58.2874,6,2,1,113.58,188.505,66.9728,46.6073,3,0,3,63.1822,2,2,2,0.992481,29,1978,2,1,1,1,1,1,1,1,1,1,1,1,1,1,1,1,0.0454545,1
1,1467,1110165,176.092,-1.17602,114.24,-1.45153,1,61.8521,3,1,1,114.24,157.61,114.24,22.0046,0,0,0,0,0,0,0,0.490638,21,1348,1,1,1,1,1,1,1,1,0,1,1,1,1,1,1,1,0.0454545,1
1,1467,1110138,104.459,-1.37579,82.6582,-1.57301,0.439441,21.8008,9,4,1,188.098,253.472,75.1946,41.975,0,0,0,0,1,0,0,0.554825,18,1448,1,1,1,1,1,1,1,1,1,1,1,1,1,1,1,1,0.0454545,1
1,1467,1110092,85.2272,-1.30342,101.719,-1.01601,0.71356,-16.4913,3,2,1,142.551,153.071,99.2956,43.2551,0,0,0,0,1,0,0,0.80072,17,1484,3,1,1,1,1,1,1,1,1,1,1,1,1,1,1,1,0.0454545,1
1,1467,1110100,264.134,-0.199575,293.264,-0.22492,0.96231,-29.1305,6,3,3,304.75,372.512,105.761,103.185,0,0,0,0,1,0,0,0.762927,14,1406,0,1,1,1,1,1,1,1,1,1,1,1,1,1,1,1,0.0454545,1
1,1467,1110117,118.618,-2.05558,0,0,0,118.618,0,0,0,0,0,0,0,0,0,0,0,0,0,0,-999,16,1177,2,1,1,1,1,1,1,1,1,1,1,1,1,1,1,1,0.0909091,1
1,1467,1110226,106.701,1.46483,106.744,1.76273,1,-0.0430069,4,1,1,106.744,154.797,106.744,24.2574,0,0,0,0,0,0,0,0.239879,9,844,2,1,1,1,1,1,1,1,1,1,1,1,1,1,1,1,0.0454545,1
1,1467,1110191,123.753,-1.5459,88.2991,-1.76096,1,35.4536,3,1,1,88.2991,114.157,88.2991,13.8944,0,0,0,0,1,0,0,0.571126,19,1544,1,1,1,1,1,1,1,1,1,1,1,1,1,1,1,1,0.0454545,1
1,1467,1110098,121.25,-0.918347,126.52,-0.737924,0.506065,-5.27011,11,3,1,250.008,369.122,180.824,35.2632,0,1,1,97.3657,1,0,0,0.623331,7,757,1,1,1,1,1,1,1,1,1,1,1,1,1,1,1,1,0.0454545,1
1,1467,1110228,109.034,0.848802,89.7532,0.770008,1,19.2812,3,1,1,89.7532,121.948,89.7532,20.4405,0,0,0,0,1,0,0,0.598916,14,1369,2,1,1,1,1,1,1,0,1,1,1,1,1,1,1,1,0.0454545,1
1,1467,1110192,122.631,2.07155,118.891,2.0478,1,3.73963,2,1,1,118.891,136.313,118.891,17.4212,0,1,1,35.4722,1,0,0,0.566741,17,1197,1,1,1,1,1,1,1,1,0,1,1,1,1,1,1,1,0.0454545,1
1,1467,1110212,135.942,-2.0532,35.6329,-1.70172,1,100.309,3,1,0,35.6329,63.2505,35.6329,15.3639,0,0,0,0,1,0,0,0.55252,18,1535,2,1,1,1,1,1,1,1,0,1,1,1,1,1,1,1,0.0454545,1
1,1467,1110253,133.744,-2.95669,126.785,-3.09281,0.566943,6.95838,5,3,3,223.63,258.261,83.9883,78.3895,0,0,0,0,2,1,0,0.913691,15,1484,2,1,1,1,1,1,1,1,1,1,1,1,1,1,1,1,0.0454545,1
1,1467,1110155,168.32,-2.42425,167.171,-2.19179,0.951124,1.14939,4,2,2,175.761,202.096,111.112,64.6489,0,0,0,0,1,0,0,0.77698,19,1820,5,1,1,1,1,1,1,1,1,1,1,1,1,1,1,1,0.0454545,1
1,1467,1110275,93.7028,-0.163933,112.627,-0.300642,0.680309,-18.9246,8,3,1,165.553,240.273,94.552,37.9693,0,2,2,64.8629,3,0,0,0.753243,15,1284,4,1,1,1,1,1,1,0,1,1,1,1,1,1,1,1,0.0454545,1
1,1467,1110267,115.348,0.0904043,133.09,-0.228067,1,-17.7414,3,1,1,133.09,168.286,133.09,19.6205,0,0,0,0,0,0,0,0.378099,14,1556,1,1,1,1,1,1,1,1,1,1,1,1,1,1,1,1,0.0454545,1
1,1467,1110312,116.497,0.64885,105.371,0.974937,0.96285,11.126,7,3,0,109.437,172.708,41.0912,34.9493,0,0,0,0,0,0,0,0.506432,6,791,1,1,1,1,1,1,1,1,0,1,1,1,1,1,1,1,0.0454545,1
1,1467,1110285,176.991,1.45136,0,0,0,176.991,3,0,0,0,53.7993,25.9181,17.1303,0,0,0,0,1,0,0,0.697943,18,1430,2,1,1,1,1,1,1,1,1,1,1,1,1,1,1,1,0.0909091,1
1,1467,1110359,65.4435,1.5679,109.86,1.93223,1,-44.4164,4,1,1,109.86,162.028,109.86,20.3018,0,0,0,0,0,0,0,0.529316,25,1764,1,1,1,1,1,1,1,1,1,1,1,1,1,1,1,1,0.0454545,1
1,1467,1110265,86.9713,-2.63242,111.352,-2.75984,0.975163,-24.3806,6,2,1,114.188,169.646,79.1651,35.0228,0,0,0,0,0,0,0,0.529959,20,1742,0,1,1,1,1,1,1,0,1,1,1,1,1,1,1,1,0.0454545,1
1,1467,1110311,151.689,-0.363066,166.701,-0.336429,0.937682,-15.0116,2,2,2,177.78,177.78,103.567,74.2129,0,1,1,26.876,0,0,0,0.100986,15,1353,1,1,1,1,1,1,1,1,0,1,1,1,1,1,1,1,0.0454545,1
1,1467,1110323,110.521,1.83542,100.85,1.73853,0.732747,9.67101,4,2,1,137.633,158.443,106.059,31.5736,0,1,1,20.0392,0,0,0,0.529233,15,1478,0,1,1,1,1,1,1,1,1,1,1,1,1,1,1,1,0.0454545,1
1,1467,1110313,128.162,-1.74138,194.31,-1.95872,1,-66.1482,8,1,1,194.31,301.367,194.31,26.5942,0,0,0,0,1,0,0,0.718091,31,1948,1,1,1,1,1,1,1,1,1,1,1,1,1,1,1,1,0.0454545,1
1,1467,1110405,169.386,2.40323,119.115,2.72605,0.663709,50.2704,3,2,1,179.469,191.894,143.625,35.8444,0,1,1,15.8083,1,1,0,0.904362,15,1306,1,1,1,1,1,1,1,1,0,1,1,1,1,1,1,1,0.0454545,1
1,1467,1110381,78.234,2.15328,93.7424,2.13407,1,-15.5083,5,1,1,93.7424,145.268,93.7424,16.524,0,0,0,0,3,1,1,0.964279,27,1768,1,1,1,1,1,1,1,1,1,1,1,1,1,1,1,1,0.0454545,1
1,1467,1110332,101.617,2.5316,71.0012,2.20529,1,30.616,6,1,1,71.0012,158.304,71.0012,22.679,0,1,1,31.9807,1,1,1,0.996619,16,1852,1,1,1,1,1,1,1,1,1,1,1,1,1,1,1,1,0.0454545,1
1,1467,1110375,99.3345,-0.563315,120.237,-1.15598,0.755533,-20.9024,6,2,2,159.142,209.085,99.6583,59.4837,0,0,0,0,2,0,0,0.655385,22,1852,0,1,1,1,1,1,1,1,1,1,1,1,1,1,1,1,0.0454545,1
1,1467,1110331,148.087,0.874262,105.86,0.889348,0.52343,42.2279,8,3,2,202.242,285.959,99.1349,62.004,0,1,1,18.1628,1,0,0,0.773256,26,1975,1,1,1,1,1,1,1,1,1,1,1,1,1,1,1,1,0.0454545,1
1,1467,1110453,145.96,-0.861135,131.918,-0.750116,1,14.0414,4,1,1,131.918,168.122,131.918,13.1674,0,0,0,0,2,0,0,0.553786,13,1639,1,1,1,1,1,1,1,1,1,1,1,1,1,1,1,1,0.0909091,1
1,1467,1110464,141.188,-0.513312,131.139,-0.360888,1,10.0492,4,1,1,131.139,172.953,131.139,16.1419,1,0,1,46.6553,0,0,0,0.168477,7,908,0,1,1,1,1,1,1,1,1,1,1,1,1,1,1,1,0.0454545,1
1,1467,1110398,99.8025,-2.13787,92.9298,-2.20015,0.991487,6.87263,4,2,1,93.7278,113.992,57.4781,36.2497,0,1,1,43.7277,2,1,0,0.908937,14,1407,1,1,1,1,1,1,1,1,1,1,1,1,1,1,1,1,0.0454545,1
1,1467,1110369,189.95,0.821356,138.804,0.758194,0.325665,51.146,6,3,3,426.217,475.434,186.32,133.352,0,0,0,0,1,1,0,0.887656,19,1767,5,1,1,1,1,1,1,1,1,1,1,1,1,1,1,1,0.0454545,1
1,1467,1110445,79.8043,-1.8112,110.651,-1.46908,0.9628,-30.847,5,2,1,114.927,153.188,79.7402,35.1863,0,0,0,0,1,1,1,0.993263,19,1712,1,1,1,1,1,1,1,1,0,1,1,1,1,1,1,1,0.0454545,1
1,1467,1110501,143.297,-2.15465,107.272,-1.81498,1,36.0258,6,1,1,107.272,182.384,107.272,27.3357,1,0,1,11.4696,1,1,0,0.876811,16,1508,1,1,1,1,1,1,1,1,1,1,1,1,1,1,1,1,0.0454545,1
1,1467,1110386,107.07,1.14945,118.766,1.43842,0.338836,-11.6959,8,4,3,350.511,419.579,113.648,108.997,0,0,0,0,2,1,1,0.987212,27,1763,2,1,1,1,1,1,1,1,1,1,1,1,1,1,1,1,0.0454545,1
1,1467,1110423,178.695,1.15407,44.5344,-2.37033,0.513834,134.16,6,2,1,86.6709,133.989,55.7743,30.8965,0,0,0,0,0,0,0,0.525415,19,1725,0,1,1,1,1,1,1,1,1,1,1,1,1,1,1,1,0.0454545,1
1,1467,1110517,143.744,0.66481,84.6412,0.452976,1,59.1031,7,1,1,84.6412,195.782,84.6412,24.3364,0,0,0,0,0,0,0,0.531047,13,1128,1,1,1,1,1,1,1,1,0,1,1,1,1,1,1,1,0.0454545,1
1,1467,1110411,173.408,2.9192,77.9502,2.87851,0.466168,95.4582,6,3,1,167.215,217.486,102.678,33.8372,0,1,1,19.7692,2,1,1,0.964062,18,1872,2,1,1,1,1,1,1,1,1,1,1,1,1,1,1,1,0.0454545,1
1,1467,1110519,195.509,-0.908133,128.949,-0.9092,1,66.5597,8,1,1,128.949,233.138,128.949,20.7036,0,0,0,0,3,1,1,0.997988,18,1874,4,1,1,1,1,1,1,1,1,1,1,1,1,1,1,1,0.0454545,1
1,1467,1110495,149.82,1.87052,143.048,1.21842,1,6.7719,3,1,1,143.048,185.877,143.048,21.9624,0,1,1,10.1898,0,0,0,0.277057,14,1481,0,1,1,1,1,1,1,1,1,1,1,1,1,1,1,1,0.0454545,1
1,1467,1110479,242.837,0.559931,185.576,0.469115,1,57.2619,6,1,1,185.576,246.249,185.576,14.9368,0,0,0,0,1,0,0,0.748845,26,2082,1,1,1,1,1,1,1,1,1,1,1,1,1,1,1,1,0.0454545,1
1,1618,1224088,120.162,-2.57658,101.806,-2.49039,1,18.3561,3,1,1,101.806,133.028,101.806,15.9444,0,0,0,0,1,0,0,0.67862,11,692,1,1,1,1,1,1,1,0,1,1,1,1,1,1,1,1,0.0909091,1
1,1618,1224125,110.348,0.733444,128.133,0.50155,1,-17.785,4,1,1,128.133,165.166,128.133,14.6025,0,0,0,0,0,0,0,0.527156,16,1316,0,1,1,1,1,1,1,0,1,1,1,1,1,1,1,1,0.0454545,1
1,1618,1224110,126.591,-0.507061,89.6057,-0.133354,0.568035,36.9855,4,2,2,157.747,188.9,87.5417,70.205,0,0,0,0,0,0,0,0.36168,14,1077,0,1,1,1,1,1,1,1,1,1,1,1,1,1,1,1,0.0454545,1
1,1618,1224094,176.176,1.57009,160.359,1.57513,1,15.817,2,1,1,160.359,175.973,160.359,15.6143,0,0,0,0,0,0,0,0.331081,19,1415,0,1,1,1,1,1,1,1,1,1,1,1,1,1,1,1,0.136364,1
1,1618,1224092,95.4808,-1.54039,91.4156,-1.69824,0.887622,4.06521,4,2,1,102.989,126.923,67.4571,35.5322,0,0,0,0,1,0,0,0.553797,18,1705,2,1,1,1,1,1,1,1,1,1,1,1,1,1,1,1,0.0909091,1
1,1618,1224129,130.526,0.350576,140.468,0.225288,1,-9.94183,3,1,1,140.468,166.162,140.468,12.9419,0,1,1,76.2691,0,0,0,0.172066,11,1121,0,1,1,1,1,1,1,1,1,1,1,1,1,1,1,1,0.0454545,1
1,1618,1224070,126.501,1.71257,102.81,2.10133,0.957887,23.6915,5,2,1,107.33,162.818,72.2509,35.0789,0,0,0,0,0,0,0,0.21928,17,1734,0,1,1,1,1,1,1,1,1,1,1,1,1,1,1,1,0.0454545,1
1,1618,1224096,124.874,2.40704,97.9555,2.49072,1,26.9181,2,1,1,97.9555,110.451,97.9555,12.4951,0,0,0,0,0,0,0,0.325579,11,1158,1,1,1,1,1,1,1,1,1,1,1,1,1,1,1,1,0.0454545,1
1,1618,1224169,136.925,-1.93612,141.387,-1.89135,1,-4.46194,6,1,1,141.387,204.959,141.387,17.6215,0,0,0,0,1,0,0,0.556231,6,664,2,1,1,1,1,1,1,1,0,1,1,1,1,1,1,1,0.0454545,1
1,1618,1224119,108.641,1.86544,110.686,1.59652,0.554825,-2.04531,4,2,2,199.497,226.106,128.367,71.1299,0,0,0,0,0,0,0,0.170217,18,1591,0,1,1,1,1,1,1,1,1,1,1,1,1,1,1,1,0.0454545,1
1,1618,1224219,137.361,2.20596,0,0,0,137.361,0,0,0,0,0,0,0,0,0,0,0,0,0,0,-999,8,926,1,1,1,1,1,1,1,1,1,1,1,1,1,1,1,1,0.0454545,1
1,1618,1224180,95.9737,-1.02656,113.7,-0.826281,0.997647,-17.7263,3,2,1,113.968,130.492,76.1447,37.8234,0,1,1,46.7771,1,0,0,0.772169,17,1545,1,1,1,1,1,1,1,1,1,1,1,1,1,1,1,1,0.0454545,1
1,1618,1224133,83.4075,-1.95872,98.858,-2.34833,0.591912,-15.4505,6,2,2,167.015,226.548,98.6892,68.3254,0,1,1,69.8702,2,1,1,0.964541,13,1220,2,1,1,1,1,1,1,0,1,1,1,1,1,1,1,1,0.0454545,1
1,1618,1224087,155.899,1.34944,127.97,1.54626,0.601004,27.9286,6,3,1,212.927,247.351,127.338,49.4315,0,0,0,0,2,1,0,0.865203,31,1940,1,1,1,1,1,1,1,1,1,1,1,1,1,1,1,1,0.0454545,1
1,1618,1224167,140.705,-2.79748,147.578,-2.48613,0.874527,-6.87308,4,2,1,168.752,196.444,119.402,49.35,0,0,0,0,0,0,0,0.455942,14,1392,0,1,1,1,1,1,1,1,1,1,1,1,1,1,1,1,0.0454545,1
1,1618,1224217,114.364,-0.0671949,89.4288,-0.396183,1,24.9352,5,1,1,89.4288,153.37,89.4288,22.6254,2,0,2,40.9484,0,0,0,0.472209,10,1175,1,1,1,1,1,1,1,1,1,1,1,1,1,1,1,1,0.0454545,1
1,1618,1224149,96.3319,-1.19237,95.7978,-1.30971,1,0.534164,3,1,1,95.7978,124.447,95.7978,17.6908,0,1,1,15.3648,1,0,0,0.550582,23,1752,0,1,1,1,1,1,1,0,1,1,1,1,1,1,1,1,0.0454545,1
1,1618,1224173,78.0145,-0.288638,83.3005,-0.419244,1,-5.28606,4,1,1,83.3005,146.801,83.3005,26.5307,0,0,0,0,0,0,0,0.53998,28,1811,3,1,1,1,1,1,1,0,1,1,1,1,1,1,1,1,0.0454545,1
1,1618,1224249,167.422,2.96097,275.891,2.96415,0.88594,-108.469,8,3,1,311.41,390.595,231.133,44.5542,0,0,0,0,1,0,0,0.607196,18,1476,5,1,1,1,1,1,1,1,1,1,1,1,1,1,1,1,0.0454545,1
1,1618,1224253,137.779,-2.76439,121.469,-2.72141,1,16.3096,4,1,1,121.469,154.954,121.469,11.6197,0,0,0,0,1,0,0,0.556217,16,1349,0,1,1,1,1,1,1,1,0,1,1,1,1,1,1,1,0.0454545,1
1,1618,1224093,135.477,0.363429,128.319,0.404589,0.964688,7.15826,8,3,0,133.016,199.021,45.5527,44.4957,1,0,1,26.8175,2,2,1,0.96713,25,2424,4,1,1,1,1,1,1,1,0,1,1,1,1,1,1,1,0.0454545,1
1,1618,1224218,80.727,1.45346,104.048,0.776744,0.5965,-23.3212,8,2,2,174.431,253.566,114.329,60.1024,0,0,0,0,3,1,1,0.998655,26,1764,2,1,1,1,1,1,1,1,1,1,1,1,1,1,1,1,0.0454545,1
1,1618,1224275,92.8544,-1.28951,35.3734,-0.281429,1,57.481,6,1,0,35.3734,133.706,35.3734,23.6693,0,1,1,11.1083,1,1,1,0.997667,13,1078,1,1,1,1,1,1,1,0,0,1,1,1,1,1,1,1,0.0454545,1
1,1618,1224237,108.696,2.20906,99.8143,2.17583,0.526738,8.88148,5,3,2,189.495,229.53,85.6609,67.9178,0,1,1,27.2693,0,0,0,0.527043,14,1374,3,1,1,1,1,1,1,1,1,1,1,1,1,1,1,1,0.0454545,1
1,1618,1224281,127.688,1.70276,119.95,1.76234,0.283872,7.73795,4,2,2,422.548,453.688,264.741,157.807,1,0,1,91.4171,1,1,0,0.86496,12,817,1,1,1,1,1,1,1,1,1,1,1,1,1,1,1,1,0.0909091,1
1,1618,1224296,61.4921,1.30868,98.5782,1.23265,0.530522,-37.086,6,2,2,185.813,236.965,135.067,50.7461,0,0,0,0,0,0,0,0.391963,9,1025,0,1,1,1,1,1,1,1,0,1,1,1,1,1,1,1,0.0454545,1
1,1618,1224206,112.589,-2.65283,39.6106,2.31924,1,72.9789,3,1,0,39.6106,61.7243,39.6106,11.5093,0,0,0,0,2,0,0,0.826403,29,2057,3,1,1,1,1,1,1,1,1,1,1,1,1,1,1,1,0.0454545,1
1,1618,1224251,103.541,-2.39969,111.618,-2.1252,0.484466,-8.07667,9,3,2,230.394,317.041,125.207,64.1571,0,1,1,22.7229,2,1,0,0.950573,21,2145,2,1,1,1,1,1,1,1,1,1,1,1,1,1,1,1,0.0454545,1
1,1618,1224416,123.699,0.021355,103.402,0.379336,1,20.2967,4,1,1,103.402,158.86,103.402,29.6933,0,1,1,11.4009,2,2,0,0.882319,6,553,2,1,1,1,1,1,1,1,1,1,1,1,1,1,1,1,0.0454545,1
1,1618,1224337,109.402,2.92097,114.076,2.9932,0.975982,-4.6746,6,3,0,116.884,156.46,44.4147,38.8026,0,0,0,0,0,0,0,0.25719,15,1330,1,1,1,1,1,1,1,1,1,1,1,1,1,1,1,1,0.0454545,1
1,1618,1224456,135.946,-2.43274,147.791,-2.28832,1,-11.8448,3,1,1,147.791,189.975,147.791,26.2771,0,0,0,0,0,0,0,0.335983,14,1172,1,1,1,1,1,1,1,1,1,1,1,1,1,1,1,1,0.0454545,1
1,1618,1224261,168.785,-0.0973513,161.816,-0.1232,0.909566,6.96876,5,2,1,177.904,224.621,147.813,30.0913,1,0,1,13.9919,2,1,1,0.969035,14,1386,3,1,1,1,1,1,1,1,1,1,1,1,1,1,1,1,0.0454545,1
1,1618,1224318,95.8717,-0.834385,94.0344,-0.738421,0.523147,1.83727,8,4,1,179.748,241.576,61.1904,46.5399,0,0,0,0,2,0,0,0.801706,9,859,1,1,1,1,1,1,1,0,0,1,1,1,1,1,1,1,0.0909091,1
1,1618,1224301,124.252,-1.97396,113.45,-1.53933,0.576794,10.8022,6,2,1,196.69,264.137,153.162,43.5277,0,0,0,0,2,1,0,0.881877,24,1686,3,1,1,1,1,1,1,1,1,1,1,1,1,1,1,1,0.0454545,1
1,1618,1224441,119.587,-1.9242,93.4,-1.97943,1,26.1868,2,1,1,93.4,113.406,93.4,20.0057,1,0,1,13.6095,1,0,0,0.840486,13,760,1,1,1,1,1,1,1,1,0,1,1,1,1,1,1,1,0.0909091,1
1,1618,1224330,74.325,-2.05662,64.5286,-1.73644,1,9.79639,7,1,1,64.5286,145.628,64.5286,19.2249,0,1,1,12.9842,2,0,0,0.680838,12,1593,0,1,1,1,1,1,1,1,1,1,1,1,1,1,1,1,0.0454545,1
1,1618,1224444,110.945,0.1854,102.918,0.483463,0.91525,8.02722,4,2,1,112.447,143.184,74.9834,37.464,0,0,0,0,3,1,1,0.997176,11,633,2,1,1,1,1,1,1,1,1,1,1,1,1,1,1,1,0.0454545,1
1,1618,1224361,143.54,0.236452,149.407,0.0683222,0.616063,-5.86607,6,2,1,242.518,311.864,195.141,47.3769,0,0,0,0,1,0,0,0.554439,15,1259,0,1,1,1,1,1,1,1,1,1,1,1,1,1,1,1,0.0454545,1
1,1618,1224340,110.783,0.319293,156.304,0.306311,1,-45.5203,5,1,1,156.304,208.647,156.304,16.1589,0,0,0,0,0,0,0,0.529997,25,2003,1,1,1,1,1,1,1,1,1,1,1,1,1,1,1,1,0.0454545,1
1,1618,1224272,171.088,-0.966208,241.233,-0.998228,1,-70.1449,6,1,1,241.233,327.668,241.233,27.6789,0,1,1,142.751,3,1,0,0.878495,35,2217,2,1,1,1,1,1,1,1,1,1,1,1,1,1,1,1,0.0454545,1
1,1618,1224383,81.8726,-1.90558,85.6853,-1.84153,0.394649,-3.81265,5,3,1,217.118,240.694,144.502,39.0919,1,0,1,30.4018,0,0,0,0.40076,21,1488,1,1,1,1,1,1,1,0,1,1,1,1,1,1,1,1,0.0454545,1
1,1618,1224477,153.518,-2.66582,134.417,-2.62224,1,19.1008,4,1,1,134.417,181.242,134.417,21.3623,1,0,1,86.3911,0,0,0,0.52846,15,1139,1,1,1,1,1,1,1,1,0,1,1,1,1,1,1,1,0.0454545,1
1,1618,1224530,171.589,1.42479,131.28,1.27732,1,40.3091,2,1,1,131.28,141.799,131.28,10.5186,0,0,0,0,0,0,0,0.164128,14,1174,1,1,1,1,1,1,1,1,1,1,1,1,1,1,1,1,0.0454545,1
1,1618,1224469,107.844,0.855129,89.0018,0.410896,1,18.842,4,1,1,89.0018,136.712,89.0018,20.0886,0,0,0,0,0,0,0,0.303974,17,1073,0,1,1,1,1,1,1,1,0,1,1,1,1,1,1,1,0.0454545,1
1,1618,1224429,113.557,0.167066,91.244,0.240271,1,22.3128,1,1,1,91.244,91.244,91.244,0,1,0,1,11.5555,0,0,0,0.111258,18,1476,2,1,1,1,1,1,1,1,1,1,1,1,1,1,1,1,0.0454545,1
1,1618,1224496,145.888,-2.63584,0,0,0,145.888,0,0,0,0,0,0,0,0,0,0,0,0,0,0,-999,10,842,1,1,1,1,1,1,1,1,1,1,1,1,1,1,1,1,0.0454545,1
1,1618,1224526,98.8176,0.840589,107.028,0.765569,1,-8.21062,3,1,1,107.028,132.71,107.028,14.5098,0,1,1,20.5108,1,0,0,0.631584,15,1399,1,1,1,1,1,1,1,1,1,1,1,1,1,1,1,1,0.0454545,1
1,1618,1224374,134.859,-2.56705,104.018,-2.48795,0.303626,30.8413,7,3,3,342.586,403.069,149.585,130.349,0,0,0,0,0,0,0,0.530261,23,1826,2,1,1,1,1,1,1,1,1,1,1,1,1,1,1,1,0.0454545,1
1,1618,1224555,103.177,-1.70042,105.179,-1.83339,1,-2.00207,3,1,1,105.179,131.248,105.179,14.9196,0,1,1,60.945,0,0,0,0.261241,15,1247,0,1,1,1,1,1,1,0,0,1,1,1,1,1,1,1,0.0454545,1
1,1618,1224582,192.614,-2.10981,152.458,-2.28014,1,40.1559,2,1,1,152.458,176.135,152.458,23.6774,0,0,0,0,0,0,0,0.263936,12,846,2,1,1,1,1,1,1,1,1,1,1,1,1,1,1,1,0.0454545,1
1,1618,1224489,96.889,-1.18759,79.1094,-1.12147,1,17.7795,4,1,1,79.1094,113.557,79.1094,12.506,0,1,1,20.3596,1,0,0,0.555891,23,1621,0,1,1,1,1,1,1,1,1,1,1,1,1,1,1,1,0.0454545,1
1,1618,1224425,143.81,0.016855,0,0,0,143.81,5,0,0,0,87.8459,27.4511,19.3946,0,0,0,0,1,0,0,0.777183,27,2026,0,1,1,1,1,1,1,1,1,1,1,1,1,1,1,1,0.0454545,1
1,1618,1224579,176.487,0.248927,131.622,0.475808,1,44.8643,4,1,1,131.622,191.011,131.622,27.2888,0,0,0,0,1,1,0,0.885041,10,924,1,1,1,1,1,1,1,1,1,1,1,1,1,1,1,1,0.0454545,1
1,1618,1224564,112.259,-2.57412,119.039,-2.6048,0.439544,-6.78032,8,3,3,270.825,352.22,102.39,85.5378,0,1,1,21.783,4,1,1,0.99189,18,1407,4,1,1,1,1,1,1,1,1,1,1,1,1,1,1,1,0.0454545,1
1,1618,1224625,109.987,1.28053,136.867,1.53241,0.95183,-26.8801,5,2,2,143.793,191.493,84.5781,59.2152,0,1,1,17.7888,0,0,0,0.525878,18,1098,1,1,1,1,1,1,1,1,1,1,1,1,1,1,1,1,0.0454545,1
1,1618,1224554,123.017,0.642125,113.991,0.606598,0.368017,9.02545,8,4,4,309.745,359.002,95.7192,92.4815,0,0,0,0,0,0,0,0.529359,15,1374,3,1,1,1,1,1,1,1,0,1,1,1,1,1,1,1,0.0454545,1
1,1618,1224550,223.563,2.26819,230.568,2.22497,1,-7.00554,6,1,1,230.568,312.242,230.568,20.5027,0,0,0,0,1,0,0,0.553309,20,2067,2,1,1,1,1,1,1,1,1,1,1,1,1,1,1,1,0.0454545,1
1,1618,1224568,83.3446,1.22733,73.3472,2.63186,1,9.99744,4,1,1,73.3472,135.052,73.3472,25.3736,0,0,0,0,1,0,0,0.832143,22,1896,0,1,1,1,1,1,1,1,1,1,1,1,1,1,1,1,0.0909091,1
1,1618,1224602,106.445,-2.36755,115.076,-2.37383,0.97689,-8.63104,6,2,1,117.798,171.174,77.956,39.8424,0,0,0,0,1,0,0,0.553775,16,1529,0,1,1,1,1,1,1,1,1,1,1,1,1,1,1,1,0.0454545,1
1,1618,1224597,111.504,-0.644013,135.166,-0.695777,0.695121,-23.6623,5,2,1,194.449,246.786,160.851,33.5985,0,0,0,0,0,0,0,0.461781,22,1512,1,1,1,1,1,1,1,1,1,1,1,1,1,1,1,1,0.0454545,1
1,1618,1224599,186.807,-2.51939,150.289,-2.21064,0.568098,36.5178,8,2,2,264.547,337.584,143.026,121.522,0,0,0,0,1,0,0,0.544175,22,1662,2,1,1,1,1,1,1,1,1,1,1,1,1,1,1,1,0.0454545,1
1,1618,1224663,111.437,2.40471,0,0,0,111.437,4,0,0,0,61.0286,24.5696,15.3593,0,0,0,0,0,0,0,0.341921,15,1167,0,1,1,1,1,1,1,0,1,1,1,1,1,1,1,1,0.0454545,1
1,1618,1224644,189.976,0.500817,166.753,0.235973,0.962279,23.2231,5,2,2,173.29,225.771,116.579,56.7107,0,1,1,36.6897,0,0,0,0.2461,13,1352,1,1,1,1,1,1,1,1,1,1,1,1,1,1,1,1,0.0454545,1
1,1618,1224742,167.091,2.01294,110.791,2.07445,1,56.3002,3,1,1,110.791,139.123,110.791,15.7627,1,1,2,25.219,0,0,0,0.372743,10,830,1,1,1,1,1,1,1,1,1,1,1,1,1,1,1,1,0.0454545,1
1,1618,1224727,96.5172,-2.43439,107.006,-2.4781,0.933375,-10.4891,3,2,1,114.644,125.364,83.3118,31.3326,0,0,0,0,0,0,0,0.157519,16,1476,0,1,1,1,1,1,1,1,1,1,1,1,1,1,1,1,0.0454545,1
1,1618,1224766,122.933,1.54461,99.3017,1.60375,1,23.631,2,1,1,99.3017,117.779,99.3017,18.4776,0,0,0,0,1,1,0,0.929306,15,1050,1,1,1,1,1,1,1,1,0,1,1,1,1,1,1,1,0.0454545,1
1,1618,1224688,104.331,-2.35149,84.1145,-2.46967,0.568546,20.2167,3,2,2,147.947,160.213,95.4984,52.4483,0,1,1,13.3439,1,1,1,0.99602,20,1530,1,1,1,1,1,1,1,1,1,1,1,1,1,1,1,1,0.0454545,1
1,1618,1224778,89.1221,3.13848,0,0,0,89.1221,2,0,0,0,20.4783,10.4552,10.023,0,0,0,0,1,0,0,0.55288,13,1100,0,1,1,1,1,1,1,0,1,1,1,1,1,1,1,1,0.0454545,1
1,1618,1224642,200.748,1.2379,179.936,1.44764,1,20.8115,5,1,1,179.936,223.497,179.936,12.8461,0,0,0,0,0,0,0,0.528765,21,1605,2,1,1,1,1,1,1,1,1,1,1,1,1,1,1,1,0.0454545,1
1,1618,1224715,131.28,-2.96275,116.794,3.12614,0.736153,14.4866,9,3,1,158.654,250.392,79.205,44.0954,0,0,0,0,1,0,0,0.825999,10,1282,3,1,1,1,1,1,1,1,1,1,1,1,1,1,1,1,0.0454545,1
1,1618,1224752,99.5558,-1.73658,106.607,-1.68248,0.873774,-7.05142,6,2,1,122.008,176.598,72.6458,49.362,0,0,0,0,1,0,0,0.556036,14,1375,1,1,1,1,1,1,1,1,1,1,1,1,1,1,1,1,0.0909091,1
1,1618,1224701,181.976,-0.202698,148.105,-0.0742482,0.750212,33.871,5,2,2,197.417,251.795,143.169,54.2481,0,1,1,10.6547,2,1,0,0.904351,21,1465,5,1,1,1,1,1,1,1,1,1,1,1,1,1,1,1,0.0454545,1
1,1618,1224746,188.063,-2.58686,186.388,-2.60042,0.997566,1.67489,9,2,1,186.843,295.647,137.108,49.7341,0,0,0,0,1,0,0,0.761907,11,1732,2,1,1,1,1,1,1,1,1,1,1,1,1,1,1,1,0.0454545,1
1,1618,1224768,169.12,0.391154,161.191,0.328872,0.49794,7.92899,10,3,3,323.715,419.574,119.813,113.981,1,0,1,17.6861,3,1,1,0.992973,11,1331,5,1,1,1,1,1,1,1,1,1,1,1,1,1,1,1,0.0909091,1
1,1618,1224783,165.981,-0.981555,151.377,-0.891294,0.901888,14.604,5,2,2,167.844,211.495,85.6182,82.226,0,0,0,0,2,0,0,0.769415,13,1642,2,1,1,1,1,1,1,1,1,1,1,1,1,1,1,1,0.0454545,1
1,1618,1224810,170.622,0.0717229,142.366,0.50352,0.706722,28.2564,2,2,2,201.445,201.445,132.761,68.6846,0,1,1,18.8946,1,1,1,0.989235,9,939,2,1,1,1,1,1,1,1,1,1,1,1,1,1,1,1,0.0454545,1
1,1618,1224788,164.834,2.12782,197.332,2.46116,1,-32.4989,4,1,1,197.332,233.434,197.332,14.0387,1,0,1,20.8317,0,0,0,0.405709,15,1096,1,1,1,1,1,1,1,1,1,1,1,1,1,1,1,1,0.0454545,1
1,1618,1224817,181.163,-1.14256,161.886,-1.20537,0.922202,19.2774,9,3,2,175.542,245.997,79.6172,64.3196,0,0,0,0,1,0,0,0.553798,20,1678,2,1,1,1,1,1,1,1,1,1,1,1,1,1,1,1,0.0909091,1
1,1618,1224795,146.719,2.18105,74.3271,2.74383,0.348139,72.3918,5,3,1,213.499,253.999,121.509,49.3246,0,1,1,32.6968,0,0,0,0.484477,18,1312,2,1,1,1,1,1,1,1,1,1,1,1,1,1,1,1,0.0454545,1
1,1618,1224787,115.369,-2.65307,115.142,-2.80504,0.349292,0.226684,4,3,3,329.645,343.58,139.993,118.492,0,0,0,0,0,0,0,0.267975,21,1727,4,1,1,1,1,1,1,1,1,1,1,1,1,1,1,1,0.0909091,1
1,1618,1224826,114.121,2.89333,93.1984,2.10044,0.987923,20.9224,6,2,1,94.3377,148.01,61.6276,32.7101,0,0,0,0,2,1,1,0.978307,18,1686,2,1,1,1,1,1,1,1,1,1,1,1,1,1,1,1,0.0454545,1
1,1618,1224664,150.461,-3.13847,127.962,3.04086,1,22.4987,7,1,1,127.962,230.283,127.962,19.8994,0,0,0,0,0,0,0,0.527816,26,2221,2,1,1,1,1,1,1,1,1,1,1,1,1,1,1,1,0.0454545,1
1,1772,1340713,116.504,1.34171,96.1707,1.20172,1,20.3329,4,1,1,96.1707,141.247,96.1707,16.9716,0,0,0,0,0,0,0,0.39233,12,1160,1,1,1,1,1,1,1,0,0,1,1,1,1,1,1,1,0.0454545,1
1,1772,1340697,179.423,-1.56218,123.485,-1.50883,1,55.9379,4,1,1,123.485,159.465,123.485,12.4968,0,0,0,0,1,0,0,0.83255,22,1522,1,1,1,1,1,1,1,1,1,1,1,1,1,1,1,1,0.0454545,1
1,1772,1340674,144.882,1.81916,121.299,1.58741,1,23.5829,2,1,1,121.299,132.14,121.299,10.8403,0,1,1,53.5109,0,0,0,0.400904,25,1399,1,1,1,1,1,1,1,1,0,1,1,1,1,1,1,1,0.0454545,1
1,1772,1340715,123.095,-2.93033,91.2196,-2.71486,0.389221,31.8753,6,3,2,234.364,294.98,106.338,91.0548,0,1,1,20.4505,0,0,0,0.527956,17,1610,0,1,1,1,1,1,1,0,1,1,1,1,1,1,1,1,0.0454545,1
1,1772,1340685,169.242,-2.55257,132.322,-2.37948,1,36.9201,5,1,1,132.322,193.119,132.322,23.8868,1,0,1,1307.36,1,1,0,0.865665,10,1157,3,1,1,1,1,1,1,1,1,1,1,1,1,1,1,1,0.0454545,1
1,1772,1340690,142.52,-1.57865,114,-1.432,1,28.5202,5,1,1,114,177.176,114,23.5508,0,0,0,0,1,0,0,0.553817,17,1360,3,1,1,1,1,1,1,1,0,1,1,1,1,1,1,1,0.0454545,1
1,1772,1340691,110.877,-1.59227,94.5271,-1.76211,0.611029,16.3497,9,3,1,154.702,250.072,77.1712,41.4891,0,1,1,12.9774,1,1,1,0.987386,20,1793,2,1,1,1,1,1,1,1,1,1,1,1,1,1,1,1,0.0454545,1
1,1772,1340688,97.6551,-1.02598,80.9258,-1.44472,0.630094,16.7293,7,2,1,128.434,207.029,97.6196,30.8149,0,0,0,0,1,0,0,0.553179,25,1790,1,1,1,1,1,1,1,1,1,1,1,1,1,1,1,1,0.0454545,1
1,1772,1340808,115.097,2.07106,140.369,2.14795,1,-25.2713,2,1,1,140.369,162.926,140.369,22.5571,0,0,0,0,0,0,0,0.32881,11,879,0,1,1,1,1,1,1,1,0,1,1,1,1,1,1,1,0.0454545,1
1,1772,1340717,81.7338,-2.91288,117.825,-3.01637,0.506936,-36.0909,5,4,3,232.425,252.341,80.9547,53.4498,0,0,0,0,0,0,0,0.322659,15,1098,3,1,1,1,1,1,1,1,1,1,1,1,1,1,1,1,0.0454545,1
1,1772,1340759,200.621,1.45244,111.366,0.865897,1,89.254,8,1,1,111.366,206.539,111.366,18.4295,0,2,2,71.4547,1,0,0,0.558913,21,1410,1,1,1,1,1,1,1,1,0,1,1,1,1,1,1,1,0.0454545,1
1,1772,1340774,127.176,1.25611,79.7714,2.57514,0.472439,47.4045,3,2,1,168.85,196.248,123.863,44.987,0,1,1,16.4493,0,0,0,0.527322,17,1331,2,1,1,1,1,1,1,1,1,1,1,1,1,1,1,1,0.0909091,1
1,1772,1340815,108.56,-0.101114,124.494,0.0588333,1,-15.9341,3,1,1,124.494,179.464,124.494,27.6417,0,0,0,0,1,1,0,0.912636,8,962,1,1,1,1,1,1,1,1,1,1,1,1,1,1,1,1,0.0454545,1
1,1772,1340747,141.603,-1.25236,133.438,-1.33364,0.982347,8.1649,9,2,2,135.836,241.973,70.4251,65.4112,0,0,0,0,0,0,0,0.535485,14,1219,3,1,1,1,1,1,1,1,1,1,1,1,1,1,1,1,0.0454545,1
1,1772,1340823,63.1095,-1.01121,55.3597,-0.882648,1,7.74986,4,1,1,55.3597,90.7146,55.3597,13.9842,0,0,0,0,1,1,1,0.96852,11,1172,1,1,1,1,1,1,1,0,0,1,1,1,1,1,1,1,0.0454545,1
1,1772,1340783,111.555,-2.90859,111.358,-3.04975,0.890824,0.196919,5,2,1,125.005,166.839,94.3712,30.634,0,1,1,23.4074,1,1,1,0.997804,18,1400,3,1,1,1,1,1,1,1,1,1,1,1,1,1,1,1,0.0454545,1
1,1772,1340813,92.8179,-2.68521,99.9358,-2.4458,1,-7.11789,4,1,1,99.9358,143.326,99.9358,17.1129,0,0,0,0,0,0,0,0.270481,8,914,0,1,1,1,1,1,1,1,1,1,1,1,1,1,1,1,0.0454545,1
1,1772,1340888,141.909,-2.95224,146.413,-2.99845,1,-4.50375,2,1,1,146.413,161.622,146.413,15.2098,0,0,0,0,1,1,1,0.99334,15,1018,3,1,1,1,1,1,1,1,0,1,1,1,1,1,1,1,0.0454545,1
1,1772,1340849,146.062,-2.64344,74.7464,-3.07538,1,71.3153,1,1,1,74.7464,74.7464,74.7464,0,0,0,0,0,0,0,0,0.220944,16,939,1,1,1,1,1,1,1,1,1,1,1,1,1,1,1,1,0.0454545,1
1,1772,1340846,163.882,-1.50357,158.642,-1.42385,1,5.23967,5,1,1,158.642,209.346,158.642,16.1518,0,1,1,19.9365,0,0,0,0.531799,18,1280,3,1,1,1,1,1,1,1,0,1,1,1,1,1,1,1,0.272727,1
1,1772,1340811,142.595,2.64561,153.661,2.75507,0.762894,-11.0665,7,2,2,201.419,283.717,113.217,88.2024,0,1,1,18.3874,2,0,0,0.555092,14,1416,0,1,1,1,1,1,1,1,1,1,1,1,1,1,1,1,0.0454545,1
1,1772,1340867,178.732,-2.99098,181.343,-3.12796,1,-2.61104,3,1,1,181.343,215.715,181.343,22.9718,0,0,0,0,0,0,0,0.526843,12,1315,1,1,1,1,1,1,1,1,1,1,1,1,1,1,1,1,0.0454545,1
1,1772,1340841,128.209,-2.37088,340.385,-1.95192,0.990796,-212.176,6,2,2,343.547,394.944,205.187,138.36,1,0,1,46.3488,1,1,1,0.983794,25,1605,4,1,1,1,1,1,1,1,1,1,1,1,1,1,1,1,0.136364,1
1,1772,1340874,104.847,-2.75182,85.2912,-2.66655,1,19.5558,8,1,1,85.2912,197.617,85.2912,22.3231,0,0,0,0,1,0,0,0.543882,16,1552,0,1,1,1,1,1,1,1,1,1,1,1,1,1,1,1,0.0454545,1
1,1772,1340834,232.208,2.4738,125.497,2.48549,0.28094,106.711,6,3,2,446.706,482.09,251.648,157.771,0,0,0,0,0,0,0,0.413204,27,1645,1,1,1,1,1,1,1,1,1,1,1,1,1,1,1,1,0.0454545,1
1,1772,1340952,133.482,0.25203,108.972,0.143574,0.990271,24.5098,5,2,1,110.043,153.722,78.1852,31.8577,1,1,2,32.3508,1,1,1,0.997048,22,1453,3,1,1,1,1,1,1,1,1,1,1,1,1,1,1,1,0.0454545,1
1,1772,1340724,229.334,-1.54432,253.371,-1.57433,0.779892,-24.0369,14,4,2,324.879,484.725,187.651,57.1535,0,1,1,11.6777,5,1,0,0.935747,26,2346,4,1,1,1,1,1,1,1,1,1,1,1,1,1,1,1,0.136364,1
1,1772,1340883,162.917,-0.438555,183.118,-0.438967,0.329558,-20.2007,6,4,4,555.647,582.839,182.215,147.868,0,0,0,0,1,1,1,0.972557,8,1305,3,1,1,1,1,1,1,1,1,1,1,1,1,1,1,1,0.0454545,1
1,1772,1340926,121.664,-1.19703,99.426,-1.13341,1,22.2383,2,1,1,99.426,113.867,99.426,14.4409,0,0,0,0,0,0,0,0.30465,11,799,1,1,1,1,1,1,1,1,0,1,1,1,1,1,1,1,0.0454545,1
1,1772,1340891,150.468,-2.64467,156.311,-2.55071,0.318676,-5.84261,5,3,3,490.501,522.766,225.156,210.226,0,0,0,0,0,0,0,0.526429,17,1601,0,1,1,1,1,1,1,1,1,1,1,1,1,1,1,1,0.0454545,1
1,1772,1340861,158.397,-2.18858,175.539,-2.12734,1,-17.1415,9,1,1,175.539,316.275,175.539,26.5458,2,0,2,45.3429,3,0,0,0.726062,25,1967,2,1,1,1,1,1,1,1,1,1,1,1,1,1,1,1,0.0454545,1
1,1772,1340982,136.465,0.448484,0,0,0,136.465,5,0,0,0,74.3937,20.8472,16.2817,0,1,1,16.337,1,1,0,0.915682,11,1079,4,1,1,1,1,1,1,1,0,1,1,1,1,1,1,1,0.0454545,1
1,1772,1340967,111.186,-0.078623,0,0,0,111.186,4,0,0,0,50.1167,15.1097,14.2707,0,0,0,0,0,0,0,0.54013,20,1416,0,1,1,1,1,1,1,1,1,1,1,1,1,1,1,1,0.0909091,1
1,1772,1340946,154.613,-2.31246,147.951,-2.08909,1,6.66171,2,1,1,147.951,164.351,147.951,16.4006,0,1,1,38.2112,2,0,0,0.72959,17,1708,7,1,1,1,1,1,1,1,1,1,1,1,1,1,1,1,0.0454545,1
1,1772,1340997,142.932,-2.20771,85.7925,-2.38555,0.928487,57.1399,3,2,1,92.4003,103.106,50.7461,41.6542,0,1,1,14.7353,0,0,0,0.411859,15,1230,1,1,1,1,1,1,1,1,1,1,1,1,1,1,1,1,0.0454545,1
1,1772,1340938,92.2729,-2.92049,167.794,-2.98598,0.579369,-75.5216,3,2,2,289.616,301.398,205.704,83.9122,0,2,2,51.6918,1,1,0,0.897582,21,1622,4,1,1,1,1,1,1,1,1,1,1,1,1,1,1,1,0.0454545,1
1,1772,1340968,89.6937,1.00904,101.304,0.73496,0.804902,-11.6099,4,2,2,125.858,152.674,64.038,61.8204,0,0,0,0,0,0,0,0.369387,9,1192,1,1,1,1,1,1,1,1,1,1,1,1,1,1,1,1,0.0454545,1
1,1772,1341038,123.485,0.438053,51.4838,-0.175675,1,72.0015,5,1,1,51.4838,143.559,51.4838,24.8826,0,0,0,0,2,0,0,0.647386,9,765,2,1,1,1,1,1,1,0,0,1,1,1,1,1,1,1,0.0454545,1
1,1772,1341064,145.829,-1.23483,127.479,-1.45952,1,18.35,1,1,1,127.479,127.479,127.479,0,0,0,0,0,0,0,0,0.0883832,9,596,0,1,1,1,1,1,1,1,1,1,1,1,1,1,1,1,0.0454545,1
1,1772,1341002,97.5254,2.18993,111.987,2.05585,0.447316,-14.4617,10,4,2,250.353,363.294,111.773,51.4878,0,0,0,0,1,0,0,0.570141,10,1210,1,1,1,1,1,1,1,1,1,1,1,1,1,1,1,1,0.0909091,1
1,1772,1341012,111.977,-3.04112,38.5223,-2.71254,1,73.4543,10,1,0,38.5223,171.26,38.5223,22.7147,0,0,0,0,1,0,0,0.55568,15,1174,1,1,1,1,1,1,1,0,0,1,1,1,1,1,1,1,0.0454545,1
1,1772,1340998,121.587,0.931909,111.881,0.700116,0.963139,9.70534,6,2,1,116.163,175.412,78.3085,37.8549,0,0,0,0,1,0,0,0.549349,9,765,5,1,1,1,1,1,1,1,0,1,1,1,1,1,1,1,0.0909091,1
1,1772,1341091,126.434,1.17921,115.463,1.14408,0.672307,10.9713,4,2,2,171.741,197.949,88.3568,83.3845,0,0,0,0,0,0,0,0.473976,12,1043,1,1,1,1,1,1,1,1,1,1,1,1,1,1,1,1,0.0909091,1
1,1772,1340927,155.315,0.566219,146.649,0.681108,0.670813,8.66573,7,2,1,218.614,292.356,181.835,36.7794,0,0,0,0,0,0,0,0.531091,22,1681,1,1,1,1,1,1,1,1,1,1,1,1,1,1,1,1,0.0454545,1
1,1772,1341049,177.731,2.0781,168.673,2.17889,1,9.05806,4,1,1,168.673,202.419,168.673,12.1173,0,0,0,0,0,0,0,0.368261,15,1285,2,1,1,1,1,1,1,1,1,1,1,1,1,1,1,1,0.0454545,1
1,1772,1341072,134.888,-0.459031,105.718,-0.2761,1,29.1702,7,1,1,105.718,196.381,105.718,21.695,0,0,0,0,2,0,0,0.560184,20,1653,0,1,1,1,1,1,1,1,1,1,1,1,1,1,1,1,0.0454545,1
1,1772,1341062,165.427,0.817646,133.847,0.405642,1,31.58,5,1,1,133.847,202.732,133.847,29.9523,0,1,1,91.3815,0,0,0,0.522208,14,1605,2,1,1,1,1,1,1,1,1,1,1,1,1,1,1,1,0.0454545,1
1,1772,1341039,130.294,1.55524,152.753,1.79688,0.627508,-22.459,3,3,1,243.428,243.428,160.407,41.5393,0,0,0,0,2,1,0,0.917907,16,1283,1,1,1,1,1,1,1,1,1,1,1,1,1,1,1,1,0.0454545,1
1,1772,1341145,234.637,1.97967,212.043,1.86587,0.661269,22.5944,7,4,3,320.661,373.706,184.69,51.7178,0,0,0,0,2,0,0,0.688566,20,1650,0,1,1,1,1,1,1,1,1,1,1,1,1,1,1,1,0.0454545,1
1,1772,1341127,162.517,0.262787,251.012,-0.283164,1,-88.4943,4,1,1,251.012,315.623,251.012,28.4916,0,0,0,0,2,2,2,0.997137,15,810,3,1,1,1,1,1,1,1,1,1,1,1,1,1,1,1,0.0454545,1
1,1772,1341109,108.247,-0.70272,143.025,-0.976862,1,-34.7781,6,1,1,143.025,197.791,143.025,12.0256,1,0,1,34.8954,0,0,0,0.532242,16,1362,1,1,1,1,1,1,1,1,1,1,1,1,1,1,1,1,0.0454545,1
1,1772,1341148,106.209,0.75287,98.331,0.236451,1,7.87846,4,1,1,98.331,146.118,98.331,21.7927,0,0,0,0,1,0,0,0.790112,13,914,2,1,1,1,1,1,1,0,1,1,1,1,1,1,1,1,0.0454545,1
1,1772,1341111,158.127,2.95258,144.491,2.62021,0.892779,13.6368,6,3,1,161.844,200.435,83.708,43.6454,0,0,0,0,0,0,0,0.233242,17,1541,0,1,1,1,1,1,1,1,1,1,1,1,1,1,1,1,0.0454545,1
1,1772,1341251,155.17,-1.6852,103.255,-1.64137,0.998267,51.9157,5,2,1,103.434,147.389,57.6177,45.8161,0,0,0,0,1,0,0,0.554353,13,875,0,1,1,1,1,1,1,1,1,1,1,1,1,1,1,1,0.0454545,1
1,1772,1341129,112.848,-1.50176,84.1812,-1.76554,0.599747,28.6668,3,2,1,140.361,151.118,103.142,37.219,0,0,0,0,0,0,0,0.345035,17,1653,0,1,1,1,1,1,1,1,1,1,1,1,1,1,1,1,0.0454545,1
1,1772,1341173,124.142,-1.6952,143.522,-1.76623,0.964006,-19.3792,4,3,1,148.88,159.833,61.7609,45.3327,0,0,0,0,1,0,0,0.552844,11,988,0,1,1,1,1,1,1,1,1,1,1,1,1,1,1,1,0.0909091,1
1,1772,1341154,175.359,2.8782,171.115,2.68325,1,4.24353,2,1,1,171.115,183.432,171.115,12.3166,0,0,0,0,1,0,0,0.632348,19,1374,0,1,1,1,1,1,1,1,0,1,1,1,1,1,1,1,0.0454545,1
1,1772,1341257,177.773,1.25188,194.572,1.31236,0.876652,-16.7995,5,2,1,221.949,270.505,181.425,40.5243,0,0,0,0,0,0,0,0.52735,15,969,1,1,1,1,1,1,1,1,1,1,1,1,1,1,1,1,0.0454545,1
1,1772,1341179,82.6235,1.24743,0,0,0,82.6235,6,0,0,0,78.4939,16.6619,14.2922,0,0,0,0,0,0,0,0.531431,21,1751,1,1,1,1,1,1,1,0,1,1,1,1,1,1,1,1,0.0454545,1
1,1772,1340971,189.388,2.63929,109.17,2.67767,0.267487,80.2183,10,3,2,408.132,508.385,183.489,176.432,0,0,0,0,1,1,0,0.922932,25,2375,4,1,1,1,1,1,1,1,1,1,1,1,1,1,1,1,0.0909091,1
1,1772,1341122,134.907,-2.14314,165.058,-2.04361,0.416274,-30.1509,8,3,3,396.512,488.57,264.839,80.4195,2,3,5,252.094,2,2,1,0.995817,26,1804,4,1,1,1,1,1,1,1,1,1,1,1,1,1,1,1,0.0909091,1
1,1772,1341262,118.443,1.48662,127.687,1.35658,1,-9.24384,4,1,1,127.687,166.81,127.687,15.4769,0,1,1,38.1156,0,0,0,0.432794,13,1294,2,1,1,1,1,1,1,1,1,1,1,1,1,1,1,1,0.0454545,1
1,1772,1341161,180.854,0.866528,114.308,0.930351,0.792238,66.5459,11,3,2,144.285,260.526,54.8829,53.5785,0,1,1,15.4156,2,0,0,0.735974,19,1914,4,1,1,1,1,1,1,1,1,1,1,1,1,1,1,1,0.0454545,1
1,1772,1341258,67.3377,-1.94596,103.994,-1.68384,0.501281,-36.6562,8,4,1,207.456,261.543,105.125,40.8828,0,0,0,0,0,0,0,0.447758,9,753,0,1,1,1,1,1,1,1,1,1,1,1,1,1,1,1,0.0454545,1
1,1772,1341285,100.58,0.306738,115.14,0.310083,0.689785,-14.5592,4,2,2,166.921,190.943,83.7006,83.2205,0,0,0,0,0,0,0,0.348562,6,923,1,1,1,1,1,1,1,0,1,1,1,1,1,1,1,1,0.0454545,1
1,1772,1341291,103.891,-2.85722,114.549,-2.10564,0.491695,-10.6581,10,4,2,232.968,318.558,102.557,58.4482,0,0,0,0,0,0,0,0.527365,20,1647,5,1,1,1,1,1,1,0,1,1,1,1,1,1,1,1,0.0454545,1
1,1772,1341315,123.475,-0.328311,76.7251,-0.116726,0.506106,46.7499,5,2,2,151.599,202.916,86.0427,65.5562,0,1,1,24.9014,2,0,0,0.780988,13,1565,4,1,1,1,1,1,1,1,1,1,1,1,1,1,1,1,0.0454545,1
1,1772,1341320,120.783,-0.102763,121.897,0.135557,0.279389,-1.1139,3,2,2,436.3,447.247,234.893,201.407,0,0,0,0,1,1,1,0.987179,10,893,2,1,1,1,1,1,1,1,0,1,1,1,1,1,1,1,0.0454545,1
1,1772,1341334,101.214,1.54318,115.446,1.3432,0.977802,-14.2324,6,2,1,118.067,173.987,76.7064,41.3608,0,0,0,0,1,0,0,0.619526,11,895,1,1,1,1,1,1,1,1,1,1,1,1,1,1,1,1,0.0454545,1
1,1772,1341221,201.66,-2.95318,145.24,-3.05551,0.9726,56.4194,9,2,1,149.332,265.874,119.152,30.1794,0,0,0,0,1,0,0,0.634284,26,2156,2,1,1,1,1,1,1,1,1,1,1,1,1,1,1,1,0.0454545,1
1,1772,1341156,148.881,-1.1777,112.998,-1.88029,0.788175,35.8831,7,2,1,143.366,213.075,110.497,32.8695,0,1,1,44.1257,3,0,0,0.556876,28,2325,0,1,1,1,1,1,1,1,1,1,1,1,1,1,1,1,0.0454545,1
1,1772,1341364,137.993,0.571904,150.245,0.740876,0.771489,-12.252,3,2,2,194.747,209.033,137.55,57.1975,0,0,0,0,1,0,0,0.554587,5,948,0,1,1,1,1,1,1,1,1,1,1,1,1,1,1,1,0.0454545,1
1,1772,1341340,76.4226,-0.664806,74.2538,-1.24091,1,2.16885,7,1,1,74.2538,143.64,74.2538,13.3522,1,0,1,11.6608,1,0,0,0.709958,16,1982,2,1,1,1,1,1,1,1,1,1,1,1,1,1,1,1,0.0454545,1
1,1772,1341388,106.208,-1.2326,34.4156,-0.902324,1,71.7923,3,1,0,34.4156,59.309,34.4156,14.3711,0,0,0,0,2,1,0,0.856359,20,1263,2,1,1,1,1,1,1,0,1,1,1,1,1,1,1,1,0.0454545,1
1,1772,1341304,105.677,-2.11705,108.51,-2.15288,1,-2.83302,7,1,1,108.51,206.635,108.51,28.9554,0,1,1,23.6915,1,0,0,0.729367,17,1598,2,1,1,1,1,1,1,1,1,1,1,1,1,1,1,1,0.0454545,1
1,1772,1341402,127.402,1.81387,123.16,1.96659,1,4.24197,3,1,1,123.16,144.973,123.16,11.7128,0,0,0,0,0,0,0,0.0653904,3,441,0,1,1,1,1,1,1,1,0,1,1,1,1,1,1,1,0.0454545,1
1,1772,1341342,121.571,1.12493,124.004,0.940505,1,-2.43356,4,1,1,124.004,169.415,124.004,20.2657,0,0,0,0,0,0,0,0.527707,19,1829,1,1,1,1,1,1,1,1,1,1,1,1,1,1,1,1,0.0454545,1
1,1772,1341378,119.798,-0.261289,92.4363,-0.371453,1,27.3618,4,1,1,92.4363,150.232,92.4363,24.9284,0,0,0,0,0,0,0,0.529921,18,1478,1,1,1,1,1,1,1,1,0,1,1,1,1,1,1,1,0.0454545,1
1,1772,1341366,182.808,-2.84041,155.601,-2.88979,0.628093,27.2068,6,2,2,247.736,298.965,188.902,58.8341,0,1,1,10.1254,1,0,0,0.543851,17,1693,3,1,1,1,1,1,1,1,1,1,1,1,1,1,1,1,0.0454545,1
1,1772,1341396,108.638,-1.63779,122.31,-1.725,1,-13.6715,2,1,1,122.31,135.37,122.31,13.0607,0,0,0,0,0,0,0,0.0655862,12,1174,0,1,1,1,1,1,1,1,0,1,1,1,1,1,1,1,0.0454545,1
1,1772,1341348,94.5172,1.45546,85.4399,1.32963,1,9.0773,4,1,1,85.4399,131.612,85.4399,20.4428,0,0,0,0,1,0,0,0.746034,23,2123,0,1,1,1,1,1,1,1,1,1,1,1,1,1,1,1,0.0454545,1
1,1772,1341390,223.159,-2.23914,0,0,0,223.159,8,0,0,0,145.96,28.8614,24.0917,0,0,0,0,1,1,1,0.975253,15,1479,3,1,1,1,1,1,1,1,0,1,1,1,1,1,1,1,0.0454545,1
1,1772,1341349,108.388,2.68467,137.614,2.58505,1,-29.2254,6,1,1,137.614,206.465,137.614,18.9498,0,1,1,32.4318,2,1,1,0.973637,35,2437,1,1,1,1,1,1,1,1,1,1,1,1,1,1,1,1,0.0454545,1
