analysis,experiment,sqrt_s,luminosity,signal_region,N_obs,N_exp,sigma_exp,MET,HT_or_meff,N_jets,N_leptons,N_btags,category,Delta_N,Z,z_MET,z_HT_or_meff,z_N_jets,z_N_leptons,z_N_btags,category_bonus,B_access,B_access_z
ATLAS-SUSY-2015-02-eff,ATLAS,13.0,3.2,SR1,12.0,5.5,0.72,,,,,,,6.5,9.027777777777779,0.0,0.0,0.0,0.0,0.0,0,0.0,-0.14289181129338485
ATLAS-SUSY-2015-02-eff,ATLAS,13.0,3.2,SR2,1.0,1.25,0.26,,,,,,,-0.25,-0.9615384615384615,0.0,0.0,0.0,0.0,0.0,0,0.0,-0.14289181129338485
ATLAS-SUSY-2015-02-eff,ATLAS,13.0,3.2,SR3,1.0,1.03,0.18,,,,,,,-0.030000000000000027,-0.16666666666666682,0.0,0.0,0.0,0.0,0.0,0,0.0,-0.14289181129338485
ATLAS-SUSY-2015-06-eff,ATLAS,13.0,3.2,SR2jl,263.0,283.0,24.0,,,2.0,,,,-20.0,-0.8333333333333334,0.0,0.0,-0.9753447883793924,0.0,0.0,0,-0.9753447883793924,-1.057622136453188
ATLAS-SUSY-2015-06-eff,ATLAS,13.0,3.2,SR2jm,191.0,191.0,21.0,,,2.0,,,,0.0,0.0,0.0,0.0,-0.9753447883793924,0.0,0.0,0,-0.9753447883793924,-1.057622136453188
ATLAS-SUSY-2015-06-eff,ATLAS,13.0,3.2,SR2jt,26.0,23.0,4.0,,,2.0,,,,3.0,0.75,0.0,0.0,-0.9753447883793924,0.0,0.0,0,-0.9753447883793924,-1.057622136453188
ATLAS-SUSY-2015-06-eff,ATLAS,13.0,3.2,SR4jt,7.0,4.1,1.1,,,4.0,,,,2.9000000000000004,2.6363636363636367,0.0,0.0,0.15989258825891683,0.0,0.0,0,0.15989258825891683,0.007063979716418989
ATLAS-SUSY-2015-06-eff,ATLAS,13.0,3.2,SR5j,7.0,13.2,2.2,,,5.0,,,,-6.199999999999999,-2.8181818181818175,0.0,0.0,0.7275112765780715,0.0,0.0,0,0.7275112765780715,0.5394070378012225
ATLAS-SUSY-2015-06-eff,ATLAS,13.0,3.2,SR6jm,4.0,6.9,1.5,,,6.0,,,,-2.9000000000000004,-1.9333333333333336,0.0,0.0,1.295129964897226,0.0,0.0,0,1.295129964897226,1.071750095886026
ATLAS-SUSY-2015-06-eff,ATLAS,13.0,3.2,SR6jt,3.0,4.2,1.2,,,6.0,,,,-1.2000000000000002,-1.0000000000000002,0.0,0.0,1.295129964897226,0.0,0.0,0,1.295129964897226,1.071750095886026
ATLAS-SUSY-2016-06-eff,ATLAS,13.0,36.1,SR_EW,9.0,11.8,3.1,,,,,,,-2.8000000000000007,-0.9032258064516131,0.0,0.0,0.0,0.0,0.0,0,0.0,-0.14289181129338485
ATLAS-SUSY-2016-07-eff,ATLAS,13.0,36.1,2j_Meff_1200,611.0,526.0,31.0,,1200.0,2.0,,,,85.0,2.7419354838709675,0.0,-1.2237126412158346,-0.9753447883793924,0.0,0.0,0,-2.1990574295952268,-2.2052850711795147
ATLAS-SUSY-2016-07-eff,ATLAS,13.0,36.1,2j_Meff_1600,216.0,228.0,19.0,,1600.0,2.0,,,,-12.0,-0.631578947368421,0.0,-0.658242539859781,-0.9753447883793924,0.0,0.0,0,-1.6335873282391735,-1.6749570724612124
ATLAS-SUSY-2016-07-eff,ATLAS,13.0,36.1,2j_Meff_2000,73.0,90.0,10.0,,2000.0,2.0,,,,-17.0,-1.7,0.0,-0.09277243850372753,-0.9753447883793924,0.0,0.0,0,-1.06811722688312,-1.1446290737429097
ATLAS-SUSY-2016-07-eff,ATLAS,13.0,36.1,2j_Meff_2100,190.0,153.0,14.0,,2100.0,2.0,,,,37.0,2.642857142857143,0.0,0.04859508683528585,-0.9753447883793924,0.0,0.0,0,-0.9267497015441066,-1.0120470740633338
ATLAS-SUSY-2016-07-eff,ATLAS,13.0,36.1,2j_Meff_2400,34.0,42.0,4.0,,2400.0,2.0,,,,-8.0,-2.0,0.0,0.47269766285232595,-0.9753447883793924,0.0,0.0,0,-0.5026471255270665,-0.6143010750246068
ATLAS-SUSY-2016-07-eff,ATLAS,13.0,36.1,2j_Meff_2800,19.0,17.3,2.0,,2800.0,2.0,,,,1.6999999999999993,0.8499999999999996,0.0,1.0381677642083795,-0.9753447883793924,0.0,0.0,0,0.0628229758289871,-0.08397307630630405
ATLAS-SUSY-2016-07-eff,ATLAS,13.0,36.1,2j_Meff_3600,5.0,3.6,0.9,,3600.0,2.0,,,,1.4,1.5555555555555554,0.0,2.1691079669204862,-0.9753447883793924,0.0,0.0,0,1.1937631785410938,0.9766829211303011
ATLAS-SUSY-2016-07-eff,ATLAS,13.0,36.1,3j_Meff_1300,429.0,390.0,29.0,,1300.0,3.0,,,,39.0,1.3448275862068966,0.0,-1.0823451158768211,-0.4077261000602378,0.0,0.0,0,-1.4900712159370588,-1.5403600134151356
ATLAS-SUSY-2016-07-eff,ATLAS,13.0,36.1,4j_Meff_1000,142.0,124.0,12.0,,1000.0,4.0,,,,18.0,1.5,0.0,-1.5064476918938612,0.15989258825891683,0.0,0.0,0,-1.3465551036349444,-1.4057629543690593
ATLAS-SUSY-2016-07-eff,ATLAS,13.0,36.1,4j_Meff_1400,199.0,182.0,16.0,,1400.0,4.0,,,,17.0,1.0625,0.0,-0.9409775905378077,0.15989258825891683,0.0,0.0,0,-0.7810850022788909,-0.8754349556507566
ATLAS-SUSY-2016-07-eff,ATLAS,13.0,36.1,4j_Meff_1800,55.0,49.0,7.0,,1800.0,4.0,,,,6.0,0.8571428571428571,0.0,-0.37550748918175425,0.15989258825891683,0.0,0.0,0,-0.21561490092283742,-0.3451069569324539
ATLAS-SUSY-2016-07-eff,ATLAS,13.0,36.1,4j_Meff_2200,24.0,16.5,2.7,,2200.0,4.0,,,,7.5,2.7777777777777777,0.0,0.18996261217429922,0.15989258825891683,0.0,0.0,0,0.34985520043321605,0.1852210417858488
ATLAS-SUSY-2016-07-eff,ATLAS,13.0,36.1,4j_Meff_2600,4.0,5.8,2.0,,2600.0,4.0,,,,-1.7999999999999998,-0.8999999999999999,0.0,0.7554327135303527,0.15989258825891683,0.0,0.0,0,0.9153253017892695,0.7155490405041515
ATLAS-SUSY-2016-07-eff,ATLAS,13.0,36.1,4j_Meff_3000,2.0,2.0,0.6,,3000.0,4.0,,,,0.0,0.0,0.0,1.3209028148864062,0.15989258825891683,0.0,0.0,0,1.480795403145323,1.245877039222454
ATLAS-SUSY-2016-07-eff,ATLAS,13.0,36.1,5j_Meff_1600,135.0,128.0,14.0,,1600.0,5.0,,,,7.0,0.5,0.0,-0.658242539859781,0.7275112765780715,0.0,0.0,0,0.06926873671829048,-0.07792789820680174
ATLAS-SUSY-2016-07-eff,ATLAS,13.0,36.1,5j_Meff_1700,49.0,43.0,5.0,,1700.0,5.0,,,,6.0,1.2,0.0,-0.5168750145207677,0.7275112765780715,0.0,0.0,0,0.2106362620573038,0.054654101472773886
ATLAS-SUSY-2016-07-eff,ATLAS,13.0,36.1,5j_Meff_2000,59.0,65.0,7.0,,2000.0,5.0,,,,-6.0,-0.8571428571428571,0.0,-0.09277243850372753,0.7275112765780715,0.0,0.0,0,0.634738838074344,0.4524001005115009
ATLAS-SUSY-2016-07-eff,ATLAS,13.0,36.1,5j_Meff_2600,10.0,9.4,2.1,,2600.0,5.0,,,,0.5999999999999996,0.28571428571428553,0.0,0.7554327135303527,0.7275112765780715,0.0,0.0,0,1.4829439901084243,1.247892098588955
ATLAS-SUSY-2016-07-eff,ATLAS,13.0,36.1,6j_Meff_1200,276.0,274.0,32.0,,1200.0,6.0,,,,2.0,0.0625,0.0,-1.2237126412158346,1.295129964897226,0.0,0.0,0,0.07141732368139153,-0.07591283884030103
ATLAS-SUSY-2016-07-eff,ATLAS,13.0,36.1,6j_Meff_1800,9.0,5.1,1.8,,1800.0,6.0,,,,3.9000000000000004,2.166666666666667,0.0,-0.37550748918175425,1.295129964897226,0.0,0.0,0,0.9196224757154718,0.7195791592371531
ATLAS-SUSY-2016-07-eff,ATLAS,13.0,36.1,6j_Meff_2200,3.0,3.1,1.3,,2200.0,6.0,,,,-0.10000000000000009,-0.07692307692307698,0.0,0.18996261217429922,1.295129964897226,0.0,0.0,0,1.4850925770715253,1.2499071579554557
ATLAS-SUSY-2016-07-eff,ATLAS,13.0,36.1,6j_Meff_2600,1.0,2.2,1.4,,2600.0,6.0,,,,-1.2000000000000002,-0.8571428571428573,0.0,0.7554327135303527,1.295129964897226,0.0,0.0,0,2.0505626784275788,1.7802351566737584
ATLAS-SUSY-2016-16-eff,ATLAS,13.0,36.0,bWN,68.0,71.0,16.0,,,,,,,-3.0,-0.1875,0.0,0.0,0.0,0.0,0.0,0,0.0,-0.14289181129338485
ATLAS-SUSY-2016-16-eff,ATLAS,13.0,36.0,bffN,70.0,60.5,6.1,,,,,,,9.5,1.557377049180328,0.0,0.0,0.0,0.0,0.0,0,0.0,-0.14289181129338485
ATLAS-SUSY-2016-16-eff,ATLAS,13.0,36.0,tN_diag_high,19.0,18.3,2.2,,,,,,,0.6999999999999993,0.31818181818181784,0.0,0.0,0.0,0.0,0.0,0,0.0,-0.14289181129338485
ATLAS-SUSY-2016-16-eff,ATLAS,13.0,36.0,tN_diag_low,34.0,30.3,5.9,,,,,,,3.6999999999999993,0.6271186440677965,0.0,0.0,0.0,0.0,0.0,0,0.0,-0.14289181129338485
ATLAS-SUSY-2016-16-eff,ATLAS,13.0,36.0,tN_diag_med,115.0,115.0,31.0,,,,,,,0.0,0.0,0.0,0.0,0.0,0.0,0.0,0,0.0,-0.14289181129338485
ATLAS-SUSY-2016-16-eff,ATLAS,13.0,36.0,tN_high,8.0,3.8,1.0,,,,,,,4.2,4.2,0.0,0.0,0.0,0.0,0.0,0,0.0,-0.14289181129338485
ATLAS-SUSY-2016-16-eff,ATLAS,13.0,36.0,tN_med,50.0,36.3,6.6,,,,,,,13.700000000000003,2.075757575757576,0.0,0.0,0.0,0.0,0.0,0,0.0,-0.14289181129338485
ATLAS-SUSY-2016-24-eff,ATLAS,13.0,36.1,SR2-SF-loose,153.0,133.0,22.0,,,,2.0,,,20.0,0.9090909090909091,0.0,0.0,0.0,-0.3142830708670285,0.0,0,-0.3142830708670285,-0.4376432253898243
ATLAS-SUSY-2016-24-eff,ATLAS,13.0,36.1,SR2-SF-tight,9.0,9.8,2.9,,,,2.0,,,-0.8000000000000007,-0.2758620689655175,0.0,0.0,0.0,-0.3142830708670285,0.0,0,-0.3142830708670285,-0.4376432253898243
ATLAS-SUSY-2016-24-eff,ATLAS,13.0,36.1,SR2-high,0.0,1.6,1.6,,,,,,,-1.6,-1.0,0.0,0.0,0.0,0.0,0.0,0,0.0,-0.14289181129338485
ATLAS-SUSY-2016-24-eff,ATLAS,13.0,36.1,SR2-int,2.0,4.1,2.6,,,,,,,-2.0999999999999996,-0.8076923076923075,0.0,0.0,0.0,0.0,0.0,0,0.0,-0.14289181129338485
ATLAS-SUSY-2016-24-eff,ATLAS,13.0,36.1,SR2-low,11.0,4.2,3.4,,,,2.0,,,6.8,2.0,0.0,0.0,0.0,-0.3142830708670285,0.0,0,-0.3142830708670285,-0.4376432253898243
ATLAS-SUSY-2016-24-eff,ATLAS,13.0,36.1,WZ-0Ja,21.0,21.7,2.9,,,0.0,,,,-0.6999999999999993,-0.24137931034482735,0.0,0.0,-2.1105821650177017,0.0,0.0,0,-2.1105821650177017,-2.122308252622795
ATLAS-SUSY-2016-24-eff,ATLAS,13.0,36.1,WZ-0Jb,1.0,2.7,0.5,,,0.0,,,,-1.7000000000000002,-3.4000000000000004,0.0,0.0,-2.1105821650177017,0.0,0.0,0,-2.1105821650177017,-2.122308252622795
ATLAS-SUSY-2016-24-eff,ATLAS,13.0,36.1,WZ-0Jc,2.0,1.6,0.3,,,0.0,,,,0.3999999999999999,1.333333333333333,0.0,0.0,-2.1105821650177017,0.0,0.0,0,-2.1105821650177017,-2.122308252622795
ATLAS-SUSY-2016-24-eff,ATLAS,13.0,36.1,WZ-1Ja,1.0,2.2,0.5,,,1.0,,,,-1.2000000000000002,-2.4000000000000004,0.0,0.0,-1.5429634766985472,0.0,0.0,0,-1.5429634766985472,-1.5899651945379916
ATLAS-SUSY-2016-24-eff,ATLAS,13.0,36.1,WZ-1Jb,3.0,1.8,0.3,,,1.0,,,,1.2,4.0,0.0,0.0,-1.5429634766985472,0.0,0.0,0,-1.5429634766985472,-1.5899651945379916
ATLAS-SUSY-2016-24-eff,ATLAS,13.0,36.1,WZ-1Jc,4.0,1.3,0.3,,,1.0,,,,2.7,9.000000000000002,0.0,0.0,-1.5429634766985472,0.0,0.0,0,-1.5429634766985472,-1.5899651945379916
ATLAS-SUSY-2016-27-eff,ATLAS,13.0,36.1,SRyy-SH,0.0,0.48,0.275,,,,,,,-0.48,-1.7454545454545451,0.0,0.0,0.0,0.0,0.0,0,0.0,-0.14289181129338485
ATLAS-SUSY-2016-27-eff,ATLAS,13.0,36.1,SRyy-SL,0.0,0.5,0.28,,,,,,,-0.5,-1.7857142857142856,0.0,0.0,0.0,0.0,0.0,0,0.0,-0.14289181129338485
ATLAS-SUSY-2016-32-eff-trim,ATLAS,13.0,31.6,SR1FULL_175,227.0,240.0,20.0,,,,,,,-13.0,-0.65,0.0,0.0,0.0,0.0,0.0,0,0.0,-0.14289181129338485
ATLAS-SUSY-2016-32-eff-trim,ATLAS,13.0,31.6,SR1FULL_375,16.0,17.0,2.0,,,,,,,-1.0,-0.5,0.0,0.0,0.0,0.0,0.0,0,0.0,-0.14289181129338485
ATLAS-SUSY-2016-32-eff-trim,ATLAS,13.0,31.6,SR1FULL_600,1.0,2.2,0.2,,,,,,,-1.2000000000000002,-6.000000000000001,0.0,0.0,0.0,0.0,0.0,0,0.0,-0.14289181129338485
ATLAS-SUSY-2016-32-eff-trim,ATLAS,13.0,31.6,SR1FULL_825,0.0,0.48,0.07,,,,,,,-0.48,-6.857142857142856,0.0,0.0,0.0,0.0,0.0,0,0.0,-0.14289181129338485
ATLAS-SUSY-2016-32-eff-trim,ATLAS,13.0,31.6,SR2FULL_150,0.0,1.5,0.3,,,,,,,-1.5,-5.0,0.0,0.0,0.0,0.0,0.0,0,0.0,-0.14289181129338485
ATLAS-SUSY-2016-32-eff-trim,ATLAS,13.0,31.6,SR2FULL_350,0.0,0.06,0.01,,,,,,,-0.06,-6.0,0.0,0.0,0.0,0.0,0.0,0,0.0,-0.14289181129338485
ATLAS-SUSY-2016-32-eff-trim,ATLAS,13.0,31.6,SR2FULL_575,0.0,0.007,0.002,,,,,,,-0.007,-3.5,0.0,0.0,0.0,0.0,0.0,0,0.0,-0.14289181129338485
ATLAS-SUSY-2016-32-eff-trim,ATLAS,13.0,31.6,SR2FULL_800,0.0,0.0017,0.0009,,,,,,,-0.0017,-1.8888888888888888,0.0,0.0,0.0,0.0,0.0,0,0.0,-0.14289181129338485
ATLAS-SUSY-2017-03-eff,ATLAS,13.0,36.1,SR2l_High,0.0,1.9,0.8,,,,2.0,,,-1.9,-2.3749999999999996,0.0,0.0,0.0,-0.3142830708670285,0.0,0,-0.3142830708670285,-0.4376432253898243
ATLAS-SUSY-2017-03-eff,ATLAS,13.0,36.1,SR2l_ISR,11.0,2.7,2.8,,,,2.0,,compressed,8.3,2.964285714285715,0.0,0.0,0.0,-0.3142830708670285,0.0,1,0.6857169291329714,0.500210071268166
ATLAS-SUSY-2017-03-eff,ATLAS,13.0,36.1,SR2l_Int,1.0,2.4,0.9,,,,2.0,,,-1.4,-1.5555555555555554,0.0,0.0,0.0,-0.3142830708670285,0.0,0,-0.3142830708670285,-0.4376432253898243
ATLAS-SUSY-2017-03-eff,ATLAS,13.0,36.1,SR2l_Low,19.0,8.4,5.8,,,,2.0,,,10.6,1.8275862068965518,0.0,0.0,0.0,-0.3142830708670285,0.0,0,-0.3142830708670285,-0.4376432253898243
ATLAS-SUSY-2017-03-eff,ATLAS,13.0,36.1,SR3l_High,2.0,1.1,0.5,,,,3.0,,,0.8999999999999999,1.7999999999999998,0.0,0.0,0.0,-0.31233265406616123,0.0,0,-0.31233265406616123,-0.4358140205632738
ATLAS-SUSY-2017-03-eff,ATLAS,13.0,36.1,SR3l_ISR,12.0,3.9,1.0,,,,3.0,,compressed,8.1,8.1,0.0,0.0,0.0,-0.31233265406616123,0.0,1,0.6876673459338387,0.5020392760947164
ATLAS-SUSY-2017-03-eff,ATLAS,13.0,36.1,SR3l_Int,1.0,2.3,0.5,,,,3.0,,,-1.2999999999999998,-2.5999999999999996,0.0,0.0,0.0,-0.31233265406616123,0.0,0,-0.31233265406616123,-0.4358140205632738
ATLAS-SUSY-2017-03-eff,ATLAS,13.0,36.1,SR3l_Low,20.0,10.0,2.0,,,,3.0,,,10.0,5.0,0.0,0.0,0.0,-0.31233265406616123,0.0,0,-0.31233265406616123,-0.4358140205632738
ATLAS-SUSY-2018-04-eff,ATLAS,13.0,139.0,SRhigh,7.0,10.2,3.3,,,,,,,-3.1999999999999993,-0.9696969696969695,0.0,0.0,0.0,0.0,0.0,0,0.0,-0.14289181129338485
ATLAS-SUSY-2018-04-eff,ATLAS,13.0,139.0,SRlow,10.0,6.0,1.7,,,,,,,4.0,2.3529411764705883,0.0,0.0,0.0,0.0,0.0,0,0.0,-0.14289181129338485
ATLAS-SUSY-2018-05-ewk-eff,ATLAS,13.0,139.0,SRHigh16_1_cuts,4.0,3.9,0.7,,,,,,,0.10000000000000009,0.142857142857143,0.0,0.0,0.0,0.0,0.0,0,0.0,-0.14289181129338485
ATLAS-SUSY-2018-05-ewk-eff,ATLAS,13.0,139.0,SRHigh16_2_cuts,3.0,3.4,0.9,,,,,,,-0.3999999999999999,-0.4444444444444443,0.0,0.0,0.0,0.0,0.0,0,0.0,-0.14289181129338485
ATLAS-SUSY-2018-05-ewk-eff,ATLAS,13.0,139.0,SRHigh4_cuts,1.0,0.85,0.34,,,,,,,0.15000000000000002,0.44117647058823534,0.0,0.0,0.0,0.0,0.0,0,0.0,-0.14289181129338485
ATLAS-SUSY-2018-05-ewk-eff,ATLAS,13.0,139.0,SRHigh8_1_cuts,0.0,2.0,0.23,,,,,,,-2.0,-8.695652173913043,0.0,0.0,0.0,0.0,0.0,0,0.0,-0.14289181129338485
ATLAS-SUSY-2018-05-ewk-eff,ATLAS,13.0,139.0,SRHigh8_2_cuts,0.0,2.0,0.33,,,,,,,-2.0,-6.0606060606060606,0.0,0.0,0.0,0.0,0.0,0,0.0,-0.14289181129338485
ATLAS-SUSY-2018-05-ewk-eff,ATLAS,13.0,139.0,SRInt_1_cuts,24.0,22.8,3.5,,,,,,,1.1999999999999993,0.34285714285714264,0.0,0.0,0.0,0.0,0.0,0,0.0,-0.14289181129338485
ATLAS-SUSY-2018-05-ewk-eff,ATLAS,13.0,139.0,SRInt_2_cuts,14.0,10.1,1.0,,,,,,,3.9000000000000004,3.9000000000000004,0.0,0.0,0.0,0.0,0.0,0,0.0,-0.14289181129338485
ATLAS-SUSY-2018-05-ewk-eff,ATLAS,13.0,139.0,SRLow2_cuts,8.0,9.0,4.0,,,,,,,-1.0,-0.25,0.0,0.0,0.0,0.0,0.0,0,0.0,-0.14289181129338485
ATLAS-SUSY-2018-05-ewk-eff,ATLAS,13.0,139.0,SRLow_1_cuts,10.0,12.8,3.4,,,,,,,-2.8000000000000007,-0.8235294117647061,0.0,0.0,0.0,0.0,0.0,0,0.0,-0.14289181129338485
ATLAS-SUSY-2018-05-ewk-eff,ATLAS,13.0,139.0,SRLow_2_cuts,8.0,10.5,2.5,,,,,,,-2.5,-1.0,0.0,0.0,0.0,0.0,0.0,0,0.0,-0.14289181129338485
ATLAS-SUSY-2018-05-ewk-eff,ATLAS,13.0,139.0,SROffShell_1_cuts,6.0,9.2,1.7,,,,,,,-3.1999999999999993,-1.8823529411764701,0.0,0.0,0.0,0.0,0.0,0,0.0,-0.14289181129338485
ATLAS-SUSY-2018-05-ewk-eff,ATLAS,13.0,139.0,SROffShell_2_cuts,15.0,12.5,1.9,,,,,,,2.5,1.3157894736842106,0.0,0.0,0.0,0.0,0.0,0,0.0,-0.14289181129338485
ATLAS-SUSY-2018-05-ewk-eff,ATLAS,13.0,139.0,SRllbb_cuts,0.0,0.58,0.2,,,,,,,-0.58,-2.8999999999999995,0.0,0.0,0.0,0.0,0.0,0,0.0,-0.14289181129338485
ATLAS-SUSY-2018-05-strong-eff,ATLAS,13.0,139.0,SRC_Bin_1,2.0,3.4351273442152888,1.7025138841397618,,,,,,,-1.4351273442152888,-0.8429460444256073,0.0,0.0,0.0,0.0,0.0,0,0.0,-0.14289181129338485
ATLAS-SUSY-2018-05-strong-eff,ATLAS,13.0,139.0,SRC_Bin_2,1.0,2.3979504567105323,1.5191743660769597,,,,,,,-1.3979504567105323,-0.9202040844860554,0.0,0.0,0.0,0.0,0.0,0,0.0,-0.14289181129338485
ATLAS-SUSY-2018-05-strong-eff,ATLAS,13.0,139.0,SRC_Bin_3,4.0,1.3357810014858842,1.151463336958066,,,,,,,2.664218998514116,2.3137679794064874,0.0,0.0,0.0,0.0,0.0,0,0.0,-0.14289181129338485
ATLAS-SUSY-2018-05-strong-eff,ATLAS,13.0,139.0,SRC_Bin_4,2.0,1.3157828722614795,1.125848883990465,,,,,,,0.6842171277385205,0.6077344281884239,0.0,0.0,0.0,0.0,0.0,0,0.0,-0.14289181129338485
ATLAS-SUSY-2018-05-strong-eff,ATLAS,13.0,139.0,SRC_Bin_5,2.0,0.6147741745226085,0.124296798595777,,,,,,,1.3852258254773915,11.144501235162583,0.0,0.0,0.0,0.0,0.0,0,0.0,-0.14289181129338485
ATLAS-SUSY-2018-05-strong-eff,ATLAS,13.0,139.0,SRC_Bin_6,17.0,18.293138783425093,2.102256586867001,,,,,,,-1.2931387834250927,-0.6151193871877748,0.0,0.0,0.0,0.0,0.0,0,0.0,-0.14289181129338485
ATLAS-SUSY-2018-05-strong-eff,ATLAS,13.0,139.0,SRC_Bin_7,8.0,3.381276366766542,1.6398481748429128,,,,,,,4.618723633233458,2.8165556446564954,0.0,0.0,0.0,0.0,0.0,0,0.0,-0.14289181129338485
ATLAS-SUSY-2018-05-strong-eff,ATLAS,13.0,139.0,SRC_Bin_8,2.0,1.4429721226915715,1.2050139446001025,,,,,,,0.5570278773084285,0.4622584492109629,0.0,0.0,0.0,0.0,0.0,0,0.0,-0.14289181129338485
ATLAS-SUSY-2018-05-strong-eff,ATLAS,13.0,139.0,SRHigh_Bin_1,7.0,15.287938991561532,2.4837196812148674,,,,,,,-8.287938991561532,-3.3369059536974937,0.0,0.0,0.0,0.0,0.0,0,0.0,-0.14289181129338485
ATLAS-SUSY-2018-05-strong-eff,ATLAS,13.0,139.0,SRHigh_Bin_2,11.0,11.09393750037998,3.040438367861763,,,,,,,-0.09393750037997961,-0.03089603833872241,0.0,0.0,0.0,0.0,0.0,0,0.0,-0.14289181129338485
ATLAS-SUSY-2018-05-strong-eff,ATLAS,13.0,139.0,SRHigh_Bin_3,1.0,2.110426985658705,1.1255873899640243,,,,,,,-1.1104269856587048,-0.9865311174943031,0.0,0.0,0.0,0.0,0.0,0,0.0,-0.14289181129338485
ATLAS-SUSY-2018-05-strong-eff,ATLAS,13.0,139.0,SRLow_Bin_1,4.0,5.443833244498819,1.9041663868187515,,,,,,,-1.4438332444988191,-0.7582495177383103,0.0,0.0,0.0,0.0,0.0,0,0.0,-0.14289181129338485
ATLAS-SUSY-2018-05-strong-eff,ATLAS,13.0,139.0,SRLow_Bin_2,4.0,3.518383995629847,1.525256650649721,,,,,,,0.48161600437015295,0.3157606322614602,0.0,0.0,0.0,0.0,0.0,0,0.0,-0.14289181129338485
ATLAS-SUSY-2018-05-strong-eff,ATLAS,13.0,139.0,SRLow_Bin_3,10.0,7.307688193395734,1.9768898980935656,,,,,,,2.692311806604266,1.36189264217528,0.0,0.0,0.0,0.0,0.0,0,0.0,-0.14289181129338485
ATLAS-SUSY-2018-05-strong-eff,ATLAS,13.0,139.0,SRLow_Bin_4,74.0,82.42549605667591,2.499541510871995,,,,,,,-8.425496056675911,-3.3708166157786974,0.0,0.0,0.0,0.0,0.0,0,0.0,-0.14289181129338485
ATLAS-SUSY-2018-05-strong-eff,ATLAS,13.0,139.0,SRLow_Bin_5,8.0,6.385065665468574,1.2533112810154945,,,,,,,1.6149343345314264,1.2885341087993136,0.0,0.0,0.0,0.0,0.0,0,0.0,-0.14289181129338485
ATLAS-SUSY-2018-05-strong-eff,ATLAS,13.0,139.0,SRLow_Bin_6,5.0,5.082157160621136,1.9766191890528408,,,,,,,-0.08215716062113643,-0.041564486005270754,0.0,0.0,0.0,0.0,0.0,0,0.0,-0.14289181129338485
ATLAS-SUSY-2018-05-strong-eff,ATLAS,13.0,139.0,SRLow_Bin_7,7.0,2.7261937092989683,1.5571880650743568,,,,,,,4.273806290701032,2.7445665597860556,0.0,0.0,0.0,0.0,0.0,0,0.0,-0.14289181129338485
ATLAS-SUSY-2018-05-strong-eff,ATLAS,13.0,139.0,SRLow_Bin_8,3.0,1.6239504769910127,1.1610795300380623,,,,,,,1.3760495230089873,1.1851466565463245,0.0,0.0,0.0,0.0,0.0,0,0.0,-0.14289181129338485
ATLAS-SUSY-2018-05-strong-eff,ATLAS,13.0,139.0,SRLow_Bin_9,3.0,1.978407829068601,1.19622836503299,,,,,,,1.021592170931399,0.8540109905379357,0.0,0.0,0.0,0.0,0.0,0,0.0,-0.14289181129338485
ATLAS-SUSY-2018-05-strong-eff,ATLAS,13.0,139.0,SRMed_Bin_1,11.0,19.53039805218577,4.160507506139764,,,,,,,-8.53039805218577,-2.050326321872332,0.0,0.0,0.0,0.0,0.0,0,0.0,-0.14289181129338485
ATLAS-SUSY-2018-05-strong-eff,ATLAS,13.0,139.0,SRMed_Bin_2,27.0,27.937604054808617,2.063812613736648,,,,,,,-0.9376040548086166,-0.45430677599698943,0.0,0.0,0.0,0.0,0.0,0,0.0,-0.14289181129338485
ATLAS-SUSY-2018-05-strong-eff,ATLAS,13.0,139.0,SRMed_Bin_3,18.0,12.071621686220167,3.0890954485443527,,,,,,,5.928378313779833,1.9191308305392152,0.0,0.0,0.0,0.0,0.0,0,0.0,-0.14289181129338485
ATLAS-SUSY-2018-05-strong-eff,ATLAS,13.0,139.0,SRMed_Bin_4,4.0,7.508933356031775,2.7214288007035634,,,,,,,-3.5089333560317746,-1.2893717282350432,0.0,0.0,0.0,0.0,0.0,0,0.0,-0.14289181129338485
ATLAS-SUSY-2018-05-strong-eff,ATLAS,13.0,139.0,SRMed_Bin_5,5.0,5.604245090158656,2.2113523417218675,,,,,,,-0.6042450901586562,-0.27324686290750094,0.0,0.0,0.0,0.0,0.0,0,0.0,-0.14289181129338485
ATLAS-SUSY-2018-05-strong-eff,ATLAS,13.0,139.0,SRMed_Bin_6,0.0,1.0913405334576964,0.9430538587011608,,,,,,,-1.0913405334576964,-1.1572409395161867,0.0,0.0,0.0,0.0,0.0,0,0.0,-0.14289181129338485
ATLAS-SUSY-2018-05-strong-eff,ATLAS,13.0,139.0,SRZHigh_cuts,3.0,5.682671178132296,0.4098210613449702,,,,,,,-2.6826711781322956,-6.54595732422384,0.0,0.0,0.0,0.0,0.0,0,0.0,-0.14289181129338485
ATLAS-SUSY-2018-05-strong-eff,ATLAS,13.0,139.0,SRZLow_cuts,35.0,29.66320458799601,1.231685169627945,,,,,,,5.33679541200399,4.332921710518018,0.0,0.0,0.0,0.0,0.0,0,0.0,-0.14289181129338485
ATLAS-SUSY-2018-05-strong-eff,ATLAS,13.0,139.0,SRZMed_cuts,15.0,14.899351075291634,1.0505669385064922,,,,,,,0.1006489247083664,0.09580439001007494,0.0,0.0,0.0,0.0,0.0,0,0.0,-0.14289181129338485
ATLAS-SUSY-2018-06-eff,ATLAS,13.0,139.0,SR_ISR,30.0,23.4,2.1,,,,,,compressed,6.600000000000001,3.1428571428571432,0.0,0.0,0.0,0.0,0.0,1,1.0,0.7949614853646055
ATLAS-SUSY-2018-06-eff,ATLAS,13.0,139.0,SR_low,51.0,46.0,5.0,,,,,,,5.0,1.0,0.0,0.0,0.0,0.0,0.0,0,0.0,-0.14289181129338485
ATLAS-SUSY-2018-08-eff,ATLAS,13.0,139.0,SR4la,19.0,19.3,2.7,,,,4.0,,,-0.3000000000000007,-0.11111111111111137,0.0,0.0,0.0,-0.3103822372652939,0.0,0,-0.3103822372652939,-0.4339848157367233
ATLAS-SUSY-2018-08-eff,ATLAS,13.0,139.0,SR4sm,10.0,12.8,3.2,,,,,,,-2.8000000000000007,-0.8750000000000002,0.0,0.0,0.0,0.0,0.0,0,0.0,-0.14289181129338485
ATLAS-SUSY-2018-08-eff,ATLAS,13.0,139.0,SRDF110,19.0,22.0,4.0,,,,2.0,,,-3.0,-0.75,0.0,0.0,0.0,-0.3142830708670285,0.0,0,-0.3142830708670285,-0.4376432253898243
ATLAS-SUSY-2018-08-eff,ATLAS,13.0,139.0,SRDF120,13.0,16.3,3.2,,,,2.0,,,-3.3000000000000007,-1.0312500000000002,0.0,0.0,0.0,-0.3142830708670285,0.0,0,-0.3142830708670285,-0.4376432253898243
ATLAS-SUSY-2018-08-eff,ATLAS,13.0,139.0,SRDF140,5.0,5.1,0.8,,,,2.0,,,-0.09999999999999964,-0.12499999999999956,0.0,0.0,0.0,-0.3142830708670285,0.0,0,-0.3142830708670285,-0.4376432253898243
ATLAS-SUSY-2018-08-eff,ATLAS,13.0,139.0,SRDF160,1.0,2.83,0.45,,,,2.0,,,-1.83,-4.066666666666666,0.0,0.0,0.0,-0.3142830708670285,0.0,0,-0.3142830708670285,-0.4376432253898243
ATLAS-SUSY-2018-08-eff,ATLAS,13.0,139.0,SRDF180,1.0,3.25,0.45,,,,2.0,,,-2.25,-5.0,0.0,0.0,0.0,-0.3142830708670285,0.0,0,-0.3142830708670285,-0.4376432253898243
ATLAS-SUSY-2018-08-eff,ATLAS,13.0,139.0,SRDF220,3.0,3.11,0.67,,,,2.0,,,-0.10999999999999988,-0.16417910447761175,0.0,0.0,0.0,-0.3142830708670285,0.0,0,-0.3142830708670285,-0.4376432253898243
ATLAS-SUSY-2018-08-eff,ATLAS,13.0,139.0,SRDFW,1.0,5.1,1.0,,,,2.0,,,-4.1,-4.1,0.0,0.0,0.0,-0.3142830708670285,0.0,0,-0.3142830708670285,-0.4376432253898243
ATLAS-SUSY-2018-08-eff,ATLAS,13.0,139.0,SRDFt,5.0,7.5,1.4,,,,2.0,,,-2.5,-1.7857142857142858,0.0,0.0,0.0,-0.3142830708670285,0.0,0,-0.3142830708670285,-0.4376432253898243
ATLAS-SUSY-2018-08-eff,ATLAS,13.0,139.0,SRSF110,17.0,18.8,3.5,,,,2.0,,,-1.8000000000000007,-0.5142857142857145,0.0,0.0,0.0,-0.3142830708670285,0.0,0,-0.3142830708670285,-0.4376432253898243
ATLAS-SUSY-2018-08-eff,ATLAS,13.0,139.0,SRSF120,19.0,14.4,2.9,,,,2.0,,,4.6,1.586206896551724,0.0,0.0,0.0,-0.3142830708670285,0.0,0,-0.3142830708670285,-0.4376432253898243
ATLAS-SUSY-2018-08-eff,ATLAS,13.0,139.0,SRSF140,9.0,5.1,0.9,,,,2.0,,,3.9000000000000004,4.333333333333334,0.0,0.0,0.0,-0.3142830708670285,0.0,0,-0.3142830708670285,-0.4376432253898243
ATLAS-SUSY-2018-08-eff,ATLAS,13.0,139.0,SRSF160,3.0,3.7,0.6,,,,2.0,,,-0.7000000000000002,-1.166666666666667,0.0,0.0,0.0,-0.3142830708670285,0.0,0,-0.3142830708670285,-0.4376432253898243
ATLAS-SUSY-2018-08-eff,ATLAS,13.0,139.0,SRSF180,4.0,4.4,0.7,,,,2.0,,,-0.40000000000000036,-0.571428571428572,0.0,0.0,0.0,-0.3142830708670285,0.0,0,-0.3142830708670285,-0.4376432253898243
ATLAS-SUSY-2018-08-eff,ATLAS,13.0,139.0,SRSF220,5.0,5.0,1.0,,,,2.0,,,0.0,0.0,0.0,0.0,0.0,-0.3142830708670285,0.0,0,-0.3142830708670285,-0.4376432253898243
ATLAS-SUSY-2018-08-eff,ATLAS,13.0,139.0,SRSFW,5.0,4.0,1.0,,,,2.0,,,1.0,1.0,0.0,0.0,0.0,-0.3142830708670285,0.0,0,-0.3142830708670285,-0.4376432253898243
ATLAS-SUSY-2018-08-eff,ATLAS,13.0,139.0,SRSFt,5.0,5.0,1.1,,,,2.0,,,0.0,0.0,0.0,0.0,0.0,-0.3142830708670285,0.0,0,-0.3142830708670285,-0.4376432253898243
ATLAS-SUSY-2018-10-eff,ATLAS,13.0,139.0,2j0b_1,280.0,275.9,12.2,,,2.0,,0.0,,4.100000000000023,0.3360655737704937,0.0,0.0,-0.9753447883793924,0.0,-0.9811557810392123,0,-1.9565005694186048,-1.9778023202358586
ATLAS-SUSY-2018-10-eff,ATLAS,13.0,139.0,2j0b_2,84.0,77.6,5.0,,,2.0,,0.0,,6.400000000000006,1.2800000000000011,0.0,0.0,-0.9753447883793924,0.0,-0.9811557810392123,0,-1.9565005694186048,-1.9778023202358586
ATLAS-SUSY-2018-10-eff,ATLAS,13.0,139.0,2j0b_3,22.0,14.8,1.8,,,2.0,,0.0,,7.199999999999999,3.9999999999999996,0.0,0.0,-0.9753447883793924,0.0,-0.9811557810392123,0,-1.9565005694186048,-1.9778023202358586
ATLAS-SUSY-2018-10-eff,ATLAS,13.0,139.0,2j1b_1,154.0,146.9,9.4,,,2.0,,1.0,,7.099999999999994,0.7553191489361696,0.0,0.0,-0.9753447883793924,0.0,0.6713171133426189,0,-0.3040276750367735,-0.4280251686018871
ATLAS-SUSY-2018-10-eff,ATLAS,13.0,139.0,2j1b_2,106.0,114.5,8.2,,,2.0,,1.0,,-8.5,-1.0365853658536586,0.0,0.0,-0.9753447883793924,0.0,0.6713171133426189,0,-0.3040276750367735,-0.4280251686018871
ATLAS-SUSY-2018-10-eff,ATLAS,13.0,139.0,2j1b_3,21.0,19.0,3.2,,,2.0,,1.0,,2.0,0.625,0.0,0.0,-0.9753447883793924,0.0,0.6713171133426189,0,-0.3040276750367735,-0.4280251686018871
ATLAS-SUSY-2018-10-eff,ATLAS,13.0,139.0,4j0bhighx_1,104.0,96.6,9.0,,,4.0,,0.0,,7.400000000000006,0.8222222222222229,0.0,0.0,0.15989258825891683,0.0,-0.9811557810392123,0,-0.8212631927802955,-0.9131162040662516
ATLAS-SUSY-2018-10-eff,ATLAS,13.0,139.0,4j0bhighx_2,32.0,21.6,2.5,,,4.0,,0.0,,10.399999999999999,4.159999999999999,0.0,0.0,0.15989258825891683,0.0,-0.9811557810392123,0,-0.8212631927802955,-0.9131162040662516
ATLAS-SUSY-2018-10-eff,ATLAS,13.0,139.0,4j0bhighx_3,11.0,9.4,2.4,,,4.0,,0.0,,1.5999999999999996,0.6666666666666665,0.0,0.0,0.15989258825891683,0.0,-0.9811557810392123,0,-0.8212631927802955,-0.9131162040662516
ATLAS-SUSY-2018-10-eff,ATLAS,13.0,139.0,4j0blowx_1,393.0,391.9,14.9,,,4.0,,0.0,,1.1000000000000227,0.07382550335570623,0.0,0.0,0.15989258825891683,0.0,-0.9811557810392123,0,-0.8212631927802955,-0.9131162040662516
ATLAS-SUSY-2018-10-eff,ATLAS,13.0,139.0,4j0blowx_2,57.0,58.4,3.5,,,4.0,,0.0,,-1.3999999999999986,-0.3999999999999996,0.0,0.0,0.15989258825891683,0.0,-0.9811557810392123,0,-0.8212631927802955,-0.9131162040662516
ATLAS-SUSY-2018-10-eff,ATLAS,13.0,139.0,4j0blowx_3,10.0,10.3,1.2,,,4.0,,0.0,,-0.3000000000000007,-0.2500000000000006,0.0,0.0,0.15989258825891683,0.0,-0.9811557810392123,0,-0.8212631927802955,-0.9131162040662516
ATLAS-SUSY-2018-10-eff,ATLAS,13.0,139.0,4j1bhighx_1,121.0,121.2,8.0,,,4.0,,1.0,,-0.20000000000000284,-0.025000000000000355,0.0,0.0,0.15989258825891683,0.0,0.6713171133426189,0,0.8312097016015357,0.6366609475677198
ATLAS-SUSY-2018-10-eff,ATLAS,13.0,139.0,4j1bhighx_2,26.0,25.3,3.0,,,4.0,,1.0,,0.6999999999999993,0.2333333333333331,0.0,0.0,0.15989258825891683,0.0,0.6713171133426189,0,0.8312097016015357,0.6366609475677198
ATLAS-SUSY-2018-10-eff,ATLAS,13.0,139.0,4j1bhighx_3,8.0,8.0,1.6,,,4.0,,1.0,,0.0,0.0,0.0,0.0,0.15989258825891683,0.0,0.6713171133426189,0,0.8312097016015357,0.6366609475677198
ATLAS-SUSY-2018-10-eff,ATLAS,13.0,139.0,4j1blowx_1,695.0,690.0,21.9,,,4.0,,1.0,,5.0,0.22831050228310504,0.0,0.0,0.15989258825891683,0.0,0.6713171133426189,0,0.8312097016015357,0.6366609475677198
ATLAS-SUSY-2018-10-eff,ATLAS,13.0,139.0,4j1blowx_2,79.0,88.6,6.0,,,4.0,,1.0,,-9.599999999999994,-1.599999999999999,0.0,0.0,0.15989258825891683,0.0,0.6713171133426189,0,0.8312097016015357,0.6366609475677198
ATLAS-SUSY-2018-10-eff,ATLAS,13.0,139.0,4j1blowx_3,11.0,13.5,1.7,,,4.0,,1.0,,-2.5,-1.4705882352941178,0.0,0.0,0.15989258825891683,0.0,0.6713171133426189,0,0.8312097016015357,0.6366609475677198
ATLAS-SUSY-2018-10-eff,ATLAS,13.0,139.0,6j0b_1,19.0,23.9,3.0,,,6.0,,0.0,,-4.899999999999999,-1.6333333333333329,0.0,0.0,1.295129964897226,0.0,-0.9811557810392123,0,0.3139741838580138,0.15156991210335535
ATLAS-SUSY-2018-10-eff,ATLAS,13.0,139.0,6j0b_2,16.0,17.2,1.5,,,6.0,,0.0,,-1.1999999999999993,-0.7999999999999995,0.0,0.0,1.295129964897226,0.0,-0.9811557810392123,0,0.3139741838580138,0.15156991210335535
ATLAS-SUSY-2018-10-eff,ATLAS,13.0,139.0,6j0b_3,3.0,3.6,0.5,,,6.0,,0.0,,-0.6000000000000001,-1.2000000000000002,0.0,0.0,1.295129964897226,0.0,-0.9811557810392123,0,0.3139741838580138,0.15156991210335535
ATLAS-SUSY-2018-10-eff,ATLAS,13.0,139.0,6j0b_4,2.0,2.1,0.6,,,6.0,,0.0,,-0.10000000000000009,-0.16666666666666682,0.0,0.0,1.295129964897226,0.0,-0.9811557810392123,0,0.3139741838580138,0.15156991210335535
ATLAS-SUSY-2018-10-eff,ATLAS,13.0,139.0,6j1b_1,117.0,110.8,6.5,,,6.0,,1.0,,6.200000000000003,0.9538461538461542,0.0,0.0,1.295129964897226,0.0,0.6713171133426189,0,1.9664470782398449,1.7013470637373267
ATLAS-SUSY-2018-10-eff,ATLAS,13.0,139.0,6j1b_2,68.0,69.2,4.9,,,6.0,,1.0,,-1.2000000000000028,-0.24489795918367402,0.0,0.0,1.295129964897226,0.0,0.6713171133426189,0,1.9664470782398449,1.7013470637373267
ATLAS-SUSY-2018-10-eff,ATLAS,13.0,139.0,6j1b_3,7.0,12.9,1.6,,,6.0,,1.0,,-5.9,-3.6875,0.0,0.0,1.295129964897226,0.0,0.6713171133426189,0,1.9664470782398449,1.7013470637373267
ATLAS-SUSY-2018-10-eff,ATLAS,13.0,139.0,6j1b_4,2.0,2.4,0.8,,,6.0,,1.0,,-0.3999999999999999,-0.4999999999999999,0.0,0.0,1.295129964897226,0.0,0.6713171133426189,0,1.9664470782398449,1.7013470637373267
ATLAS-SUSY-2018-12-eff,ATLAS,13.0,139.0,SRAT0,11.0,17.3,1.7,,,,,,,-6.300000000000001,-3.705882352941177,0.0,0.0,0.0,0.0,0.0,0,0.0,-0.14289181129338485
ATLAS-SUSY-2018-12-eff,ATLAS,13.0,139.0,SRATT,4.0,3.2,0.5,,,,,,,0.7999999999999998,1.5999999999999996,0.0,0.0,0.0,0.0,0.0,0,0.0,-0.14289181129338485
ATLAS-SUSY-2018-12-eff,ATLAS,13.0,139.0,SRATW,8.0,5.6,0.7,,,,,,,2.4000000000000004,3.4285714285714293,0.0,0.0,0.0,0.0,0.0,0,0.0,-0.14289181129338485
ATLAS-SUSY-2018-12-eff,ATLAS,13.0,139.0,SRBT0,292.0,276.0,24.0,,,,,,,16.0,0.6666666666666666,0.0,0.0,0.0,0.0,0.0,0,0.0,-0.14289181129338485
ATLAS-SUSY-2018-12-eff,ATLAS,13.0,139.0,SRBTT,67.0,46.0,7.0,,,,,,,21.0,3.0,0.0,0.0,0.0,0.0,0.0,0,0.0,-0.14289181129338485
ATLAS-SUSY-2018-12-eff,ATLAS,13.0,139.0,SRBTW,84.0,81.0,7.0,,,,,,,3.0,0.42857142857142855,0.0,0.0,0.0,0.0,0.0,0,0.0,-0.14289181129338485
ATLAS-SUSY-2018-12-eff,ATLAS,13.0,139.0,SRC1,53.0,46.0,12.0,,,,,,,7.0,0.5833333333333334,0.0,0.0,0.0,0.0,0.0,0,0.0,-0.14289181129338485
ATLAS-SUSY-2018-12-eff,ATLAS,13.0,139.0,SRC2,57.0,52.0,9.0,,,,,,,5.0,0.5555555555555556,0.0,0.0,0.0,0.0,0.0,0,0.0,-0.14289181129338485
ATLAS-SUSY-2018-12-eff,ATLAS,13.0,139.0,SRC3,38.0,32.0,7.0,,,,,,,6.0,0.8571428571428571,0.0,0.0,0.0,0.0,0.0,0,0.0,-0.14289181129338485
ATLAS-SUSY-2018-12-eff,ATLAS,13.0,139.0,SRC4,9.0,11.8,3.1,,,,,,,-2.8000000000000007,-0.9032258064516131,0.0,0.0,0.0,0.0,0.0,0,0.0,-0.14289181129338485
ATLAS-SUSY-2018-12-eff,ATLAS,13.0,139.0,SRC5,4.0,2.5,0.7,,,,,,,1.5,2.142857142857143,0.0,0.0,0.0,0.0,0.0,0,0.0,-0.14289181129338485
ATLAS-SUSY-2018-12-eff,ATLAS,13.0,139.0,SRD0,5.0,6.9,1.3,,,,,,,-1.9000000000000004,-1.4615384615384617,0.0,0.0,0.0,0.0,0.0,0,0.0,-0.14289181129338485
ATLAS-SUSY-2018-12-eff,ATLAS,13.0,139.0,SRD1,4.0,3.1,1.0,,,,,,,0.8999999999999999,0.8999999999999999,0.0,0.0,0.0,0.0,0.0,0,0.0,-0.14289181129338485
ATLAS-SUSY-2018-12-eff,ATLAS,13.0,139.0,SRD2,10.0,12.2,1.5,,,,,,,-2.1999999999999993,-1.4666666666666661,0.0,0.0,0.0,0.0,0.0,0,0.0,-0.14289181129338485
ATLAS-SUSY-2018-13-eff,ATLAS,13.0,139.0,SR_HighPT,1.0,0.46,0.3,,,,,,,0.54,1.8000000000000003,0.0,0.0,0.0,0.0,0.0,0,0.0,-0.14289181129338485
ATLAS-SUSY-2018-13-eff,ATLAS,13.0,139.0,SR_Trackless,0.0,0.83,0.53,,,,,,,-0.83,-1.5660377358490565,0.0,0.0,0.0,0.0,0.0,0,0.0,-0.14289181129338485
ATLAS-SUSY-2018-14-eff,ATLAS,13.0,139.0,SRee,0.0,0.46,0.1,,,,2.0,,,-0.46,-4.6,0.0,0.0,0.0,-0.3142830708670285,0.0,0,-0.3142830708670285,-0.4376432253898243
ATLAS-SUSY-2018-14-eff,ATLAS,13.0,139.0,SRem,0.0,0.007,0.19,,,,2.0,,,-0.007,-0.0368421052631579,0.0,0.0,0.0,-0.3142830708670285,0.0,0,-0.3142830708670285,-0.4376432253898243
ATLAS-SUSY-2018-14-eff,ATLAS,13.0,139.0,SRmm,0.0,0.11,0.2,,,,2.0,,,-0.11,-0.5499999999999999,0.0,0.0,0.0,-0.3142830708670285,0.0,0,-0.3142830708670285,-0.4376432253898243
ATLAS-SUSY-2018-16-eff,ATLAS,13.0,139.0,SR_ewk_2l_ee_high_c,1.0,0.7,0.4,,,,2.0,,,0.30000000000000004,0.7500000000000001,0.0,0.0,0.0,-0.3142830708670285,0.0,0,-0.3142830708670285,-0.4376432253898243
ATLAS-SUSY-2018-16-eff,ATLAS,13.0,139.0,SR_ewk_2l_ee_high_d,16.0,4.8,1.6,,,,2.0,,,11.2,6.999999999999999,0.0,0.0,0.0,-0.3142830708670285,0.0,0,-0.3142830708670285,-0.4376432253898243
ATLAS-SUSY-2018-16-eff,ATLAS,13.0,139.0,SR_ewk_2l_ee_high_e,13.0,11.3,3.0,,,,2.0,,,1.6999999999999993,0.5666666666666664,0.0,0.0,0.0,-0.3142830708670285,0.0,0,-0.3142830708670285,-0.4376432253898243
ATLAS-SUSY-2018-16-eff,ATLAS,13.0,139.0,SR_ewk_2l_ee_high_f,8.0,10.5,2.5,,,,2.0,,,-2.5,-1.0,0.0,0.0,0.0,-0.3142830708670285,0.0,0,-0.3142830708670285,-0.4376432253898243
ATLAS-SUSY-2018-16-eff,ATLAS,13.0,139.0,SR_ewk_2l_ee_high_g,8.0,11.1,2.6,,,,2.0,,,-3.0999999999999996,-1.192307692307692,0.0,0.0,0.0,-0.3142830708670285,0.0,0,-0.3142830708670285,-0.4376432253898243
ATLAS-SUSY-2018-16-eff,ATLAS,13.0,139.0,SR_ewk_2l_ee_high_h,18.0,19.2,3.5,,,,2.0,,,-1.1999999999999993,-0.34285714285714264,0.0,0.0,0.0,-0.3142830708670285,0.0,0,-0.3142830708670285,-0.4376432253898243
ATLAS-SUSY-2018-16-eff,ATLAS,13.0,139.0,SR_ewk_2l_ee_low_c,7.0,3.9,1.8,,,,2.0,,,3.1,1.7222222222222223,0.0,0.0,0.0,-0.3142830708670285,0.0,0,-0.3142830708670285,-0.4376432253898243
ATLAS-SUSY-2018-16-eff,ATLAS,13.0,139.0,SR_ewk_2l_ee_low_d,11.0,6.9,2.2,,,,2.0,,,4.1,1.8636363636363633,0.0,0.0,0.0,-0.3142830708670285,0.0,0,-0.3142830708670285,-0.4376432253898243
ATLAS-SUSY-2018-16-eff,ATLAS,13.0,139.0,SR_ewk_2l_ee_low_e,16.0,16.0,4.0,,,,2.0,,,0.0,0.0,0.0,0.0,0.0,-0.3142830708670285,0.0,0,-0.3142830708670285,-0.4376432253898243
ATLAS-SUSY-2018-16-eff,ATLAS,13.0,139.0,SR_ewk_2l_ee_low_f,16.0,13.0,4.0,,,,2.0,,,3.0,0.75,0.0,0.0,0.0,-0.3142830708670285,0.0,0,-0.3142830708670285,-0.4376432253898243
ATLAS-SUSY-2018-16-eff,ATLAS,13.0,139.0,SR_ewk_2l_ee_low_g,10.0,13.6,3.2,,,,2.0,,,-3.5999999999999996,-1.1249999999999998,0.0,0.0,0.0,-0.3142830708670285,0.0,0,-0.3142830708670285,-0.4376432253898243
ATLAS-SUSY-2018-16-eff,ATLAS,13.0,139.0,SR_ewk_2l_ee_low_h,9.0,21.9,3.5,,,,2.0,,,-12.899999999999999,-3.6857142857142855,0.0,0.0,0.0,-0.3142830708670285,0.0,0,-0.3142830708670285,-0.4376432253898243
ATLAS-SUSY-2018-16-eff,ATLAS,13.0,139.0,SR_ewk_2l_ee_med_c,0.0,0.13,0.31,,,,2.0,,,-0.13,-0.41935483870967744,0.0,0.0,0.0,-0.3142830708670285,0.0,0,-0.3142830708670285,-0.4376432253898243
ATLAS-SUSY-2018-16-eff,ATLAS,13.0,139.0,SR_ewk_2l_ee_med_d,4.0,4.5,2.3,,,,2.0,,,-0.5,-0.2173913043478261,0.0,0.0,0.0,-0.3142830708670285,0.0,0,-0.3142830708670285,-0.4376432253898243
ATLAS-SUSY-2018-16-eff,ATLAS,13.0,139.0,SR_ewk_2l_ee_med_e,11.0,4.9,1.9,,,,2.0,,,6.1,3.2105263157894735,0.0,0.0,0.0,-0.3142830708670285,0.0,0,-0.3142830708670285,-0.4376432253898243
ATLAS-SUSY-2018-16-eff,ATLAS,13.0,139.0,SR_ewk_2l_ee_med_f,4.0,0.9,0.8,,,,2.0,,,3.1,3.875,0.0,0.0,0.0,-0.3142830708670285,0.0,0,-0.3142830708670285,-0.4376432253898243
ATLAS-SUSY-2018-16-eff,ATLAS,13.0,139.0,SR_ewk_2l_mm_high_a,5.0,2.5,1.2,,,,2.0,,,2.5,2.0833333333333335,0.0,0.0,0.0,-0.3142830708670285,0.0,0,-0.3142830708670285,-0.4376432253898243
ATLAS-SUSY-2018-16-eff,ATLAS,13.0,139.0,SR_ewk_2l_mm_high_b,5.0,2.1,1.3,,,,2.0,,,2.9,2.230769230769231,0.0,0.0,0.0,-0.3142830708670285,0.0,0,-0.3142830708670285,-0.4376432253898243
ATLAS-SUSY-2018-16-eff,ATLAS,13.0,139.0,SR_ewk_2l_mm_high_c,0.0,6.9,2.4,,,,2.0,,,-6.9,-2.8750000000000004,0.0,0.0,0.0,-0.3142830708670285,0.0,0,-0.3142830708670285,-0.4376432253898243
ATLAS-SUSY-2018-16-eff,ATLAS,13.0,139.0,SR_ewk_2l_mm_high_d,9.0,12.1,2.6,,,,2.0,,,-3.0999999999999996,-1.192307692307692,0.0,0.0,0.0,-0.3142830708670285,0.0,0,-0.3142830708670285,-0.4376432253898243
ATLAS-SUSY-2018-16-eff,ATLAS,13.0,139.0,SR_ewk_2l_mm_high_e,23.0,14.6,3.0,,,,2.0,,,8.4,2.8000000000000003,0.0,0.0,0.0,-0.3142830708670285,0.0,0,-0.3142830708670285,-0.4376432253898243
ATLAS-SUSY-2018-16-eff,ATLAS,13.0,139.0,SR_ewk_2l_mm_high_f,3.0,10.0,2.0,,,,2.0,,,-7.0,-3.5,0.0,0.0,0.0,-0.3142830708670285,0.0,0,-0.3142830708670285,-0.4376432253898243
ATLAS-SUSY-2018-16-eff,ATLAS,13.0,139.0,SR_ewk_2l_mm_high_g,5.0,11.1,2.0,,,,2.0,,,-6.1,-3.05,0.0,0.0,0.0,-0.3142830708670285,0.0,0,-0.3142830708670285,-0.4376432253898243
ATLAS-SUSY-2018-16-eff,ATLAS,13.0,139.0,SR_ewk_2l_mm_high_h,20.0,20.1,2.8,,,,2.0,,,-0.10000000000000142,-0.035714285714286226,0.0,0.0,0.0,-0.3142830708670285,0.0,0,-0.3142830708670285,-0.4376432253898243
ATLAS-SUSY-2018-16-eff,ATLAS,13.0,139.0,SR_ewk_2l_mm_low_a,9.0,18.0,4.0,,,,2.0,,,-9.0,-2.25,0.0,0.0,0.0,-0.3142830708670285,0.0,0,-0.3142830708670285,-0.4376432253898243
ATLAS-SUSY-2018-16-eff,ATLAS,13.0,139.0,SR_ewk_2l_mm_low_b,7.0,9.2,2.8,,,,2.0,,,-2.1999999999999993,-0.7857142857142855,0.0,0.0,0.0,-0.3142830708670285,0.0,0,-0.3142830708670285,-0.4376432253898243
ATLAS-SUSY-2018-16-eff,ATLAS,13.0,139.0,SR_ewk_2l_mm_low_c,7.0,6.0,2.4,,,,2.0,,,1.0,0.4166666666666667,0.0,0.0,0.0,-0.3142830708670285,0.0,0,-0.3142830708670285,-0.4376432253898243
ATLAS-SUSY-2018-16-eff,ATLAS,13.0,139.0,SR_ewk_2l_mm_low_d,12.0,11.0,2.4,,,,2.0,,,1.0,0.4166666666666667,0.0,0.0,0.0,-0.3142830708670285,0.0,0,-0.3142830708670285,-0.4376432253898243
ATLAS-SUSY-2018-16-eff,ATLAS,13.0,139.0,SR_ewk_2l_mm_low_e,17.0,14.8,3.0,,,,2.0,,,2.1999999999999993,0.7333333333333331,0.0,0.0,0.0,-0.3142830708670285,0.0,0,-0.3142830708670285,-0.4376432253898243
ATLAS-SUSY-2018-16-eff,ATLAS,13.0,139.0,SR_ewk_2l_mm_low_f,18.0,16.47,3.0,,,,2.0,,,1.5300000000000011,0.5100000000000003,0.0,0.0,0.0,-0.3142830708670285,0.0,0,-0.3142830708670285,-0.4376432253898243
ATLAS-SUSY-2018-16-eff,ATLAS,13.0,139.0,SR_ewk_2l_mm_low_g,16.0,14.6,2.5,,,,2.0,,,1.4000000000000004,0.5600000000000002,0.0,0.0,0.0,-0.3142830708670285,0.0,0,-0.3142830708670285,-0.4376432253898243
ATLAS-SUSY-2018-16-eff,ATLAS,13.0,139.0,SR_ewk_2l_mm_low_h,44.0,33.0,4.0,,,,2.0,,,11.0,2.75,0.0,0.0,0.0,-0.3142830708670285,0.0,0,-0.3142830708670285,-0.4376432253898243
ATLAS-SUSY-2018-16-eff,ATLAS,13.0,139.0,SR_ewk_2l_mm_med_a,16.0,13.0,5.0,,,,2.0,,,3.0,0.6,0.0,0.0,0.0,-0.3142830708670285,0.0,0,-0.3142830708670285,-0.4376432253898243
ATLAS-SUSY-2018-16-eff,ATLAS,13.0,139.0,SR_ewk_2l_mm_med_b,8.0,5.5,2.9,,,,2.0,,,2.5,0.8620689655172414,0.0,0.0,0.0,-0.3142830708670285,0.0,0,-0.3142830708670285,-0.4376432253898243
ATLAS-SUSY-2018-16-eff,ATLAS,13.0,139.0,SR_ewk_2l_mm_med_c,6.0,6.3,3.1,,,,2.0,,,-0.2999999999999998,-0.09677419354838704,0.0,0.0,0.0,-0.3142830708670285,0.0,0,-0.3142830708670285,-0.4376432253898243
ATLAS-SUSY-2018-16-eff,ATLAS,13.0,139.0,SR_ewk_2l_mm_med_d,41.0,23.0,5.0,,,,2.0,,,18.0,3.6,0.0,0.0,0.0,-0.3142830708670285,0.0,0,-0.3142830708670285,-0.4376432253898243
ATLAS-SUSY-2018-16-eff,ATLAS,13.0,139.0,SR_ewk_2l_mm_med_e,59.0,40.0,8.0,,,,2.0,,,19.0,2.375,0.0,0.0,0.0,-0.3142830708670285,0.0,0,-0.3142830708670285,-0.4376432253898243
ATLAS-SUSY-2018-16-eff,ATLAS,13.0,139.0,SR_ewk_2l_mm_med_f,21.0,15.0,4.0,,,,2.0,,,6.0,1.5,0.0,0.0,0.0,-0.3142830708670285,0.0,0,-0.3142830708670285,-0.4376432253898243
ATLAS-SUSY-2018-16-eff,ATLAS,13.0,139.0,SR_slep_2l_ee_high_a,3.0,4.0,1.6,,,,2.0,,,-1.0,-0.625,0.0,0.0,0.0,-0.3142830708670285,0.0,0,-0.3142830708670285,-0.4376432253898243
ATLAS-SUSY-2018-16-eff,ATLAS,13.0,139.0,SR_slep_2l_ee_high_b,3.0,3.6,1.3,,,,2.0,,,-0.6000000000000001,-0.46153846153846156,0.0,0.0,0.0,-0.3142830708670285,0.0,0,-0.3142830708670285,-0.4376432253898243
ATLAS-SUSY-2018-16-eff,ATLAS,13.0,139.0,SR_slep_2l_ee_high_c,9.0,7.8,2.7,,,,2.0,,,1.2000000000000002,0.4444444444444445,0.0,0.0,0.0,-0.3142830708670285,0.0,0,-0.3142830708670285,-0.4376432253898243
ATLAS-SUSY-2018-16-eff,ATLAS,13.0,139.0,SR_slep_2l_ee_high_d,13.0,13.6,2.9,,,,2.0,,,-0.5999999999999996,-0.20689655172413782,0.0,0.0,0.0,-0.3142830708670285,0.0,0,-0.3142830708670285,-0.4376432253898243
ATLAS-SUSY-2018-16-eff,ATLAS,13.0,139.0,SR_slep_2l_ee_high_e,9.0,7.9,1.6,,,,2.0,,,1.0999999999999996,0.6874999999999998,0.0,0.0,0.0,-0.3142830708670285,0.0,0,-0.3142830708670285,-0.4376432253898243
ATLAS-SUSY-2018-16-eff,ATLAS,13.0,139.0,SR_slep_2l_ee_high_f,6.0,7.8,1.6,,,,2.0,,,-1.7999999999999998,-1.1249999999999998,0.0,0.0,0.0,-0.3142830708670285,0.0,0,-0.3142830708670285,-0.4376432253898243
ATLAS-SUSY-2018-16-eff,ATLAS,13.0,139.0,SR_slep_2l_ee_high_g,8.0,6.8,1.4,,,,2.0,,,1.2000000000000002,0.8571428571428573,0.0,0.0,0.0,-0.3142830708670285,0.0,0,-0.3142830708670285,-0.4376432253898243
ATLAS-SUSY-2018-16-eff,ATLAS,13.0,139.0,SR_slep_2l_ee_high_h,6.0,6.1,1.2,,,,2.0,,,-0.09999999999999964,-0.08333333333333304,0.0,0.0,0.0,-0.3142830708670285,0.0,0,-0.3142830708670285,-0.4376432253898243
ATLAS-SUSY-2018-16-eff,ATLAS,13.0,139.0,SR_slep_2l_ee_low_a,8.0,4.0,1.4,,,,2.0,,,4.0,2.857142857142857,0.0,0.0,0.0,-0.3142830708670285,0.0,0,-0.3142830708670285,-0.4376432253898243
ATLAS-SUSY-2018-16-eff,ATLAS,13.0,139.0,SR_slep_2l_ee_low_b,5.0,5.3,2.4,,,,2.0,,,-0.2999999999999998,-0.12499999999999993,0.0,0.0,0.0,-0.3142830708670285,0.0,0,-0.3142830708670285,-0.4376432253898243
ATLAS-SUSY-2018-16-eff,ATLAS,13.0,139.0,SR_slep_2l_ee_low_c,15.0,9.1,2.4,,,,2.0,,,5.9,2.4583333333333335,0.0,0.0,0.0,-0.3142830708670285,0.0,0,-0.3142830708670285,-0.4376432253898243
ATLAS-SUSY-2018-16-eff,ATLAS,13.0,139.0,SR_slep_2l_ee_low_d,19.0,21.0,5.0,,,,2.0,,,-2.0,-0.4,0.0,0.0,0.0,-0.3142830708670285,0.0,0,-0.3142830708670285,-0.4376432253898243
ATLAS-SUSY-2018-16-eff,ATLAS,13.0,139.0,SR_slep_2l_ee_low_e,30.0,27.0,5.0,,,,2.0,,,3.0,0.6,0.0,0.0,0.0,-0.3142830708670285,0.0,0,-0.3142830708670285,-0.4376432253898243
ATLAS-SUSY-2018-16-eff,ATLAS,13.0,139.0,SR_slep_2l_ee_low_f,24.0,17.8,3.1,,,,2.0,,,6.199999999999999,1.9999999999999998,0.0,0.0,0.0,-0.3142830708670285,0.0,0,-0.3142830708670285,-0.4376432253898243
ATLAS-SUSY-2018-16-eff,ATLAS,13.0,139.0,SR_slep_2l_ee_low_g,32.0,23.0,4.0,,,,2.0,,,9.0,2.25,0.0,0.0,0.0,-0.3142830708670285,0.0,0,-0.3142830708670285,-0.4376432253898243
ATLAS-SUSY-2018-16-eff,ATLAS,13.0,139.0,SR_slep_2l_ee_low_h,11.0,19.2,2.7,,,,2.0,,,-8.2,-3.0370370370370368,0.0,0.0,0.0,-0.3142830708670285,0.0,0,-0.3142830708670285,-0.4376432253898243
ATLAS-SUSY-2018-16-eff,ATLAS,13.0,139.0,SR_slep_2l_mm_high_a,10.0,11.6,3.2,,,,2.0,,,-1.5999999999999996,-0.4999999999999999,0.0,0.0,0.0,-0.3142830708670285,0.0,0,-0.3142830708670285,-0.4376432253898243
ATLAS-SUSY-2018-16-eff,ATLAS,13.0,139.0,SR_slep_2l_mm_high_b,3.0,6.9,1.9,,,,2.0,,,-3.9000000000000004,-2.0526315789473686,0.0,0.0,0.0,-0.3142830708670285,0.0,0,-0.3142830708670285,-0.4376432253898243
ATLAS-SUSY-2018-16-eff,ATLAS,13.0,139.0,SR_slep_2l_mm_high_c,11.0,7.1,1.7,,,,2.0,,,3.9000000000000004,2.294117647058824,0.0,0.0,0.0,-0.3142830708670285,0.0,0,-0.3142830708670285,-0.4376432253898243
ATLAS-SUSY-2018-16-eff,ATLAS,13.0,139.0,SR_slep_2l_mm_high_d,12.0,15.4,2.5,,,,2.0,,,-3.4000000000000004,-1.36,0.0,0.0,0.0,-0.3142830708670285,0.0,0,-0.3142830708670285,-0.4376432253898243
ATLAS-SUSY-2018-16-eff,ATLAS,13.0,139.0,SR_slep_2l_mm_high_e,9.0,12.5,2.2,,,,2.0,,,-3.5,-1.5909090909090908,0.0,0.0,0.0,-0.3142830708670285,0.0,0,-0.3142830708670285,-0.4376432253898243
ATLAS-SUSY-2018-16-eff,ATLAS,13.0,139.0,SR_slep_2l_mm_high_f,11.0,11.3,1.9,,,,2.0,,,-0.3000000000000007,-0.15789473684210564,0.0,0.0,0.0,-0.3142830708670285,0.0,0,-0.3142830708670285,-0.4376432253898243
ATLAS-SUSY-2018-16-eff,ATLAS,13.0,139.0,SR_slep_2l_mm_high_g,10.0,12.4,2.0,,,,2.0,,,-2.4000000000000004,-1.2000000000000002,0.0,0.0,0.0,-0.3142830708670285,0.0,0,-0.3142830708670285,-0.4376432253898243
ATLAS-SUSY-2018-16-eff,ATLAS,13.0,139.0,SR_slep_2l_mm_high_h,8.0,6.8,1.4,,,,2.0,,,1.2000000000000002,0.8571428571428573,0.0,0.0,0.0,-0.3142830708670285,0.0,0,-0.3142830708670285,-0.4376432253898243
ATLAS-SUSY-2018-16-eff,ATLAS,13.0,139.0,SR_slep_2l_mm_low_a,3.0,7.0,1.6,,,,2.0,,,-4.0,-2.5,0.0,0.0,0.0,-0.3142830708670285,0.0,0,-0.3142830708670285,-0.4376432253898243
ATLAS-SUSY-2018-16-eff,ATLAS,13.0,139.0,SR_slep_2l_mm_low_b,6.0,4.4,1.2,,,,2.0,,,1.5999999999999996,1.333333333333333,0.0,0.0,0.0,-0.3142830708670285,0.0,0,-0.3142830708670285,-0.4376432253898243
ATLAS-SUSY-2018-16-eff,ATLAS,13.0,139.0,SR_slep_2l_mm_low_c,15.0,11.8,2.1,,,,2.0,,,3.1999999999999993,1.5238095238095235,0.0,0.0,0.0,-0.3142830708670285,0.0,0,-0.3142830708670285,-0.4376432253898243
ATLAS-SUSY-2018-16-eff,ATLAS,13.0,139.0,SR_slep_2l_mm_low_d,23.0,25.9,3.4,,,,2.0,,,-2.8999999999999986,-0.8529411764705879,0.0,0.0,0.0,-0.3142830708670285,0.0,0,-0.3142830708670285,-0.4376432253898243
ATLAS-SUSY-2018-16-eff,ATLAS,13.0,139.0,SR_slep_2l_mm_low_e,37.0,36.0,5.0,,,,2.0,,,1.0,0.2,0.0,0.0,0.0,-0.3142830708670285,0.0,0,-0.3142830708670285,-0.4376432253898243
ATLAS-SUSY-2018-16-eff,ATLAS,13.0,139.0,SR_slep_2l_mm_low_f,44.0,35.0,4.0,,,,2.0,,,9.0,2.25,0.0,0.0,0.0,-0.3142830708670285,0.0,0,-0.3142830708670285,-0.4376432253898243
ATLAS-SUSY-2018-16-eff,ATLAS,13.0,139.0,SR_slep_2l_mm_low_g,41.0,34.0,4.0,,,,2.0,,,7.0,1.75,0.0,0.0,0.0,-0.3142830708670285,0.0,0,-0.3142830708670285,-0.4376432253898243
ATLAS-SUSY-2018-16-eff,ATLAS,13.0,139.0,SR_slep_2l_mm_low_h,28.0,24.8,2.9,,,,2.0,,,3.1999999999999993,1.1034482758620687,0.0,0.0,0.0,-0.3142830708670285,0.0,0,-0.3142830708670285,-0.4376432253898243
ATLAS-SUSY-2018-16-hino-eff,ATLAS,13.0,139.0,SR_ewk_1l1T,80.0,67.0,8.9,,,,1.0,,,13.0,1.4606741573033708,0.0,0.0,0.0,-0.31623348766789583,0.0,0,-0.31623348766789583,-0.43947243021637494
ATLAS-SUSY-2018-16-hino-eff,ATLAS,13.0,139.0,SR_ewk_2l_high,134.0,137.0,8.8,,,,2.0,,,-3.0,-0.3409090909090909,0.0,0.0,0.0,-0.3142830708670285,0.0,0,-0.3142830708670285,-0.4376432253898243
ATLAS-SUSY-2018-16-hino-eff,ATLAS,13.0,139.0,SR_ewk_2l_low,199.0,198.3,11.8,,,,2.0,,,0.6999999999999886,0.059322033898304115,0.0,0.0,0.0,-0.3142830708670285,0.0,0,-0.3142830708670285,-0.4376432253898243
ATLAS-SUSY-2018-16-hino-eff,ATLAS,13.0,139.0,SR_ewk_2l_med,170.0,112.4,12.6,,,,2.0,,,57.599999999999994,4.571428571428571,0.0,0.0,0.0,-0.3142830708670285,0.0,0,-0.3142830708670285,-0.4376432253898243
ATLAS-SUSY-2018-19-eff,ATLAS,13.0,136.0,SR_EW,3.0,3.0,0.7,,,,,,,0.0,0.0,0.0,0.0,0.0,0.0,0.0,0,0.0,-0.14289181129338485
ATLAS-SUSY-2018-22-eff,ATLAS,13.0,139.0,BDT_GGd1,34.0,30.0,5.0,,,,,,disappearing_track,4.0,0.8,0.0,0.0,0.0,0.0,0.0,1,1.0,0.7949614853646055
ATLAS-SUSY-2018-22-eff,ATLAS,13.0,139.0,BDT_GGd2,68.0,52.0,6.0,,,,,,disappearing_track,16.0,2.6666666666666665,0.0,0.0,0.0,0.0,0.0,1,1.0,0.7949614853646055
ATLAS-SUSY-2018-22-eff,ATLAS,13.0,139.0,BDT_GGd3,227.0,223.0,17.0,,,,,,disappearing_track,4.0,0.23529411764705882,0.0,0.0,0.0,0.0,0.0,1,1.0,0.7949614853646055
ATLAS-SUSY-2018-22-eff,ATLAS,13.0,139.0,BDT_GGd4,291.0,298.0,23.0,,,,,,disappearing_track,-7.0,-0.30434782608695654,0.0,0.0,0.0,0.0,0.0,1,1.0,0.7949614853646055
ATLAS-SUSY-2018-22-eff,ATLAS,13.0,139.0,BDT_GGo1,6.0,5.5,1.5,,,,,,disappearing_track,0.5,0.3333333333333333,0.0,0.0,0.0,0.0,0.0,1,1.0,0.7949614853646055
ATLAS-SUSY-2018-22-eff,ATLAS,13.0,139.0,BDT_GGo2,25.0,18.0,2.4,,,,,,disappearing_track,7.0,2.916666666666667,0.0,0.0,0.0,0.0,0.0,1,1.0,0.7949614853646055
ATLAS-SUSY-2018-22-eff,ATLAS,13.0,139.0,BDT_GGo3,80.0,85.0,9.0,,,,,,disappearing_track,-5.0,-0.5555555555555556,0.0,0.0,0.0,0.0,0.0,1,1.0,0.7949614853646055
ATLAS-SUSY-2018-22-eff,ATLAS,13.0,139.0,BDT_GGo4,135.0,159.0,16.0,,,,,,disappearing_track,-24.0,-1.5,0.0,0.0,0.0,0.0,0.0,1,1.0,0.7949614853646055
ATLAS-SUSY-2018-22-eff,ATLAS,13.0,139.0,SR2j_1600,2111.0,2190.0,130.0,,1600.0,2.0,,,,-79.0,-0.6076923076923076,0.0,-0.658242539859781,-0.9753447883793924,0.0,0.0,0,-1.6335873282391735,-1.6749570724612124
ATLAS-SUSY-2018-22-eff,ATLAS,13.0,139.0,SR2j_2200,971.0,980.0,50.0,,2200.0,2.0,,,,-9.0,-0.18,0.0,0.18996261217429922,-0.9753447883793924,0.0,0.0,0,-0.7853821762050932,-0.8794650743837582
ATLAS-SUSY-2018-22-eff,ATLAS,13.0,139.0,SR2j_2800,78.0,87.0,8.0,,2800.0,2.0,,,,-9.0,-1.125,0.0,1.0381677642083795,-0.9753447883793924,0.0,0.0,0,0.0628229758289871,-0.08397307630630405
ATLAS-SUSY-2018-22-eff,ATLAS,13.0,139.0,SR4j_1000,535.0,536.0,32.0,,1000.0,4.0,,,,-1.0,-0.03125,0.0,-1.5064476918938612,0.15989258825891683,0.0,0.0,0,-1.3465551036349444,-1.4057629543690593
ATLAS-SUSY-2018-22-eff,ATLAS,13.0,139.0,SR4j_2200,60.0,60.0,5.0,,2200.0,4.0,,,,0.0,0.0,0.0,0.18996261217429922,0.15989258825891683,0.0,0.0,0,0.34985520043321605,0.1852210417858488
ATLAS-SUSY-2018-22-eff,ATLAS,13.0,139.0,SR4j_3400,4.0,5.7,1.0,,3400.0,4.0,,,,-1.7000000000000002,-1.7000000000000002,0.0,1.8863729162424596,0.15989258825891683,0.0,0.0,0,2.0462655045013767,1.776205037940757
ATLAS-SUSY-2018-22-eff,ATLAS,13.0,139.0,SR5j_1600,320.0,319.0,20.0,,1600.0,5.0,,,,1.0,0.05,0.0,-0.658242539859781,0.7275112765780715,0.0,0.0,0,0.06926873671829048,-0.07792789820680174
ATLAS-SUSY-2018-22-eff,ATLAS,13.0,139.0,SR6j_1000,25.0,21.0,3.0,,1000.0,6.0,,,,4.0,1.3333333333333333,0.0,-1.5064476918938612,1.295129964897226,0.0,0.0,0,-0.2113177269966351,-0.3410768381994523
ATLAS-SUSY-2018-22-eff,ATLAS,13.0,139.0,SR6j_2200,5.0,4.6,1.0,,2200.0,6.0,,,,0.40000000000000036,0.40000000000000036,0.0,0.18996261217429922,1.295129964897226,0.0,0.0,0,1.4850925770715253,1.2499071579554557
ATLAS-SUSY-2018-22-eff,ATLAS,13.0,139.0,SR6j_3400,0.0,0.8,0.4,,3400.0,6.0,,,,-0.8,-2.0,0.0,1.8863729162424596,1.295129964897226,0.0,0.0,0,3.1815028811396857,2.840891154110364
ATLAS-SUSY-2018-22-multibin-eff,ATLAS,13.0,139.0,MB-C-2-1600-16,908.0,928.2628,18.5602,,,,,,,-20.26279999999997,-1.0917339252809761,0.0,0.0,0.0,0.0,0.0,0,0.0,-0.14289181129338485
ATLAS-SUSY-2018-22-multibin-eff,ATLAS,13.0,139.0,MB-C-2-1600-22,2108.0,2072.7708,35.2661,,,,,,,35.22920000000022,0.9989536693878885,0.0,0.0,0.0,0.0,0.0,0,0.0,-0.14289181129338485
ATLAS-SUSY-2018-22-multibin-eff,ATLAS,13.0,139.0,MB-C-2-2200-16,107.0,117.3536,3.9088,,,,,,,-10.3536,-2.6487924682767092,0.0,0.0,0.0,0.0,0.0,0,0.0,-0.14289181129338485
ATLAS-SUSY-2018-22-multibin-eff,ATLAS,13.0,139.0,MB-C-2-2200-22,406.0,394.1684,9.6588,,,,,,,11.83159999999998,1.2249554810121321,0.0,0.0,0.0,0.0,0.0,0,0.0,-0.14289181129338485
ATLAS-SUSY-2018-22-multibin-eff,ATLAS,13.0,139.0,MB-C-2-2800-16,37.0,26.7127,1.754,,,,,,,10.287299999999998,5.865051311288482,0.0,0.0,0.0,0.0,0.0,0,0.0,-0.14289181129338485
ATLAS-SUSY-2018-22-multibin-eff,ATLAS,13.0,139.0,MB-C-2-2800-22,85.0,90.6329,5.7279,,,,,,,-5.6329000000000065,-0.9834145149182085,0.0,0.0,0.0,0.0,0.0,0,0.0,-0.14289181129338485
ATLAS-SUSY-2018-22-multibin-eff,ATLAS,13.0,139.0,MB-C-4-1600-16,274.0,279.5733,9.342,,,,,,,-5.5733000000000175,-0.5965853136373386,0.0,0.0,0.0,0.0,0.0,0,0.0,-0.14289181129338485
ATLAS-SUSY-2018-22-multibin-eff,ATLAS,13.0,139.0,MB-C-4-1600-22,213.0,211.0109,8.9229,,,,,,,1.9891000000000076,0.22292079929171094,0.0,0.0,0.0,0.0,0.0,0,0.0,-0.14289181129338485
ATLAS-SUSY-2018-22-multibin-eff,ATLAS,13.0,139.0,MB-C-4-2200-16,54.0,55.1914,2.7669,,,,,,,-1.1914000000000016,-0.43059019118869546,0.0,0.0,0.0,0.0,0.0,0,0.0,-0.14289181129338485
ATLAS-SUSY-2018-22-multibin-eff,ATLAS,13.0,139.0,MB-C-4-2200-22,98.0,93.3367,4.3873,,,,,,,4.663300000000007,1.0629088505458955,0.0,0.0,0.0,0.0,0.0,0,0.0,-0.14289181129338485
ATLAS-SUSY-2018-22-multibin-eff,ATLAS,13.0,139.0,MB-C-4-2800-16,16.0,12.6915,1.0902,,,,,,,3.3085000000000004,3.0347642634379017,0.0,0.0,0.0,0.0,0.0,0,0.0,-0.14289181129338485
ATLAS-SUSY-2018-22-multibin-eff,ATLAS,13.0,139.0,MB-C-4-2800-22,25.0,30.9677,2.085,,,,,,,-5.967700000000001,-2.862206235011991,0.0,0.0,0.0,0.0,0.0,0,0.0,-0.14289181129338485
ATLAS-SUSY-2018-22-multibin-eff,ATLAS,13.0,139.0,MB-C-5-1600-16,126.0,131.868,5.2999,,,,,,,-5.867999999999995,-1.107190701711352,0.0,0.0,0.0,0.0,0.0,0,0.0,-0.14289181129338485
ATLAS-SUSY-2018-22-multibin-eff,ATLAS,13.0,139.0,MB-C-5-1600-22,51.0,50.9501,2.8534,,,,,,,0.049900000000000944,0.01748790916100124,0.0,0.0,0.0,0.0,0.0,0,0.0,-0.14289181129338485
ATLAS-SUSY-2018-22-multibin-eff,ATLAS,13.0,139.0,MB-C-5-2200-16,57.0,56.4783,2.9752,,,,,,,0.5217000000000027,0.1753495563323483,0.0,0.0,0.0,0.0,0.0,0,0.0,-0.14289181129338485
ATLAS-SUSY-2018-22-multibin-eff,ATLAS,13.0,139.0,MB-C-5-2200-22,47.0,43.6002,2.6846,,,,,,,3.399799999999999,1.2664084034865526,0.0,0.0,0.0,0.0,0.0,0,0.0,-0.14289181129338485
ATLAS-SUSY-2018-22-multibin-eff,ATLAS,13.0,139.0,MB-C-5-2800-16,15.0,15.1053,1.1821,,,,,,,-0.10529999999999973,-0.08907875814228892,0.0,0.0,0.0,0.0,0.0,0,0.0,-0.14289181129338485
ATLAS-SUSY-2018-22-multibin-eff,ATLAS,13.0,139.0,MB-C-5-2800-22,24.0,22.1826,1.6744,,,,,,,1.8173999999999992,1.085403726708074,0.0,0.0,0.0,0.0,0.0,0,0.0,-0.14289181129338485
ATLAS-SUSY-2018-22-multibin-eff,ATLAS,13.0,139.0,MB-GGd-4-1000-10,1281.0,1269.9038,26.3182,,,,,,,11.096199999999953,0.4216169798846408,0.0,0.0,0.0,0.0,0.0,0,0.0,-0.14289181129338485
ATLAS-SUSY-2018-22-multibin-eff,ATLAS,13.0,139.0,MB-GGd-4-1000-16,240.0,256.2275,9.0993,,,,,,,-16.22750000000002,-1.7833789412372403,0.0,0.0,0.0,0.0,0.0,0,0.0,-0.14289181129338485
ATLAS-SUSY-2018-22-multibin-eff,ATLAS,13.0,139.0,MB-GGd-4-1000-22,35.0,30.755,4.1179,,,,,,,4.245000000000001,1.0308652468491224,0.0,0.0,0.0,0.0,0.0,0,0.0,-0.14289181129338485
ATLAS-SUSY-2018-22-multibin-eff,ATLAS,13.0,139.0,MB-GGd-4-1600-10,228.0,233.2226,8.3779,,,,,,,-5.2226,-0.6233781735279723,0.0,0.0,0.0,0.0,0.0,0,0.0,-0.14289181129338485
ATLAS-SUSY-2018-22-multibin-eff,ATLAS,13.0,139.0,MB-GGd-4-1600-16,95.0,102.5706,3.6942,,,,,,,-7.570599999999999,-2.049320556548102,0.0,0.0,0.0,0.0,0.0,0,0.0,-0.14289181129338485
ATLAS-SUSY-2018-22-multibin-eff,ATLAS,13.0,139.0,MB-GGd-4-1600-22,44.0,44.8465,2.9198,,,,,,,-0.8464999999999989,-0.2899171176107949,0.0,0.0,0.0,0.0,0.0,0,0.0,-0.14289181129338485
ATLAS-SUSY-2018-22-multibin-eff,ATLAS,13.0,139.0,MB-GGd-4-2200-10,57.0,42.0372,3.3779,,,,,,,14.962800000000001,4.429616033630363,0.0,0.0,0.0,0.0,0.0,0,0.0,-0.14289181129338485
ATLAS-SUSY-2018-22-multibin-eff,ATLAS,13.0,139.0,MB-GGd-4-2200-16,23.0,21.4635,1.3593,,,,,,,1.5365000000000002,1.1303612153314209,0.0,0.0,0.0,0.0,0.0,0,0.0,-0.14289181129338485
ATLAS-SUSY-2018-22-multibin-eff,ATLAS,13.0,139.0,MB-GGd-4-2200-22,15.0,16.4353,1.4234,,,,,,,-1.4353000000000016,-1.0083602641562468,0.0,0.0,0.0,0.0,0.0,0,0.0,-0.14289181129338485
ATLAS-SUSY-2018-22-multibin-eff,ATLAS,13.0,139.0,MB-GGd-4-2800-10,4.0,5.6311,0.7908,,,,,,,-1.6311,-2.0625948406676784,0.0,0.0,0.0,0.0,0.0,0,0.0,-0.14289181129338485
ATLAS-SUSY-2018-22-multibin-eff,ATLAS,13.0,139.0,MB-GGd-4-2800-16,5.0,4.7604,0.7823,,,,,,,0.23960000000000026,0.3062763645660236,0.0,0.0,0.0,0.0,0.0,0,0.0,-0.14289181129338485
ATLAS-SUSY-2018-22-multibin-eff,ATLAS,13.0,139.0,MB-GGd-4-2800-22,8.0,4.6639,0.5151,,,,,,,3.3361,6.47660648417783,0.0,0.0,0.0,0.0,0.0,0,0.0,-0.14289181129338485
ATLAS-SUSY-2018-22-multibin-eff,ATLAS,13.0,139.0,MB-GGd-4-3400-10,2.0,1.0376,0.2528,,,,,,,0.9623999999999999,3.806962025316455,0.0,0.0,0.0,0.0,0.0,0,0.0,-0.14289181129338485
ATLAS-SUSY-2018-22-multibin-eff,ATLAS,13.0,139.0,MB-GGd-4-3400-16,1.0,0.9534,0.6673,,,,,,,0.046599999999999975,0.06983365802487633,0.0,0.0,0.0,0.0,0.0,0,0.0,-0.14289181129338485
ATLAS-SUSY-2018-22-multibin-eff,ATLAS,13.0,139.0,MB-GGd-4-3400-22,0.0,1.3007,0.4019,,,,,,,-1.3007,-3.2363772082607616,0.0,0.0,0.0,0.0,0.0,0,0.0,-0.14289181129338485
ATLAS-SUSY-2018-22-multibin-eff,ATLAS,13.0,139.0,MB-GGd-4-4000-10,0.0,0.2756,0.0886,,,,,,,-0.2756,-3.1106094808126414,0.0,0.0,0.0,0.0,0.0,0,0.0,-0.14289181129338485
ATLAS-SUSY-2018-22-multibin-eff,ATLAS,13.0,139.0,MB-GGd-4-4000-16,0.0,0.1704,0.062,,,,,,,-0.1704,-2.7483870967741937,0.0,0.0,0.0,0.0,0.0,0,0.0,-0.14289181129338485
ATLAS-SUSY-2018-22-multibin-eff,ATLAS,13.0,139.0,MB-GGd-4-4000-22,1.0,0.367,0.0926,,,,,,,0.633,6.83585313174946,0.0,0.0,0.0,0.0,0.0,0,0.0,-0.14289181129338485
ATLAS-SUSY-2018-22-multibin-eff,ATLAS,13.0,139.0,MB-SSd-2-1000-10,6986.0,6984.4422,69.6213,,,,,,,1.5577999999995882,0.022375336283573966,0.0,0.0,0.0,0.0,0.0,0,0.0,-0.14289181129338485
ATLAS-SUSY-2018-22-multibin-eff,ATLAS,13.0,139.0,MB-SSd-2-1000-16,2537.0,2568.2614,35.7391,,,,,,,-31.261399999999867,-0.8747114504841998,0.0,0.0,0.0,0.0,0.0,0,0.0,-0.14289181129338485
ATLAS-SUSY-2018-22-multibin-eff,ATLAS,13.0,139.0,MB-SSd-2-1000-22,1289.0,1289.1242,20.2679,,,,,,,-0.12419999999997344,-0.006127916557708171,0.0,0.0,0.0,0.0,0.0,0,0.0,-0.14289181129338485
ATLAS-SUSY-2018-22-multibin-eff,ATLAS,13.0,139.0,MB-SSd-2-1600-10,926.0,896.679,16.784,,,,,,,29.321000000000026,1.7469613918017175,0.0,0.0,0.0,0.0,0.0,0,0.0,-0.14289181129338485
ATLAS-SUSY-2018-22-multibin-eff,ATLAS,13.0,139.0,MB-SSd-2-1600-16,526.0,535.3322,9.1813,,,,,,,-9.332199999999943,-1.0164355810179324,0.0,0.0,0.0,0.0,0.0,0,0.0,-0.14289181129338485
ATLAS-SUSY-2018-22-multibin-eff,ATLAS,13.0,139.0,MB-SSd-2-1600-22,638.0,613.1204,10.0645,,,,,,,24.879599999999982,2.472015500024838,0.0,0.0,0.0,0.0,0.0,0,0.0,-0.14289181129338485
ATLAS-SUSY-2018-22-multibin-eff,ATLAS,13.0,139.0,MB-SSd-2-2200-16,55.0,64.7879,2.3285,,,,,,,-9.787899999999993,-4.203521580416575,0.0,0.0,0.0,0.0,0.0,0,0.0,-0.14289181129338485
ATLAS-SUSY-2018-22-multibin-eff,ATLAS,13.0,139.0,MB-SSd-2-2200-22,146.0,141.704,4.4561,,,,,,,4.295999999999992,0.9640717219092911,0.0,0.0,0.0,0.0,0.0,0,0.0,-0.14289181129338485
ATLAS-SUSY-2018-22-multibin-eff,ATLAS,13.0,139.0,MB-SSd-2-2800-16,17.0,14.4722,1.2974,,,,,,,2.527799999999999,1.9483582549714806,0.0,0.0,0.0,0.0,0.0,0,0.0,-0.14289181129338485
ATLAS-SUSY-2018-22-multibin-eff,ATLAS,13.0,139.0,MB-SSd-2-2800-22,29.0,35.119,2.0442,,,,,,,-6.119,-2.9933470306232266,0.0,0.0,0.0,0.0,0.0,0,0.0,-0.14289181129338485
ATLAS-SUSY-2018-22-multibin-eff,ATLAS,13.0,139.0,MB-SSd-2-3400-22,3.0,3.4059,0.4404,,,,,,,-0.4058999999999999,-0.9216621253405992,0.0,0.0,0.0,0.0,0.0,0,0.0,-0.14289181129338485
ATLAS-SUSY-2018-22-multibin-eff,ATLAS,13.0,139.0,MB-SSd-2-3400-28,6.0,10.5836,1.1423,,,,,,,-4.583600000000001,-4.01260614549593,0.0,0.0,0.0,0.0,0.0,0,0.0,-0.14289181129338485
ATLAS-SUSY-2018-22-multibin-eff,ATLAS,13.0,139.0,MB-SSd-2-4000-22,1.0,0.984,0.3924,,,,,,,0.016000000000000014,0.04077471967380228,0.0,0.0,0.0,0.0,0.0,0,0.0,-0.14289181129338485
ATLAS-SUSY-2018-22-multibin-eff,ATLAS,13.0,139.0,MB-SSd-2-4000-28,5.0,4.0338,0.6731,,,,,,,0.9661999999999997,1.4354479274996281,0.0,0.0,0.0,0.0,0.0,0,0.0,-0.14289181129338485
ATLAS-SUSY-2018-22-multibin-eff,ATLAS,13.0,139.0,MB-SSd-4-1000-10,7769.0,7793.7288,72.9798,,,,,,,-24.728799999999865,-0.3388444473676259,0.0,0.0,0.0,0.0,0.0,0,0.0,-0.14289181129338485
ATLAS-SUSY-2018-22-multibin-eff,ATLAS,13.0,139.0,MB-SSd-4-1000-16,4286.0,4197.9972,47.2762,,,,,,,88.0028000000002,1.861460946522779,0.0,0.0,0.0,0.0,0.0,0,0.0,-0.14289181129338485
ATLAS-SUSY-2018-22-multibin-eff,ATLAS,13.0,139.0,MB-SSd-4-1000-22,858.0,843.6757,17.9625,,,,,,,14.324299999999994,0.7974558107167707,0.0,0.0,0.0,0.0,0.0,0,0.0,-0.14289181129338485
ATLAS-SUSY-2018-22-multibin-eff,ATLAS,13.0,139.0,MB-SSd-4-1600-10,819.0,859.5696,16.6523,,,,,,,-40.56960000000004,-2.4362760699723185,0.0,0.0,0.0,0.0,0.0,0,0.0,-0.14289181129338485
ATLAS-SUSY-2018-22-multibin-eff,ATLAS,13.0,139.0,MB-SSd-4-1600-16,461.0,496.2411,10.0148,,,,,,,-35.24110000000002,-3.5189020250029976,0.0,0.0,0.0,0.0,0.0,0,0.0,-0.14289181129338485
ATLAS-SUSY-2018-22-multibin-eff,ATLAS,13.0,139.0,MB-SSd-4-1600-22,485.0,466.5473,9.7426,,,,,,,18.452699999999993,1.8940221296163235,0.0,0.0,0.0,0.0,0.0,0,0.0,-0.14289181129338485
ATLAS-SUSY-2018-22-multibin-eff,ATLAS,13.0,139.0,MB-SSd-4-2200-16,71.0,69.7056,2.6158,,,,,,,1.294399999999996,0.4948390549736203,0.0,0.0,0.0,0.0,0.0,0,0.0,-0.14289181129338485
ATLAS-SUSY-2018-22-multibin-eff,ATLAS,13.0,139.0,MB-SSd-4-2200-22,113.0,120.3217,3.8564,,,,,,,-7.321700000000007,-1.8985841717664163,0.0,0.0,0.0,0.0,0.0,0,0.0,-0.14289181129338485
ATLAS-SUSY-2018-22-multibin-eff,ATLAS,13.0,139.0,MB-SSd-4-2800-16,17.0,14.0991,1.0051,,,,,,,2.9009,2.886180479554273,0.0,0.0,0.0,0.0,0.0,0,0.0,-0.14289181129338485
ATLAS-SUSY-2018-22-multibin-eff,ATLAS,13.0,139.0,MB-SSd-4-2800-22,25.0,27.7629,1.5993,,,,,,,-2.7628999999999984,-1.727568311136121,0.0,0.0,0.0,0.0,0.0,0,0.0,-0.14289181129338485
ATLAS-SUSY-2018-31-eff,ATLAS,13.0,139.0,SRA_H,2.0,3.0,1.5,,,,,,,-1.0,-0.6666666666666666,0.0,0.0,0.0,0.0,0.0,0,0.0,-0.14289181129338485
ATLAS-SUSY-2018-31-eff,ATLAS,13.0,139.0,SRA_L,12.0,8.4,1.7,,,,,,,3.5999999999999996,2.1176470588235294,0.0,0.0,0.0,0.0,0.0,0,0.0,-0.14289181129338485
ATLAS-SUSY-2018-31-eff,ATLAS,13.0,139.0,SRA_M,3.0,5.7,0.8,,,,,,,-2.7,-3.375,0.0,0.0,0.0,0.0,0.0,0,0.0,-0.14289181129338485
ATLAS-SUSY-2018-31-eff,ATLAS,13.0,139.0,SRB,3.0,3.3,0.9,,,,,,,-0.2999999999999998,-0.33333333333333315,0.0,0.0,0.0,0.0,0.0,0,0.0,-0.14289181129338485
ATLAS-SUSY-2018-31-eff,ATLAS,13.0,139.0,SRC_22,28.0,21.2,4.1,,,,,,,6.800000000000001,1.658536585365854,0.0,0.0,0.0,0.0,0.0,0,0.0,-0.14289181129338485
ATLAS-SUSY-2018-31-eff,ATLAS,13.0,139.0,SRC_24,12.0,10.6,2.3,,,,,,,1.4000000000000004,0.6086956521739132,0.0,0.0,0.0,0.0,0.0,0,0.0,-0.14289181129338485
ATLAS-SUSY-2018-31-eff,ATLAS,13.0,139.0,SRC_26,4.0,3.7,0.9,,,,,,,0.2999999999999998,0.33333333333333315,0.0,0.0,0.0,0.0,0.0,0,0.0,-0.14289181129338485
ATLAS-SUSY-2018-31-eff,ATLAS,13.0,139.0,SRC_28,3.0,2.4,0.6,,,,,,,0.6000000000000001,1.0000000000000002,0.0,0.0,0.0,0.0,0.0,0,0.0,-0.14289181129338485
ATLAS-SUSY-2018-32-eff,ATLAS,13.0,139.0,SRDF_0a_cuts,14.0,14.0,4.0,,,,2.0,,,0.0,0.0,0.0,0.0,0.0,-0.3142830708670285,0.0,0,-0.3142830708670285,-0.4376432253898243
ATLAS-SUSY-2018-32-eff,ATLAS,13.0,139.0,SRDF_0b_cuts,14.0,11.3,2.9,,,,2.0,0.0,,2.6999999999999993,0.9310344827586204,0.0,0.0,0.0,-0.3142830708670285,-0.9811557810392123,0,-1.2954388519062408,-1.357823409172495
ATLAS-SUSY-2018-32-eff,ATLAS,13.0,139.0,SRDF_0c_cuts,19.0,20.0,4.0,,,,2.0,,,-1.0,-0.25,0.0,0.0,0.0,-0.3142830708670285,0.0,0,-0.3142830708670285,-0.4376432253898243
ATLAS-SUSY-2018-32-eff,ATLAS,13.0,139.0,SRDF_0d_cuts,16.0,21.7,3.0,,,,2.0,,,-5.699999999999999,-1.8999999999999997,0.0,0.0,0.0,-0.3142830708670285,0.0,0,-0.3142830708670285,-0.4376432253898243
ATLAS-SUSY-2018-32-eff,ATLAS,13.0,139.0,SRDF_0e_cuts,11.0,11.0,2.0,,,,2.0,,,0.0,0.0,0.0,0.0,0.0,-0.3142830708670285,0.0,0,-0.3142830708670285,-0.4376432253898243
ATLAS-SUSY-2018-32-eff,ATLAS,13.0,139.0,SRDF_0f_cuts,8.0,6.3,0.9,,,,2.0,,,1.7000000000000002,1.888888888888889,0.0,0.0,0.0,-0.3142830708670285,0.0,0,-0.3142830708670285,-0.4376432253898243
ATLAS-SUSY-2018-32-eff,ATLAS,13.0,139.0,SRDF_0g_cuts,9.0,6.5,1.2,,,,2.0,,,2.5,2.0833333333333335,0.0,0.0,0.0,-0.3142830708670285,0.0,0,-0.3142830708670285,-0.4376432253898243
ATLAS-SUSY-2018-32-eff,ATLAS,13.0,139.0,SRDF_0h_cuts,0.0,3.2,0.6,,,,2.0,,,-3.2,-5.333333333333334,0.0,0.0,0.0,-0.3142830708670285,0.0,0,-0.3142830708670285,-0.4376432253898243
ATLAS-SUSY-2018-32-eff,ATLAS,13.0,139.0,SRDF_0i_cuts,4.0,2.9,0.5,,,,2.0,,,1.1,2.2,0.0,0.0,0.0,-0.3142830708670285,0.0,0,-0.3142830708670285,-0.4376432253898243
ATLAS-SUSY-2018-32-eff,ATLAS,13.0,139.0,SRDF_1a_cuts,12.0,14.7,2.9,,,,2.0,,,-2.6999999999999993,-0.9310344827586204,0.0,0.0,0.0,-0.3142830708670285,0.0,0,-0.3142830708670285,-0.4376432253898243
ATLAS-SUSY-2018-32-eff,ATLAS,13.0,139.0,SRDF_1b_cuts,12.0,9.9,2.0,,,,2.0,1.0,,2.0999999999999996,1.0499999999999998,0.0,0.0,0.0,-0.3142830708670285,0.6713171133426189,0,0.3570340424755904,0.19195374246147656
ATLAS-SUSY-2018-32-eff,ATLAS,13.0,139.0,SRDF_1c_cuts,14.0,14.3,2.4,,,,2.0,,,-0.3000000000000007,-0.1250000000000003,0.0,0.0,0.0,-0.3142830708670285,0.0,0,-0.3142830708670285,-0.4376432253898243
ATLAS-SUSY-2018-32-eff,ATLAS,13.0,139.0,SRDF_1d_cuts,15.0,14.8,2.2,,,,2.0,,,0.1999999999999993,0.09090909090909058,0.0,0.0,0.0,-0.3142830708670285,0.0,0,-0.3142830708670285,-0.4376432253898243
ATLAS-SUSY-2018-32-eff,ATLAS,13.0,139.0,SRDF_1e_cuts,7.0,6.5,1.0,,,,2.0,,,0.5,0.5,0.0,0.0,0.0,-0.3142830708670285,0.0,0,-0.3142830708670285,-0.4376432253898243
ATLAS-SUSY-2018-32-eff,ATLAS,13.0,139.0,SRDF_1f_cuts,4.0,4.4,0.9,,,,2.0,,,-0.40000000000000036,-0.4444444444444448,0.0,0.0,0.0,-0.3142830708670285,0.0,0,-0.3142830708670285,-0.4376432253898243
ATLAS-SUSY-2018-32-eff,ATLAS,13.0,139.0,SRDF_1g_cuts,5.0,5.6,1.0,,,,2.0,,,-0.5999999999999996,-0.5999999999999996,0.0,0.0,0.0,-0.3142830708670285,0.0,0,-0.3142830708670285,-0.4376432253898243
ATLAS-SUSY-2018-32-eff,ATLAS,13.0,139.0,SRDF_1h_cuts,3.0,2.4,0.7,,,,2.0,,,0.6000000000000001,0.8571428571428573,0.0,0.0,0.0,-0.3142830708670285,0.0,0,-0.3142830708670285,-0.4376432253898243
ATLAS-SUSY-2018-32-eff,ATLAS,13.0,139.0,SRDF_1i_cuts,3.0,2.7,0.8,,,,2.0,,,0.2999999999999998,0.3749999999999998,0.0,0.0,0.0,-0.3142830708670285,0.0,0,-0.3142830708670285,-0.4376432253898243
ATLAS-SUSY-2018-32-eff,ATLAS,13.0,139.0,SRSF_0a_cuts,14.0,15.8,2.3,,,,2.0,,,-1.8000000000000007,-0.7826086956521743,0.0,0.0,0.0,-0.3142830708670285,0.0,0,-0.3142830708670285,-0.4376432253898243
ATLAS-SUSY-2018-32-eff,ATLAS,13.0,139.0,SRSF_0b_cuts,15.0,13.9,1.9,,,,2.0,0.0,,1.0999999999999996,0.5789473684210524,0.0,0.0,0.0,-0.3142830708670285,-0.9811557810392123,0,-1.2954388519062408,-1.357823409172495
ATLAS-SUSY-2018-32-eff,ATLAS,13.0,139.0,SRSF_0c_cuts,24.0,26.9,3.2,,,,2.0,,,-2.8999999999999986,-0.9062499999999996,0.0,0.0,0.0,-0.3142830708670285,0.0,0,-0.3142830708670285,-0.4376432253898243
ATLAS-SUSY-2018-32-eff,ATLAS,13.0,139.0,SRSF_0d_cuts,37.0,33.3,3.4,,,,2.0,,,3.700000000000003,1.0882352941176479,0.0,0.0,0.0,-0.3142830708670285,0.0,0,-0.3142830708670285,-0.4376432253898243
ATLAS-SUSY-2018-32-eff,ATLAS,13.0,139.0,SRSF_0e_cuts,20.0,17.4,2.4,,,,2.0,,,2.6000000000000014,1.083333333333334,0.0,0.0,0.0,-0.3142830708670285,0.0,0,-0.3142830708670285,-0.4376432253898243
ATLAS-SUSY-2018-32-eff,ATLAS,13.0,139.0,SRSF_0f_cuts,12.0,10.4,1.2,,,,2.0,,,1.5999999999999996,1.333333333333333,0.0,0.0,0.0,-0.3142830708670285,0.0,0,-0.3142830708670285,-0.4376432253898243
ATLAS-SUSY-2018-32-eff,ATLAS,13.0,139.0,SRSF_0g_cuts,12.0,13.4,1.6,,,,2.0,,,-1.4000000000000004,-0.8750000000000002,0.0,0.0,0.0,-0.3142830708670285,0.0,0,-0.3142830708670285,-0.4376432253898243
ATLAS-SUSY-2018-32-eff,ATLAS,13.0,139.0,SRSF_0h_cuts,5.0,6.7,1.1,,,,2.0,,,-1.7000000000000002,-1.5454545454545454,0.0,0.0,0.0,-0.3142830708670285,0.0,0,-0.3142830708670285,-0.4376432253898243
ATLAS-SUSY-2018-32-eff,ATLAS,13.0,139.0,SRSF_0i_cuts,8.0,6.8,1.0,,,,2.0,,,1.2000000000000002,1.2000000000000002,0.0,0.0,0.0,-0.3142830708670285,0.0,0,-0.3142830708670285,-0.4376432253898243
ATLAS-SUSY-2018-32-eff,ATLAS,13.0,139.0,SRSF_1a_cuts,12.0,17.0,4.0,,,,2.0,,,-5.0,-1.25,0.0,0.0,0.0,-0.3142830708670285,0.0,0,-0.3142830708670285,-0.4376432253898243
ATLAS-SUSY-2018-32-eff,ATLAS,13.0,139.0,SRSF_1b_cuts,13.0,13.7,2.5,,,,2.0,1.0,,-0.6999999999999993,-0.2799999999999997,0.0,0.0,0.0,-0.3142830708670285,0.6713171133426189,0,0.3570340424755904,0.19195374246147656
ATLAS-SUSY-2018-32-eff,ATLAS,13.0,139.0,SRSF_1c_cuts,30.0,17.0,4.0,,,,2.0,,,13.0,3.25,0.0,0.0,0.0,-0.3142830708670285,0.0,0,-0.3142830708670285,-0.4376432253898243
ATLAS-SUSY-2018-32-eff,ATLAS,13.0,139.0,SRSF_1d_cuts,21.0,23.3,2.8,,,,2.0,,,-2.3000000000000007,-0.8214285714285717,0.0,0.0,0.0,-0.3142830708670285,0.0,0,-0.3142830708670285,-0.4376432253898243
ATLAS-SUSY-2018-32-eff,ATLAS,13.0,139.0,SRSF_1e_cuts,15.0,17.0,2.3,,,,2.0,,,-2.0,-0.8695652173913044,0.0,0.0,0.0,-0.3142830708670285,0.0,0,-0.3142830708670285,-0.4376432253898243
ATLAS-SUSY-2018-32-eff,ATLAS,13.0,139.0,SRSF_1f_cuts,11.0,9.4,1.9,,,,2.0,,,1.5999999999999996,0.8421052631578946,0.0,0.0,0.0,-0.3142830708670285,0.0,0,-0.3142830708670285,-0.4376432253898243
ATLAS-SUSY-2018-32-eff,ATLAS,13.0,139.0,SRSF_1g_cuts,8.0,12.3,1.6,,,,2.0,,,-4.300000000000001,-2.6875000000000004,0.0,0.0,0.0,-0.3142830708670285,0.0,0,-0.3142830708670285,-0.4376432253898243
ATLAS-SUSY-2018-32-eff,ATLAS,13.0,139.0,SRSF_1h_cuts,5.0,6.5,1.4,,,,2.0,,,-1.5,-1.0714285714285714,0.0,0.0,0.0,-0.3142830708670285,0.0,0,-0.3142830708670285,-0.4376432253898243
ATLAS-SUSY-2018-32-eff,ATLAS,13.0,139.0,SRSF_1i_cuts,5.0,8.0,2.7,,,,2.0,,,-3.0,-1.111111111111111,0.0,0.0,0.0,-0.3142830708670285,0.0,0,-0.3142830708670285,-0.4376432253898243
ATLAS-SUSY-2018-33-eff,ATLAS,13.0,136.0,SR_MET,0.0,0.43,0.2262741699796952,,,,,,,-0.43,-1.9003494744388465,0.0,0.0,0.0,0.0,0.0,0,0.0,-0.14289181129338485
ATLAS-SUSY-2018-33-eff,ATLAS,13.0,136.0,SR_MU,1.0,1.88,0.3440930106817051,,,,,,,-0.8799999999999999,-2.5574480523640237,0.0,0.0,0.0,0.0,0.0,0,0.0,-0.14289181129338485
ATLAS-SUSY-2018-40-eff,ATLAS,13.0,139.0,MultiBin1,3.0,2.7,1.1,,,,,,,0.2999999999999998,0.27272727272727254,0.0,0.0,0.0,0.0,0.0,0,0.0,-0.14289181129338485
ATLAS-SUSY-2018-40-eff,ATLAS,13.0,139.0,MultiBin2,1.0,3.5,1.6,,,,,,,-2.5,-1.5625,0.0,0.0,0.0,0.0,0.0,0,0.0,-0.14289181129338485
ATLAS-SUSY-2018-40-eff,ATLAS,13.0,139.0,MultiBin3,3.0,1.5,0.6,,,,,,,1.5,2.5,0.0,0.0,0.0,0.0,0.0,0,0.0,-0.14289181129338485
ATLAS-SUSY-2018-40-eff,ATLAS,13.0,139.0,SingleBin,4.0,3.8,1.5,,,,,,,0.20000000000000018,0.13333333333333344,0.0,0.0,0.0,0.0,0.0,0,0.0,-0.14289181129338485
ATLAS-SUSY-2018-41-eff,ATLAS,13.0,139.0,SR-2B2Q-VZ,2.0,2.1994,0.55668,,,,,2.0,,-0.1993999999999998,-0.35819501329309444,0.0,0.0,0.0,0.0,2.32379000772445,0,2.32379000772445,2.036482308191888
ATLAS-SUSY-2018-41-eff,ATLAS,13.0,139.0,SR-2B2Q-Vh,1.0,2.4947,0.78334,,,,,2.0,,-1.4947,-1.9081114203283374,0.0,0.0,0.0,0.0,2.32379000772445,0,2.32379000772445,2.036482308191888
ATLAS-SUSY-2018-41-eff,ATLAS,13.0,139.0,SR-4Q-VV,3.0,3.8697,0.76969,,,,,,,-0.8696999999999999,-1.129935428549156,0.0,0.0,0.0,0.0,0.0,0,0.0,-0.14289181129338485
ATLAS-SUSY-2018-42-eff,ATLAS,13.0,139.0,SR1000_High_long,4.0,1.2,0.6,,,,,,long_lived high_multiplicity,2.8,4.666666666666667,0.0,0.0,0.0,0.0,0.0,2,2.0,1.7328147820225959
ATLAS-SUSY-2018-42-eff,ATLAS,13.0,139.0,SR1000_Low_long,11.0,8.6,0.8,,,,1000.0,,long_lived high_multiplicity,2.4000000000000004,3.0000000000000004,0.0,0.0,0.0,1.6322328963985508,0.0,2,3.632232896398551,3.2636097848235974
ATLAS-SUSY-2018-42-eff,ATLAS,13.0,139.0,SR1100_High_long,4.0,1.0,0.5,,,,,,long_lived high_multiplicity,3.0,6.0,0.0,0.0,0.0,0.0,0.0,2,2.0,1.7328147820225959
ATLAS-SUSY-2018-42-eff,ATLAS,13.0,139.0,SR1100_Low_long,10.0,7.1,0.7,,,,1100.0,,long_lived high_multiplicity,2.9000000000000004,4.142857142857143,0.0,0.0,0.0,1.8272745764852822,0.0,2,3.8272745764852822,3.4465302674786513
ATLAS-SUSY-2018-42-eff,ATLAS,13.0,139.0,SR1200_High_long,6.0,0.9,0.5,,,,,,long_lived high_multiplicity,5.1,10.2,0.0,0.0,0.0,0.0,0.0,2,2.0,1.7328147820225959
ATLAS-SUSY-2018-42-eff,ATLAS,13.0,139.0,SR1200_Low_long,10.0,6.7,1.3,,,,1200.0,,long_lived high_multiplicity,3.3,2.5384615384615383,0.0,0.0,0.0,2.022316256572014,0.0,2,4.022316256572013,3.629450750133705
ATLAS-SUSY-2018-42-eff,ATLAS,13.0,139.0,SR1300_High_long,6.0,0.8,0.4,,,,,,long_lived,5.2,13.0,0.0,0.0,0.0,0.0,0.0,1,1.0,0.7949614853646055
ATLAS-SUSY-2018-42-eff,ATLAS,13.0,139.0,SR1300_Low_long,9.0,6.1,1.2,,,,1300.0,,long_lived,2.9000000000000004,2.416666666666667,0.0,0.0,0.0,2.217357936658745,0.0,1,3.217357936658745,2.874517936130769
ATLAS-SUSY-2018-42-eff,ATLAS,13.0,139.0,SR1400_High_long,7.0,0.7,0.4,,,,,,long_lived,6.3,15.749999999999998,0.0,0.0,0.0,0.0,0.0,1,1.0,0.7949614853646055
ATLAS-SUSY-2018-42-eff,ATLAS,13.0,139.0,SR1400_Low_long,8.0,5.2,1.7,,,,1400.0,,long_lived,2.8,1.6470588235294117,0.0,0.0,0.0,2.4123996167454766,0.0,1,3.4123996167454766,3.0574384187858232
ATLAS-SUSY-2018-42-eff,ATLAS,13.0,139.0,SR1500_High_long,6.0,0.6,0.4,,,,,,long_lived,5.4,13.5,0.0,0.0,0.0,0.0,0.0,1,1.0,0.7949614853646055
ATLAS-SUSY-2018-42-eff,ATLAS,13.0,139.0,SR1500_Low_long,7.0,4.9,2.4,,,,1500.0,,long_lived,2.0999999999999996,0.8749999999999999,0.0,0.0,0.0,2.607441296832208,0.0,1,3.607441296832208,3.2403589014408776
ATLAS-SUSY-2018-42-eff,ATLAS,13.0,139.0,SR1600_High_long,5.0,0.54,0.35,,,,,,long_lived,4.46,12.742857142857144,0.0,0.0,0.0,0.0,0.0,1,1.0,0.7949614853646055
ATLAS-SUSY-2018-42-eff,ATLAS,13.0,139.0,SR1600_Low_long,5.0,4.2,3.4,,,,1600.0,,long_lived,0.7999999999999998,0.23529411764705876,0.0,0.0,0.0,2.8024829769189394,0.0,1,3.8024829769189394,3.423279384095932
ATLAS-SUSY-2018-42-eff,ATLAS,13.0,139.0,SR1800_High_long,4.0,0.44,0.32,,,,,,long_lived,3.56,11.125,0.0,0.0,0.0,0.0,0.0,1,1.0,0.7949614853646055
ATLAS-SUSY-2018-42-eff,ATLAS,13.0,139.0,SR1800_Low_long,4.0,3.0,4.0,,,,1800.0,,long_lived,1.0,0.25,0.0,0.0,0.0,3.1925663370924022,0.0,1,4.192566337092402,3.78912034940604
ATLAS-SUSY-2018-42-eff,ATLAS,13.0,139.0,SR2000_High_long,3.0,0.36,0.25,,,,,,long_lived,2.64,10.56,0.0,0.0,0.0,0.0,0.0,1,1.0,0.7949614853646055
ATLAS-SUSY-2018-42-eff,ATLAS,13.0,139.0,SR2000_Low_long,3.0,3.0,4.0,,,,2000.0,,long_lived,0.0,0.0,0.0,0.0,0.0,3.582649697265865,0.0,1,4.582649697265865,4.1549613147161475
ATLAS-SUSY-2018-42-eff,ATLAS,13.0,139.0,SR200_High_long,7.0,5.5,0.6,,,,,,long_lived,1.5,2.5,0.0,0.0,0.0,0.0,0.0,1,1.0,0.7949614853646055
ATLAS-SUSY-2018-42-eff,ATLAS,13.0,139.0,SR200_Low_long,54.0,63.0,4.0,,,,200.0,,long_lived,-9.0,-2.25,0.0,0.0,0.0,0.07189945570469963,0.0,1,1.0718994557046997,0.8623926269251733
ATLAS-SUSY-2018-42-eff,ATLAS,13.0,139.0,SR2200_High_long,3.0,0.33,0.28,,,,,,long_lived,2.67,9.535714285714285,0.0,0.0,0.0,0.0,0.0,1,1.0,0.7949614853646055
ATLAS-SUSY-2018-42-eff,ATLAS,13.0,139.0,SR2200_Low_long,4.0,2.0,5.0,,,,2200.0,,long_lived,2.0,0.4,0.0,0.0,0.0,3.972733057439328,0.0,1,4.972733057439328,4.520802280026257
ATLAS-SUSY-2018-42-eff,ATLAS,13.0,139.0,SR2400_High_long,3.0,0.29,0.28,,,,,,long_lived,2.71,9.678571428571427,0.0,0.0,0.0,0.0,0.0,1,1.0,0.7949614853646055
ATLAS-SUSY-2018-42-eff,ATLAS,13.0,139.0,SR2400_Low_long,3.0,2.0,4.0,,,,2400.0,,long_lived,1.0,0.25,0.0,0.0,0.0,4.36281641761279,0.0,1,5.36281641761279,4.886643245336365
ATLAS-SUSY-2018-42-eff,ATLAS,13.0,139.0,SR2600_High_long,3.0,0.25,0.31,,,,,,long_lived,2.75,8.870967741935484,0.0,0.0,0.0,0.0,0.0,1,1.0,0.7949614853646055
ATLAS-SUSY-2018-42-eff,ATLAS,13.0,139.0,SR2600_Low_long,1.0,2.0,4.0,,,,2600.0,,long_lived,-1.0,-0.25,0.0,0.0,0.0,4.752899777786253,0.0,1,5.752899777786253,5.2524842106464735
ATLAS-SUSY-2018-42-eff,ATLAS,13.0,139.0,SR2800_High_long,1.0,0.2,0.4,,,,,,long_lived,0.8,2.0,0.0,0.0,0.0,0.0,0.0,1,1.0,0.7949614853646055
ATLAS-SUSY-2018-42-eff,ATLAS,13.0,139.0,SR2800_Low_long,1.0,1.5,3.1,,,,2800.0,,long_lived,-0.5,-0.16129032258064516,0.0,0.0,0.0,5.142983137959716,0.0,1,6.142983137959716,5.618325175956581
ATLAS-SUSY-2018-42-eff,ATLAS,13.0,139.0,SR3000_High_long,1.0,0.2,0.4,,,,,,long_lived,0.8,2.0,0.0,0.0,0.0,0.0,0.0,1,1.0,0.7949614853646055
ATLAS-SUSY-2018-42-eff,ATLAS,13.0,139.0,SR3000_Low_long,1.0,1.4,3.1,,,,3000.0,,long_lived,-0.3999999999999999,-0.1290322580645161,0.0,0.0,0.0,5.533066498133179,0.0,1,6.533066498133179,5.98416614126669
ATLAS-SUSY-2018-42-eff,ATLAS,13.0,139.0,SR300_High_long,7.0,5.1,0.5,,,,,,long_lived,1.9000000000000004,3.8000000000000007,0.0,0.0,0.0,0.0,0.0,1,1.0,0.7949614853646055
ATLAS-SUSY-2018-42-eff,ATLAS,13.0,139.0,SR300_Low_long,35.0,40.9,2.7,,,,300.0,,long_lived,-5.899999999999999,-2.1851851851851847,0.0,0.0,0.0,0.26694113579143103,0.0,1,1.266941135791431,1.0453131095802275
ATLAS-SUSY-2018-42-eff,ATLAS,13.0,139.0,SR400_High_long,2.0,3.83,0.26,,,,,,long_lived,-1.83,-7.038461538461538,0.0,0.0,0.0,0.0,0.0,1,1.0,0.7949614853646055
ATLAS-SUSY-2018-42-eff,ATLAS,13.0,139.0,SR400_Low_long,33.0,29.2,2.2,,,,400.0,,long_lived,3.8000000000000007,1.7272727272727275,0.0,0.0,0.0,0.4619828158781624,0.0,1,1.4619828158781625,1.2282335922352816
ATLAS-SUSY-2018-42-eff,ATLAS,13.0,139.0,SR450_High_long,2.0,3.0,0.23,,,,,,long_lived,-1.0,-4.3478260869565215,0.0,0.0,0.0,0.0,0.0,1,1.0,0.7949614853646055
ATLAS-SUSY-2018-42-eff,ATLAS,13.0,139.0,SR450_Low_long,30.0,21.5,1.6,,,,450.0,,long_lived,8.5,5.3125,0.0,0.0,0.0,0.5595036559215281,0.0,1,1.559503655921528,1.3196938335628086
ATLAS-SUSY-2018-42-eff,ATLAS,13.0,139.0,SR500_High_long,1.0,2.73,0.22,,,,,,long_lived,-1.73,-7.863636363636363,0.0,0.0,0.0,0.0,0.0,1,1.0,0.7949614853646055
ATLAS-SUSY-2018-42-eff,ATLAS,13.0,139.0,SR500_Low_long,27.0,19.4,1.2,,,,500.0,,long_lived,7.600000000000001,6.333333333333335,0.0,0.0,0.0,0.6570244959648938,0.0,1,1.6570244959648939,1.4111540748903357
ATLAS-SUSY-2018-42-eff,ATLAS,13.0,139.0,SR550_High_long,2.0,3.06,0.32,,,,,,long_lived,-1.06,-3.3125,0.0,0.0,0.0,0.0,0.0,1,1.0,0.7949614853646055
ATLAS-SUSY-2018-42-eff,ATLAS,13.0,139.0,SR550_Low_long,29.0,21.8,1.5,,,,550.0,,long_lived,7.199999999999999,4.8,0.0,0.0,0.0,0.7545453360082595,0.0,1,1.7545453360082595,1.5026143162178627
ATLAS-SUSY-2018-42-eff,ATLAS,13.0,139.0,SR600_High_long,2.0,2.64,0.19,,,,,,long_lived,-0.6400000000000001,-3.3684210526315796,0.0,0.0,0.0,0.0,0.0,1,1.0,0.7949614853646055
ATLAS-SUSY-2018-42-eff,ATLAS,13.0,139.0,SR600_Low_long,24.0,18.4,1.3,,,,600.0,,long_lived,5.600000000000001,4.307692307692308,0.0,0.0,0.0,0.8520661760516252,0.0,1,1.852066176051625,1.5940745575453896
ATLAS-SUSY-2018-42-eff,ATLAS,13.0,139.0,SR650_High_long,2.0,2.07,0.17,,,,,,long_lived,-0.06999999999999984,-0.411764705882352,0.0,0.0,0.0,0.0,0.0,1,1.0,0.7949614853646055
ATLAS-SUSY-2018-42-eff,ATLAS,13.0,139.0,SR650_Low_long,19.0,15.0,1.0,,,,650.0,,long_lived,4.0,4.0,0.0,0.0,0.0,0.9495870160949909,0.0,1,1.9495870160949909,1.6855347988729168
ATLAS-SUSY-2018-42-eff,ATLAS,13.0,139.0,SR700_High_long,2.0,2.4,0.2,,,,,,long_lived,-0.3999999999999999,-1.9999999999999996,0.0,0.0,0.0,0.0,0.0,1,1.0,0.7949614853646055
ATLAS-SUSY-2018-42-eff,ATLAS,13.0,139.0,SR700_Low_long,21.0,16.6,1.2,,,,700.0,,long_lived,4.399999999999999,3.6666666666666656,0.0,0.0,0.0,1.0471078561383567,0.0,1,2.0471078561383567,1.776995040200444
ATLAS-SUSY-2018-42-eff,ATLAS,13.0,139.0,SR800_High_long,3.0,1.74,0.16,,,,,,long_lived high_multiplicity,1.26,7.875,0.0,0.0,0.0,0.0,0.0,2,2.0,1.7328147820225959
ATLAS-SUSY-2018-42-eff,ATLAS,13.0,139.0,SR800_Low_long,14.0,12.0,1.1,,,,800.0,,long_lived high_multiplicity,2.0,1.8181818181818181,0.0,0.0,0.0,1.242149536225088,0.0,2,3.242149536225088,2.8977688195134883
ATLAS-SUSY-2018-42-eff,ATLAS,13.0,139.0,SR900_High_long,3.0,1.5,0.4,,,,,,long_lived high_multiplicity,1.5,3.75,0.0,0.0,0.0,0.0,0.0,2,2.0,1.7328147820225959
ATLAS-SUSY-2018-42-eff,ATLAS,13.0,139.0,SR900_Low_long,13.0,10.4,0.9,,,,900.0,,long_lived high_multiplicity,2.5999999999999996,2.8888888888888884,0.0,0.0,0.0,1.4371912163118195,0.0,2,3.4371912163118195,3.0806893021685426
ATLAS-SUSY-2019-02-eff,ATLAS,13.0,139.0,DF_8125_815,41.0,38.7,12.69,,,,2.0,,,2.299999999999997,0.18124507486209593,0.0,0.0,0.0,-0.3142830708670285,0.0,0,-0.3142830708670285,-0.4376432253898243
ATLAS-SUSY-2019-02-eff,ATLAS,13.0,139.0,DF_815_8175,32.0,27.57,9.01,,,,2.0,,,4.43,0.49167591564927854,0.0,0.0,0.0,-0.3142830708670285,0.0,0,-0.3142830708670285,-0.4376432253898243
ATLAS-SUSY-2019-02-eff,ATLAS,13.0,139.0,DF_8175_82,35.0,28.65,7.99,,,,2.0,,,6.350000000000001,0.7947434292866085,0.0,0.0,0.0,-0.3142830708670285,0.0,0,-0.3142830708670285,-0.4376432253898243
ATLAS-SUSY-2019-02-eff,ATLAS,13.0,139.0,DF_81_1,477.0,470.0,50.0,,,,2.0,,,7.0,0.14,0.0,0.0,0.0,-0.3142830708670285,0.0,0,-0.3142830708670285,-0.4376432253898243
ATLAS-SUSY-2019-02-eff,ATLAS,13.0,139.0,DF_81_1_SF_77_1,620.0,630.0,70.0,,,,2.0,,,-10.0,-0.14285714285714285,0.0,0.0,0.0,-0.3142830708670285,0.0,0,-0.3142830708670285,-0.4376432253898243
ATLAS-SUSY-2019-02-eff,ATLAS,13.0,139.0,DF_81_8125,29.0,31.9,5.22,,,,2.0,,,-2.8999999999999986,-0.5555555555555554,0.0,0.0,0.0,-0.3142830708670285,0.0,0,-0.3142830708670285,-0.4376432253898243
ATLAS-SUSY-2019-02-eff,ATLAS,13.0,139.0,DF_8225_825,31.0,24.52,5.17,,,,2.0,,,6.48,1.253384912959381,0.0,0.0,0.0,-0.3142830708670285,0.0,0,-0.3142830708670285,-0.4376432253898243
ATLAS-SUSY-2019-02-eff,ATLAS,13.0,139.0,DF_825_8275,30.0,29.41,5.56,,,,2.0,,,0.5899999999999999,0.10611510791366904,0.0,0.0,0.0,-0.3142830708670285,0.0,0,-0.3142830708670285,-0.4376432253898243
ATLAS-SUSY-2019-02-eff,ATLAS,13.0,139.0,DF_8275_83,30.0,28.23,5.29,,,,2.0,,,1.7699999999999996,0.3345935727788279,0.0,0.0,0.0,-0.3142830708670285,0.0,0,-0.3142830708670285,-0.4376432253898243
ATLAS-SUSY-2019-02-eff,ATLAS,13.0,139.0,DF_82_1,340.0,350.0,40.0,,,,2.0,,,-10.0,-0.25,0.0,0.0,0.0,-0.3142830708670285,0.0,0,-0.3142830708670285,-0.4376432253898243
ATLAS-SUSY-2019-02-eff,ATLAS,13.0,139.0,DF_82_8225,27.0,36.58,7.31,,,,2.0,,,-9.579999999999998,-1.310533515731874,0.0,0.0,0.0,-0.3142830708670285,0.0,0,-0.3142830708670285,-0.4376432253898243
ATLAS-SUSY-2019-02-eff,ATLAS,13.0,139.0,DF_8325_835,29.0,23.2,8.69,,,,2.0,,,5.800000000000001,0.6674338319907941,0.0,0.0,0.0,-0.3142830708670285,0.0,0,-0.3142830708670285,-0.4376432253898243
ATLAS-SUSY-2019-02-eff,ATLAS,13.0,139.0,DF_835_8375,19.0,26.13,7.8,,,,2.0,,,-7.129999999999999,-0.914102564102564,0.0,0.0,0.0,-0.3142830708670285,0.0,0,-0.3142830708670285,-0.4376432253898243
ATLAS-SUSY-2019-02-eff,ATLAS,13.0,139.0,DF_8375_84,20.0,26.33,5.95,,,,2.0,,,-6.329999999999998,-1.0638655462184872,0.0,0.0,0.0,-0.3142830708670285,0.0,0,-0.3142830708670285,-0.4376432253898243
ATLAS-SUSY-2019-02-eff,ATLAS,13.0,139.0,DF_83_1,222.0,231.0,26.0,,,,2.0,,,-9.0,-0.34615384615384615,0.0,0.0,0.0,-0.3142830708670285,0.0,0,-0.3142830708670285,-0.4376432253898243
ATLAS-SUSY-2019-02-eff,ATLAS,13.0,139.0,DF_83_8325,24.0,29.78,11.44,,,,2.0,,,-5.780000000000001,-0.5052447552447553,0.0,0.0,0.0,-0.3142830708670285,0.0,0,-0.3142830708670285,-0.4376432253898243
ATLAS-SUSY-2019-02-eff,ATLAS,13.0,139.0,DF_845_85,27.0,30.4,8.7,,,,2.0,,,-3.3999999999999986,-0.3908045977011493,0.0,0.0,0.0,-0.3142830708670285,0.0,0,-0.3142830708670285,-0.4376432253898243
ATLAS-SUSY-2019-02-eff,ATLAS,13.0,139.0,DF_84_1,130.0,126.0,15.0,,,,2.0,,,4.0,0.26666666666666666,0.0,0.0,0.0,-0.3142830708670285,0.0,0,-0.3142830708670285,-0.4376432253898243
ATLAS-SUSY-2019-02-eff,ATLAS,13.0,139.0,DF_84_845,34.0,30.55,8.15,,,,2.0,,,3.4499999999999993,0.4233128834355827,0.0,0.0,0.0,-0.3142830708670285,0.0,0,-0.3142830708670285,-0.4376432253898243
ATLAS-SUSY-2019-02-eff,ATLAS,13.0,139.0,DF_85_1,69.0,65.0,10.0,,,,2.0,,,4.0,0.4,0.0,0.0,0.0,-0.3142830708670285,0.0,0,-0.3142830708670285,-0.4376432253898243
ATLAS-SUSY-2019-02-eff,ATLAS,13.0,139.0,DF_85_86,34.0,37.23,7.65,,,,2.0,,,-3.229999999999997,-0.4222222222222218,0.0,0.0,0.0,-0.3142830708670285,0.0,0,-0.3142830708670285,-0.4376432253898243
ATLAS-SUSY-2019-02-eff,ATLAS,13.0,139.0,DF_86_1,35.0,27.57,7.19,,,,2.0,,,7.43,1.0333796940194715,0.0,0.0,0.0,-0.3142830708670285,0.0,0,-0.3142830708670285,-0.4376432253898243
ATLAS-SUSY-2019-02-eff,ATLAS,13.0,139.0,SF_775_78,23.0,28.75,5.63,,,,2.0,,,-5.75,-1.0213143872113677,0.0,0.0,0.0,-0.3142830708670285,0.0,0,-0.3142830708670285,-0.4376432253898243
ATLAS-SUSY-2019-02-eff,ATLAS,13.0,139.0,SF_77_1,143.0,167.0,32.0,,,,2.0,,,-24.0,-0.75,0.0,0.0,0.0,-0.3142830708670285,0.0,0,-0.3142830708670285,-0.4376432253898243
ATLAS-SUSY-2019-02-eff,ATLAS,13.0,139.0,SF_77_775,34.0,32.34,9.3,,,,2.0,,,1.6599999999999966,0.1784946236559136,0.0,0.0,0.0,-0.3142830708670285,0.0,0,-0.3142830708670285,-0.4376432253898243
ATLAS-SUSY-2019-02-eff,ATLAS,13.0,139.0,SF_785_79,19.0,20.58,6.13,,,,2.0,,,-1.5799999999999983,-0.257748776508972,0.0,0.0,0.0,-0.3142830708670285,0.0,0,-0.3142830708670285,-0.4376432253898243
ATLAS-SUSY-2019-02-eff,ATLAS,13.0,139.0,SF_78_1,86.0,108.0,23.0,,,,2.0,,,-22.0,-0.9565217391304348,0.0,0.0,0.0,-0.3142830708670285,0.0,0,-0.3142830708670285,-0.4376432253898243
ATLAS-SUSY-2019-02-eff,ATLAS,13.0,139.0,SF_78_785,20.0,29.24,7.85,,,,2.0,,,-9.239999999999998,-1.1770700636942675,0.0,0.0,0.0,-0.3142830708670285,0.0,0,-0.3142830708670285,-0.4376432253898243
ATLAS-SUSY-2019-02-eff,ATLAS,13.0,139.0,SF_795_80,10.0,15.13,3.26,,,,2.0,,,-5.130000000000001,-1.5736196319018407,0.0,0.0,0.0,-0.3142830708670285,0.0,0,-0.3142830708670285,-0.4376432253898243
ATLAS-SUSY-2019-02-eff,ATLAS,13.0,139.0,SF_79_1,47.0,58.0,15.0,,,,2.0,,,-11.0,-0.7333333333333333,0.0,0.0,0.0,-0.3142830708670285,0.0,0,-0.3142830708670285,-0.4376432253898243
ATLAS-SUSY-2019-02-eff,ATLAS,13.0,139.0,SF_79_795,15.0,16.41,7.36,,,,2.0,,,-1.4100000000000001,-0.19157608695652176,0.0,0.0,0.0,-0.3142830708670285,0.0,0,-0.3142830708670285,-0.4376432253898243
ATLAS-SUSY-2019-02-eff,ATLAS,13.0,139.0,SF_80_1,22.0,28.0,8.0,,,,2.0,,,-6.0,-0.75,0.0,0.0,0.0,-0.3142830708670285,0.0,0,-0.3142830708670285,-0.4376432253898243
