event_id,source_file,source_entry,extraction_mode,full_boundary_features_available,jet_only_features_available,MET_pt,MET_phi,N_jets,N_jets_30,N_jets_50,HT,leading_jet_pt,subleading_jet_pt,leading_jet_eta,jet_mass_sum_30,N_leptons,N_muons,N_electrons,N_btags_loose,N_btags_medium,N_btags_tight,N_b_hadron_flavour_proxy,N_PF_candidates,event_weight,missing_MET,missing_leptons,missing_btags,MET_fraction,N_objects,Visible_HT,Nb_missing,S_event_proxy,high_MET,high_multiplicity,R_reconstruction,B_event_jetonly,B_event_jetonly_z,B_event,B_event_z,B_event_status,isolation_score,lof_score,robust_mahalanobis,boundary_outlier_score
53670,4BF81994-E99D-2D45-8C35-E5B7BDC8BB89.root,7357,uproot_edm_partial_jets,0,1,,,3,3,3,3009.7338256835938,2785.292724609375,131.51235961914062,-0.3176283538341522,347.42610692977905,,,,,,,0,,1.0,1,1,1,,3.0,3009.7338256835938,1,1.3862943611198906,0,0,0.35268570320841036,3.0328595210433744,0.8682713200492642,2.270504323374606,0.8840528555491963,partial_jet_level_real_miniaod,0.6647647314282199,1,5609.3325753477875,2.867813648373675
71377,4BF81994-E99D-2D45-8C35-E5B7BDC8BB89.root,25064,uproot_edm_partial_jets,0,1,,,3,3,3,2161.735595703125,932.4010620117188,644.5232543945312,0.18457522988319397,231.70994567871094,,,,,,,0,,1.0,1,1,1,,3.0,2161.735595703125,1,1.3862943611198906,0,0,0.35268570320841036,2.6124487980627915,0.747912770346429,1.8500936003940232,0.7203600158887602,partial_jet_level_real_miniaod,0.6631488422528836,-1,3171.4183531777658,2.8381191727154005
72646,4BF81994-E99D-2D45-8C35-E5B7BDC8BB89.root,26333,uproot_edm_partial_jets,0,1,,,3,3,3,2071.5250244140625,893.6264038085938,657.3189086914062,-1.5969289541244507,266.86505126953125,,,,,,,0,,1.0,1,1,1,,3.0,2071.5250244140625,1,1.3862943611198906,0,0,0.35268570320841036,2.567725247758919,0.735108954083197,1.805370050090151,0.7029462713081414,partial_jet_level_real_miniaod,0.6626339041410675,-1,2876.4693737273105,2.8379141737783584
86029,9C668317-D15E-6349-802E-07E191108980.root,5450,uproot_edm_partial_jets,0,1,,,3,3,3,1864.3274154663086,983.4896850585938,814.5849609375,0.1472773551940918,88.1711368560791,,,,,,,0,,1.0,1,1,1,,3.0,1864.3274154663086,1,1.3862943611198906,0,0,0.35268570320841036,2.4650032213466946,0.7057008694514387,1.7026480236779262,0.6629500027070953,partial_jet_level_real_miniaod,0.6590987841288553,-1,1448.0377872327454,2.8367525131351172
113117,A070E244-088C-F241-BAF7-17B1707FD096.root,15465,uproot_edm_partial_jets,0,1,,,3,3,3,1658.026107788086,1155.5870361328125,316.6932373046875,1.2671822309494019,141.02498245239258,,,,,,,0,,1.0,1,1,1,,3.0,1658.026107788086,1,1.3862943611198906,0,0,0.35268570320841036,2.3627255527779303,0.6764199991428755,1.600370355109162,0.6231267510945449,partial_jet_level_real_miniaod,0.6574937194205169,-1,705.1321759990195,2.83581862908859
38507,154D5639-79E6-914A-B36C-2EE986A9A5E0.root,14738,uproot_edm_partial_jets,0,1,,,3,3,3,1657.8250732421875,876.7056274414062,414.8084411621094,0.9317535161972046,138.13047409057617,,,,,,,0,,1.0,1,1,1,,3.0,1657.8250732421875,1,1.3862943611198906,0,0,0.35268570320841036,2.3626258862034053,0.6763914657974874,1.6002706885346374,0.6230879445091955,partial_jet_level_real_miniaod,0.6566046186040184,-1,1079.2328765170505,2.835556686002369
8039,0438B51F-9A50-8642-9963-CDB942DD12D9.root,8039,uproot_edm_partial_jets,0,1,,,3,3,3,1453.111011505127,1131.5587158203125,266.58258056640625,0.43361982703208923,180.77833557128906,,,,,,,0,,1.0,1,1,1,,3.0,1453.111011505127,1,1.3862943611198906,0,0,0.35268570320841036,2.261135124010244,0.6473358773500719,1.4987799263414763,0.5835710859835201,partial_jet_level_real_miniaod,0.6569959282798915,-1,629.1777223389128,2.8354845567467426
118558,A070E244-088C-F241-BAF7-17B1707FD096.root,20906,uproot_edm_partial_jets,0,1,,,3,3,3,1605.7738800048828,832.8237915039062,581.5581665039062,0.9844492673873901,125.50396347045898,,,,,,,0,,1.0,1,1,1,,3.0,1605.7738800048828,1,1.3862943611198906,0,0,0.35268570320841036,2.3368205495797647,0.6690037073012364,1.5744653519109968,0.6130402730312434,partial_jet_level_real_miniaod,0.6563825313217602,-1,1044.9466023520831,2.8354617790870713
122344,ED10716D-8AF9-DA43-A815-110D277A790B.root,2120,uproot_edm_partial_jets,0,1,,,3,3,3,1629.460304260254,928.67236328125,638.2800903320312,0.09045679122209549,190.74093437194824,,,,,,,0,,1.0,1,1,1,,3.0,1629.460304260254,1,1.3862943611198906,0,0,0.35268570320841036,2.348563530159164,0.6723655818550174,1.5862083324903957,0.6176125680086195,partial_jet_level_real_miniaod,0.6566046186040184,-1,865.1460311218143,2.8354503902572357
88112,9C668317-D15E-6349-802E-07E191108980.root,7533,uproot_edm_partial_jets,0,1,,,3,3,3,1579.603172302246,824.7435913085938,676.1140747070312,0.10815645009279251,99.98025703430176,,,,,,,0,,1.0,1,1,1,,3.0,1579.603172302246,1,1.3862943611198906,0,0,0.35268570320841036,2.323845939778477,0.6652892320671799,1.5614907421097093,0.6079884258595029,partial_jet_level_real_miniaod,0.6563825313217602,-1,986.6790601678234,2.835408631214505
94670,9C668317-D15E-6349-802E-07E191108980.root,14091,uproot_edm_partial_jets,0,1,,,3,3,3,1561.6306610107422,809.3035278320312,533.7255249023438,0.8679136633872986,120.82550621032715,,,,,,,0,,1.0,1,1,1,,3.0,1561.6306610107422,1,1.3862943611198906,0,0,0.35268570320841036,2.3149357366687235,0.6627383477409085,1.5525805389999552,0.6045191127110505,partial_jet_level_real_miniaod,0.6563825313217602,-1,976.4017506105176,2.8353782610016096
2736,0438B51F-9A50-8642-9963-CDB942DD12D9.root,2736,uproot_edm_partial_jets,0,1,,,3,3,3,1579.7698135375977,916.9763793945312,587.7371826171875,0.11888853460550308,143.5953197479248,,,,,,,0,,1.0,1,1,1,,3.0,1579.7698135375977,1,1.3862943611198906,0,0,0.35268570320841036,2.323928555236571,0.6653128838823589,1.561573357567803,0.6080205933523759,partial_jet_level_real_miniaod,0.6563825313217602,-1,767.0685699920216,2.835302335469372
13545,0438B51F-9A50-8642-9963-CDB942DD12D9.root,13545,uproot_edm_partial_jets,0,1,,,3,3,3,1610.2608795166016,1012.9246215820312,486.30926513671875,0.03299294784665108,93.37539291381836,,,,,,,0,,1.0,1,1,1,,3.0,1610.2608795166016,1,1.3862943611198906,0,0,0.35268570320841036,2.339045062134206,0.6696405585759853,1.5766898644654375,0.613906418343416,partial_jet_level_real_miniaod,0.6563825313217602,-1,693.0664851473066,2.835249187596805
106662,A070E244-088C-F241-BAF7-17B1707FD096.root,9010,uproot_edm_partial_jets,0,1,,,3,3,3,1529.5993118286133,1165.205322265625,293.6716613769531,0.5960403680801392,120.81415367126465,,,,,,,0,,1.0,1,1,1,,3.0,1529.5993118286133,1,1.3862943611198906,0,0,0.35268570320841036,2.2990556060368323,0.6581920567272174,1.536700408368064,0.5983359600576559,partial_jet_level_real_miniaod,0.656478934775007,-1,665.7890909091859,2.8351732620645667
105656,A070E244-088C-F241-BAF7-17B1707FD096.root,8004,uproot_edm_partial_jets,0,1,,,3,3,3,1567.1592025756836,762.5244140625,698.5220336914062,0.09583161771297455,114.87149047851562,,,,,,,0,,1.0,1,1,1,,3.0,1567.1592025756836,1,1.3862943611198906,0,0,0.35268570320841036,2.3176766128571074,0.6635230277333931,1.5553214151883394,0.6055863114809901,partial_jet_level_real_miniaod,0.655051584215174,-1,1146.8207602794848,2.8347632641904816
75072,4BF81994-E99D-2D45-8C35-E5B7BDC8BB89.root,28759,uproot_edm_partial_jets,0,1,,,3,3,3,1514.982006072998,898.0289916992188,565.5449829101562,1.7177362442016602,116.75680351257324,,,,,,,0,,1.0,1,1,1,,3.0,1514.982006072998,1,1.3862943611198906,0,0,0.35268570320841036,2.2918088077965955,0.6561173852725973,1.529453610127827,0.5955143170368012,partial_jet_level_real_miniaod,0.6555912062086612,-1,657.8876687883363,2.8346417833389013
96869,9C668317-D15E-6349-802E-07E191108980.root,16290,uproot_edm_partial_jets,0,1,,,3,3,3,1537.500473022461,980.625,384.1642150878906,-0.014956318773329258,157.2524242401123,,,,,,,0,,1.0,1,1,1,,3.0,1537.500473022461,1,1.3862943611198906,0,0,0.35268570320841036,2.3029727520548944,0.6593134886696893,1.540617554386126,0.5998611560624466,partial_jet_level_real_miniaod,0.6555912062086612,-1,603.8714961272333,2.8345886354663348
42652,154D5639-79E6-914A-B36C-2EE986A9A5E0.root,18883,uproot_edm_partial_jets,0,1,,,3,3,3,1516.7860374450684,943.5530395507812,517.3672485351562,0.4629676640033722,182.057692527771,,,,,,,0,,1.0,1,1,1,,3.0,1516.7860374450684,1,1.3862943611198906,0,0,0.35268570320841036,2.2927031895377334,0.65637343604238,1.530347991868965,0.5958625571718514,partial_jet_level_real_miniaod,0.6555912062086612,-1,603.5473503411231,2.8345582652534396
105535,A070E244-088C-F241-BAF7-17B1707FD096.root,7883,uproot_edm_partial_jets,0,1,,,3,3,3,1426.1869506835938,751.3240966796875,395.5048828125,0.805480420589447,145.00430297851562,,,,,,,0,,1.0,1,1,1,,3.0,1426.1869506835938,1,1.3862943611198906,0,0,0.35268570320841036,2.2477870255409647,0.6435144767881094,1.4854318278721967,0.5783738157354813,partial_jet_level_real_miniaod,0.6545556420249393,-1,744.2116527067989,2.834273544507547
69074,4BF81994-E99D-2D45-8C35-E5B7BDC8BB89.root,22761,uproot_edm_partial_jets,0,1,,,3,3,3,1394.6333618164062,936.298828125,365.1202392578125,0.8215802311897278,123.57666301727295,,,,,,,0,,1.0,1,1,1,,3.0,1394.6333618164062,1,1.3862943611198906,0,0,0.35268570320841036,2.2321437533744746,0.6390359955133764,1.4697885557057067,0.5722828872635354,partial_jet_level_real_miniaod,0.6558855814661156,-1,451.0153996127882,2.834114100889847
101112,A070E244-088C-F241-BAF7-17B1707FD096.root,3460,uproot_edm_partial_jets,0,1,,,3,3,3,1391.0146026611328,938.2892456054688,356.58026123046875,0.6101386547088623,73.83661556243896,,,,,,,0,,1.0,1,1,1,,3.0,1391.0146026611328,1,1.3862943611198906,0,0,0.35268570320841036,2.2303496869496,0.6385223758049218,1.4679944892808319,0.5715843422180019,partial_jet_level_real_miniaod,0.6558855814661156,-1,447.87015920006496,2.834091323230176
112299,A070E244-088C-F241-BAF7-17B1707FD096.root,14647,uproot_edm_partial_jets,0,1,,,3,3,3,1368.4974822998047,794.0762329101562,426.28875732421875,0.025644294917583466,127.35823631286621,,,,,,,0,,1.0,1,1,1,,3.0,1368.4974822998047,1,1.3862943611198906,0,0,0.35268570320841036,2.2191864102871417,0.6353264635325152,1.4568312126183738,0.5672377631302054,partial_jet_level_real_miniaod,0.6543342477802062,-1,526.7290288706181,2.8338066024842834
101143,A070E244-088C-F241-BAF7-17B1707FD096.root,3491,uproot_edm_partial_jets,0,1,,,3,3,3,1383.1728401184082,856.8389282226562,464.8136291503906,0.5209032297134399,202.3587293624878,,,,,,,0,,1.0,1,1,1,,3.0,1383.1728401184082,1,1.3862943611198906,0,0,0.35268570320841036,2.2264619889055783,0.6374093744643671,1.46410679123681,0.5700706121969015,partial_jet_level_real_miniaod,0.6545556420249393,-1,475.9209019529185,2.833681325356091
30469,154D5639-79E6-914A-B36C-2EE986A9A5E0.root,6700,uproot_edm_partial_jets,0,1,,,3,3,3,1335.0351791381836,807.6080932617188,452.9996643066406,-1.6246368885040283,149.5649700164795,,,,,,,0,,1.0,1,1,1,,3.0,1335.0351791381836,1,1.3862943611198906,0,0,0.35268570320841036,2.2025968578949198,0.6305770735740691,1.4402416602261519,0.5607783871168495,partial_jet_level_real_miniaod,0.6536705142456489,-1,451.05673266202183,2.8331612354602607
118828,A070E244-088C-F241-BAF7-17B1707FD096.root,21176,uproot_edm_partial_jets,0,1,,,3,3,3,1504.1790466308594,704.2936401367188,535.8192138671875,0.8996460437774658,150.71755409240723,,,,,,,0,,1.0,1,1,1,,3.0,1504.1790466308594,1,1.3862943611198906,0,0,0.35268570320841036,2.2864530419130933,0.654584093710203,1.5240978442443254,0.5934289741135491,partial_jet_level_real_miniaod,0.6518317325796532,-1,1133.666084851009,2.832887903544204
79705,4BF81994-E99D-2D45-8C35-E5B7BDC8BB89.root,33392,uproot_edm_partial_jets,0,1,,,3,3,3,1341.9367065429688,727.9382934570312,321.7279968261719,-0.022972872480750084,168.63036346435547,,,,,,,0,,1.0,1,1,1,,3.0,1341.9367065429688,1,1.3862943611198906,0,0,0.35268570320841036,2.206018417071975,0.6315566249455308,1.4436632194032066,0.5621106194010013,partial_jet_level_real_miniaod,0.6521244197485443,-1,589.1897810563205,2.832508275883014
98593,A070E244-088C-F241-BAF7-17B1707FD096.root,941,uproot_edm_partial_jets,0,1,,,3,3,2,1580.4546813964844,1044.7369384765625,493.0467224121094,-1.7925548553466797,156.8207540512085,,,,,,,0,,1.0,1,1,1,,3.0,1580.4546813964844,1,1.3862943611198906,0,0,0.35268570320841036,1.588131621054802,0.4546630430646677,1.5619128934082345,0.6081527964167808,partial_jet_level_real_miniaod,0.6508618262260599,-1,695.4170338906921,2.832159018434719
3248,0438B51F-9A50-8642-9963-CDB942DD12D9.root,3248,uproot_edm_partial_jets,0,1,,,3,3,3,1328.7155456542969,769.9518432617188,424.0439758300781,1.3294042348861694,133.49368286132812,,,,,,,0,,1.0,1,1,1,,3.0,1328.7155456542969,1,1.3862943611198906,0,0,0.35268570320841036,2.1994637833341457,0.6296801118896189,1.4371085856653778,0.5595584803835365,partial_jet_level_real_miniaod,0.6516833505179466,-1,487.96152333348823,2.8320375375831386
3384,0438B51F-9A50-8642-9963-CDB942DD12D9.root,3384,uproot_edm_partial_jets,0,1,,,3,3,3,1298.4182968139648,793.7470092773438,437.33721923828125,0.8661700487136841,122.27322387695312,,,,,,,0,,1.0,1,1,1,,3.0,1298.4182968139648,1,1.3862943611198906,0,0,0.35268570320841036,2.1844433648486263,0.6253799461563813,1.422088167179858,0.553710068769886,partial_jet_level_real_miniaod,0.652565787501524,-1,409.93437618105384,2.8319957785404077
18284,0438B51F-9A50-8642-9963-CDB942DD12D9.root,18284,uproot_edm_partial_jets,0,1,,,3,3,3,1300.0285263061523,842.1232299804688,392.0319519042969,1.0071073770523071,107.93550109863281,,,,,,,0,,1.0,1,1,1,,3.0,1300.0285263061523,1,1.3862943611198906,0,0,0.35268570320841036,2.1852416657424745,0.625608490131494,1.4228864680737066,0.5540208984730179,partial_jet_level_real_miniaod,0.6527865833870409,-1,380.5201618392377,2.831794575879977
57514,4BF81994-E99D-2D45-8C35-E5B7BDC8BB89.root,11201,uproot_edm_partial_jets,0,1,,,3,3,2,1452.821002960205,958.7818603515625,458.17254638671875,1.2874802350997925,156.23719835281372,,,,,,,0,,1.0,1,1,1,,3.0,1452.821002960205,1,1.3862943611198906,0,0,0.35268570320841036,1.524854876916665,0.43654766984014765,1.498636149270097,0.5835151043545901,partial_jet_level_real_miniaod,0.6505891087390651,-1,565.5059502055681,2.831673095028396
71909,4BF81994-E99D-2D45-8C35-E5B7BDC8BB89.root,25596,uproot_edm_partial_jets,0,1,,,3,3,3,1253.374038696289,955.7626342773438,204.5937042236328,1.6548322439193726,92.54664421081543,,,,,,,0,,1.0,1,1,1,,3.0,1253.374038696289,1,1.3862943611198906,0,0,0.35268570320841036,2.1621118452158408,0.6189866998171659,1.3997566475470729,0.545014976892336,partial_jet_level_real_miniaod,0.6516962652604545,-1,416.9580042059281,2.831566799283263
105996,A070E244-088C-F241-BAF7-17B1707FD096.root,8344,uproot_edm_partial_jets,0,1,,,3,3,3,1303.6711883544922,763.4032592773438,417.67559814453125,-1.6510961055755615,126.58475112915039,,,,,,,0,,1.0,1,1,1,,3.0,1303.6711883544922,1,1.3862943611198906,0,0,0.35268570320841036,2.187047582466324,0.6261255024384723,1.4246923847975559,0.5547240575994583,partial_jet_level_real_miniaod,0.6514629277854395,-1,452.4087972230079,2.831525040240532
120958,ED10716D-8AF9-DA43-A815-110D277A790B.root,734,uproot_edm_partial_jets,0,1,,,3,3,3,1257.5898742675781,794.0905151367188,395.47088623046875,-1.207181453704834,109.25887203216553,,,,,,,0,,1.0,1,1,1,,3.0,1257.5898742675781,1,1.3862943611198906,0,0,0.35268570320841036,2.1642019232582603,0.6195850641028527,1.4018467255894924,0.5458287782327252,partial_jet_level_real_miniaod,0.652565787501524,-1,356.9515946203479,2.831411151942175
8583,0438B51F-9A50-8642-9963-CDB942DD12D9.root,8583,uproot_edm_partial_jets,0,1,,,3,3,2,1532.8959884643555,917.6442260742188,579.0742797851562,0.31852957606315613,102.09014701843262,,,,,,,0,,1.0,1,1,1,,3.0,1532.8959884643555,1,1.3862943611198906,0,0,0.35268570320841036,1.5645535241051558,0.4479129165847983,1.5383347964585883,0.5989723320934317,partial_jet_level_real_miniaod,0.6498572773336616,-1,752.5958169677074,2.8313542077929967
68823,4BF81994-E99D-2D45-8C35-E5B7BDC8BB89.root,22510,uproot_edm_partial_jets,0,1,,,3,3,3,1280.2432861328125,761.9335327148438,379.0583801269531,0.5706972479820251,101.01903915405273,,,,,,,0,,1.0,1,1,1,,3.0,1280.2432861328125,1,1.3862943611198906,0,0,0.35268570320841036,2.1754327689411097,0.6228003205757152,1.4130775712723418,0.5502016662708323,partial_jet_level_real_miniaod,0.6514629277854395,-1,415.6576138742509,2.8312441157712516
32493,154D5639-79E6-914A-B36C-2EE986A9A5E0.root,8724,uproot_edm_partial_jets,0,1,,,3,3,3,1269.7627410888672,770.3956298828125,259.54534912109375,1.619228482246399,129.16926956176758,,,,,,,0,,1.0,1,1,1,,3.0,1269.7627410888672,1,1.3862943611198906,0,0,0.35268570320841036,2.170236845926911,0.6213127901104529,1.4078816482581429,0.5481785604213403,partial_jet_level_real_miniaod,0.6514629277854395,-1,390.9599520885711,2.8310239317277612
99403,A070E244-088C-F241-BAF7-17B1707FD096.root,1751,uproot_edm_partial_jets,0,1,,,3,3,3,1322.7731552124023,722.8965454101562,501.9963684082031,0.4008285701274872,205.00423049926758,,,,,,,0,,1.0,1,1,1,,3.0,1322.7731552124023,1,1.3862943611198906,0,0,0.35268570320841036,2.1965177339515107,0.6288366932714328,1.4341625362827424,0.5584113945389975,partial_jet_level_real_miniaod,0.6497022277842843,-1,556.3865487587165,2.8308682843866735
129402,ED10716D-8AF9-DA43-A815-110D277A790B.root,9178,uproot_edm_partial_jets,0,1,,,3,3,3,1264.2135620117188,779.2730102539062,335.0827331542969,0.6474953293800354,154.89544677734375,,,,,,,0,,1.0,1,1,1,,3.0,1264.2135620117188,1,1.3862943611198906,0,0,0.35268570320841036,2.1674857383121857,0.6205251809832708,1.4051305406434176,0.5471073779013677,partial_jet_level_real_miniaod,0.6514629277854395,-1,375.4182529497952,2.8308265253439426
28310,154D5639-79E6-914A-B36C-2EE986A9A5E0.root,4541,uproot_edm_partial_jets,0,1,,,3,3,2,1374.134922027588,860.201171875,477.3042907714844,0.9550772905349731,158.11895751953125,,,,,,,0,,1.0,1,1,1,,3.0,1374.134922027588,1,1.3862943611198906,0,0,0.35268570320841036,1.4858448047209336,0.42537955386062737,1.459626077074366,0.5683259829929717,partial_jet_level_real_miniaod,0.6496964693667117,-1,526.6812561231432,2.830822729067331
118510,A070E244-088C-F241-BAF7-17B1707FD096.root,20858,uproot_edm_partial_jets,0,1,,,3,3,3,1268.3813171386719,693.220703125,446.2294921875,1.562178373336792,148.7854518890381,,,,,,,0,,1.0,1,1,1,,3.0,1268.3813171386719,1,1.3862943611198906,0,0,0.35268570320841036,2.169551979589799,0.6211167210889715,1.4071967819210305,0.547911898061458,partial_jet_level_real_miniaod,0.6490431928070995,-1,496.9292599148851,2.830257083852158
53766,4BF81994-E99D-2D45-8C35-E5B7BDC8BB89.root,7453,uproot_edm_partial_jets,0,1,,,3,3,3,1253.0755462646484,751.35205078125,450.37066650390625,1.1590956449508667,103.76842927932739,,,,,,,0,,1.0,1,1,1,,3.0,1253.0755462646484,1,1.3862943611198906,0,0,0.35268570320841036,2.1619638621015445,0.6189443340257063,1.3996086644327765,0.5449573575813222,partial_jet_level_real_miniaod,0.6501548403567083,-1,385.67194919470177,2.8301621769368603
11479,0438B51F-9A50-8642-9963-CDB942DD12D9.root,11479,uproot_edm_partial_jets,0,1,,,3,3,3,1264.067726135254,714.5590209960938,445.0466003417969,1.6674433946609497,97.98466491699219,,,,,,,0,,1.0,1,1,1,,3.0,1264.067726135254,1,1.3862943611198906,0,0,0.35268570320841036,2.1674134374935123,0.6205044821256961,1.4050582398247444,0.5470792265587129,partial_jet_level_real_miniaod,0.6490431928070995,-1,451.9757666212773,2.8300976402344578
78060,4BF81994-E99D-2D45-8C35-E5B7BDC8BB89.root,31747,uproot_edm_partial_jets,0,1,,,3,3,3,1257.4196319580078,650.453369140625,483.16400146484375,0.30565598607063293,118.88595581054688,,,,,,,0,,1.0,1,1,1,,3.0,1257.4196319580078,1,1.3862943611198906,0,0,0.35268570320841036,2.1641175225013747,0.6195609011780335,1.4017623248326063,0.545795915608608,partial_jet_level_real_miniaod,0.6471025694201946,-1,560.589401145639,2.8290916269323048
125102,ED10716D-8AF9-DA43-A815-110D277A790B.root,4878,uproot_edm_partial_jets,0,1,,,3,3,3,1206.3241271972656,804.19873046875,279.89227294921875,-1.9263677597045898,102.68550872802734,,,,,,,0,,1.0,1,1,1,,3.0,1206.3241271972656,1,1.3862943611198906,0,0,0.35268570320841036,2.1387859860216154,0.6123087859826056,1.376430788352847,0.5359327248937383,partial_jet_level_real_miniaod,0.6499542315961957,-1,305.938118509298,2.828871442888815
14798,0438B51F-9A50-8642-9963-CDB942DD12D9.root,14798,uproot_edm_partial_jets,0,1,,,3,3,3,1229.4673767089844,736.08056640625,415.385498046875,1.3189326524734497,123.17940711975098,,,,,,,0,,1.0,1,1,1,,3.0,1229.4673767089844,1,1.3862943611198906,0,0,0.35268570320841036,2.1502596777291627,0.6155935663608684,1.3879044800603944,0.5404001684538864,partial_jet_level_real_miniaod,0.6484169270384088,-1,366.80081088431893,2.828841072675919
121841,ED10716D-8AF9-DA43-A815-110D277A790B.root,1617,uproot_edm_partial_jets,0,1,,,3,3,3,1208.6336975097656,731.6282958984375,323.07861328125,-1.6073077917099,125.52648735046387,,,,,,,0,,1.0,1,1,1,,3.0,1208.6336975097656,1,1.3862943611198906,0,0,0.35268570320841036,2.1399309979927783,0.6126365891824492,1.3775758003240102,0.5363785514408731,partial_jet_level_real_miniaod,0.6484169270384088,-1,342.11113666884125,2.8285297779937437
1115,0438B51F-9A50-8642-9963-CDB942DD12D9.root,1115,uproot_edm_partial_jets,0,1,,,3,3,3,1208.8421325683594,787.788818359375,338.5352783203125,0.524761974811554,87.72617053985596,,,,,,,0,,1.0,1,1,1,,3.0,1208.8421325683594,1,1.3862943611198906,0,0,0.35268570320841036,2.1400343335076175,0.6126661729014625,1.3776791358388496,0.536418786579839,partial_jet_level_real_miniaod,0.6486363191553901,-1,310.18737488108246,2.8283779269292677
6137,0438B51F-9A50-8642-9963-CDB942DD12D9.root,6137,uproot_edm_partial_jets,0,1,,,3,3,3,1184.5652694702148,727.172119140625,355.76788330078125,-1.8423807621002197,114.8817253112793,,,,,,,0,,1.0,1,1,1,,3.0,1184.5652694702148,1,1.3862943611198906,0,0,0.35268570320841036,2.1279986320097186,0.609220495858134,1.3656434343409507,0.5317325165876546,partial_jet_level_real_miniaod,0.6484169270384088,-1,315.0916637493833,2.82814255777933
121408,ED10716D-8AF9-DA43-A815-110D277A790B.root,1184,uproot_edm_partial_jets,0,1,,,3,3,3,1185.268081665039,735.3826293945312,264.187744140625,2.1965436935424805,116.19367027282715,,,,,,,0,,1.0,1,1,1,,3.0,1185.268081665039,1,1.3862943611198906,0,0,0.35268570320841036,2.1283470640848097,0.609320247783895,1.3659918664160418,0.531868183526395,partial_jet_level_real_miniaod,0.6484169270384088,-1,310.0872969535639,2.8280438545874205
5508,0438B51F-9A50-8642-9963-CDB942DD12D9.root,5508,uproot_edm_partial_jets,0,1,,,3,3,3,1175.2567749023438,751.743896484375,352.5202331542969,0.14861364662647247,205.81135082244873,,,,,,,0,,1.0,1,1,1,,3.0,1175.2567749023438,1,1.3862943611198906,0,0,0.35268570320841036,2.123383774581031,0.6078993175036326,1.3610285769122628,0.5299356568125891,partial_jet_level_real_miniaod,0.6484169270384088,-1,291.07632331009466,2.827717374798797
100981,A070E244-088C-F241-BAF7-17B1707FD096.root,3329,uproot_edm_partial_jets,0,1,,,3,3,3,1218.4782409667969,671.3612670898438,428.4107666015625,1.8448716402053833,111.65497779846191,,,,,,,0,,1.0,1,1,1,,3.0,1218.4782409667969,1,1.3862943611198906,0,0,0.35268570320841036,2.1448116115198603,0.6140338503217821,1.3824564138510922,0.538278887098035,partial_jet_level_real_miniaod,0.6460085058497524,-1,436.17755287702767,2.8274820056488594
6235,0438B51F-9A50-8642-9963-CDB942DD12D9.root,6235,uproot_edm_partial_jets,0,1,,,3,3,3,1203.967140197754,724.0271606445312,396.8810119628906,0.6448029279708862,113.83114242553711,,,,,,,0,,1.0,1,1,1,,3.0,1203.967140197754,1,1.3862943611198906,0,0,0.35268570320841036,2.1376174663555503,0.6119742528115445,1.3752622686867821,0.5354777452943096,partial_jet_level_real_miniaod,0.646883258590964,-1,342.7898072238538,2.827394691286786
56738,4BF81994-E99D-2D45-8C35-E5B7BDC8BB89.root,10425,uproot_edm_partial_jets,0,1,,,3,3,3,1211.0236053466797,668.187255859375,309.8806457519531,0.5875327587127686,114.85790634155273,,,,,,,0,,1.0,1,1,1,,3.0,1211.0236053466797,1,1.3862943611198906,0,0,0.35268570320841036,2.141115838769624,0.6129757948918538,1.3787606411008562,0.5368398858947908,partial_jet_level_real_miniaod,0.6460085058497524,-1,427.24566040011405,2.8273833024569504
103712,A070E244-088C-F241-BAF7-17B1707FD096.root,6060,uproot_edm_partial_jets,0,1,,,3,3,3,1168.6663131713867,717.8917236328125,397.69989013671875,0.5643441081047058,74.07802677154541,,,,,,,0,,1.0,1,1,1,,3.0,1168.6663131713867,1,1.3862943611198906,0,0,0.35268570320841036,2.1201164319343944,0.6069639164759344,1.357761234265626,0.528663470907863,partial_jet_level_real_miniaod,0.646883258590964,-1,302.7967126777997,2.8267493242627633
45236,154D5639-79E6-914A-B36C-2EE986A9A5E0.root,21467,uproot_edm_partial_jets,0,1,,,3,3,3,1181.6108093261719,679.4661254882812,273.7050476074219,0.7350784540176392,150.92600631713867,,,,,,,0,,1.0,1,1,1,,3.0,1181.6108093261719,1,1.3862943611198906,0,0,0.35268570320841036,2.1265339040406483,0.6088011618011513,1.3641787063718804,0.5311622041111143,partial_jet_level_real_miniaod,0.6460085058497524,-1,359.4180135107359,2.8266847875603607
62128,4BF81994-E99D-2D45-8C35-E5B7BDC8BB89.root,15815,uproot_edm_partial_jets,0,1,,,3,3,2,1220.5381488800049,821.693359375,367.34649658203125,1.8915235996246338,109.97015905380249,,,,,,,0,,1.0,1,1,1,,3.0,1220.5381488800049,1,1.3862943611198906,0,0,0.35268570320841036,1.4096963787413803,0.40357917244296304,1.3834776510948128,0.5386765202107359,partial_jet_level_real_miniaod,0.6446399339704708,-1,358.0346158928678,2.825758496067057
8591,0438B51F-9A50-8642-9963-CDB942DD12D9.root,8591,uproot_edm_partial_jets,0,1,,,3,3,2,1238.1091194152832,872.5296630859375,327.9920349121094,-0.4092176556587219,87.1713809967041,,,,,,,0,,1.0,1,1,1,,3.0,1238.1091194152832,1,1.3862943611198906,0,0,0.35268570320841036,1.418407510634164,0.4060730650664725,1.3921887829875965,0.5420683221754357,partial_jet_level_real_miniaod,0.6442039269278294,-1,372.919274122585,2.8256749779815955
55145,4BF81994-E99D-2D45-8C35-E5B7BDC8BB89.root,8832,uproot_edm_partial_jets,0,1,,,3,3,2,1246.3075904846191,749.1640014648438,463.943115234375,0.6487091183662415,157.67936325073242,,,,,,,0,,1.0,1,1,1,,3.0,1246.3075904846191,1,1.3862943611198906,0,0,0.35268570320841036,1.4224720534925548,0.4072366949571961,1.3962533258459868,0.5436509092172085,partial_jet_level_real_miniaod,0.6437682147818133,1,443.00009139664894,2.8256370152154764
9025,0438B51F-9A50-8642-9963-CDB942DD12D9.root,9025,uproot_edm_partial_jets,0,1,,,3,3,3,1155.1510963439941,705.779541015625,392.16400146484375,1.3551756143569946,104.73781681060791,,,,,,,0,,1.0,1,1,1,,3.0,1155.1510963439941,1,1.3862943611198906,0,0,0.35268570320841036,2.1134160145552516,0.6050456673113084,1.3510608168864833,0.5260545689751864,partial_jet_level_real_miniaod,0.6446985941585327,-1,295.7202496681779,2.824915722659216
47708,4BF81994-E99D-2D45-8C35-E5B7BDC8BB89.root,1395,uproot_edm_partial_jets,0,1,,,3,3,3,1150.7060089111328,746.3610229492188,331.2818298339844,-1.810745120048523,101.55416297912598,,,,,,,0,,1.0,1,1,1,,3.0,1150.7060089111328,1,1.3862943611198906,0,0,0.35268570320841036,2.111212280684953,0.6044147647247148,1.3488570830161848,0.5251965141365098,partial_jet_level_real_miniaod,0.6449490933549193,-1,271.04371014060547,2.8246044279770404
4236,0438B51F-9A50-8642-9963-CDB942DD12D9.root,4236,uproot_edm_partial_jets,0,1,,,3,3,2,1216.151943206787,789.831298828125,385.3639221191406,0.6478490233421326,179.73073863983154,,,,,,,0,,1.0,1,1,1,,3.0,1216.151943206787,1,1.3862943611198906,0,0,0.35268570320841036,1.4075218365866622,0.4029566270945618,1.3813031089400947,0.5378298315779068,partial_jet_level_real_miniaod,0.6431151990576902,1,364.8545725034705,2.8243272997843714
15986,0438B51F-9A50-8642-9963-CDB942DD12D9.root,15986,uproot_edm_partial_jets,0,1,,,3,3,3,1143.3060302734375,805.3265380859375,209.86009216308594,1.7422103881835938,106.4706563949585,,,,,,,0,,1.0,1,1,1,,3.0,1143.3060302734375,1,1.3862943611198906,0,0,0.35268570320841036,2.107543605139267,0.6033644668995819,1.345188407470499,0.5237680636117266,partial_jet_level_real_miniaod,0.6444873920028783,-1,274.8504463292225,2.824262763081969
34783,154D5639-79E6-914A-B36C-2EE986A9A5E0.root,11014,uproot_edm_partial_jets,0,1,,,3,3,2,1173.0367050170898,761.1260986328125,377.05657958984375,-0.44343018531799316,83.71518802642822,,,,,,,0,,1.0,1,1,1,,3.0,1173.0367050170898,1,1.3862943611198906,0,0,0.35268570320841036,1.3861466640709978,0.3968371714693729,1.3599279364244299,0.5295071069277972,partial_jet_level_real_miniaod,0.6431151990576902,1,332.06930885698034,2.823886931697391
105472,A070E244-088C-F241-BAF7-17B1707FD096.root,7820,uproot_edm_partial_jets,0,1,,,3,3,2,1236.4910430908203,787.6064453125,405.5645751953125,0.8800163865089417,132.3481364250183,,,,,,,0,,1.0,1,1,1,,3.0,1236.4910430908203,1,1.3862943611198906,0,0,0.35268570320841036,1.4176053195288585,0.405843407370459,1.3913865918822907,0.5417559777636497,partial_jet_level_real_miniaod,0.6426802232809152,-1,390.73504304136975,2.823746469462751
67896,4BF81994-E99D-2D45-8C35-E5B7BDC8BB89.root,21583,uproot_edm_partial_jets,0,1,,,3,3,3,1411.5722961425781,608.1925659179688,485.8576354980469,-0.06954287737607956,141.77848434448242,,,,,,,0,,1.0,1,1,1,,3.0,1411.5722961425781,1,1.3862943611198906,0,0,0.35268570320841036,2.2405415416891397,0.6414401816271335,1.4781863440203713,0.5755526844902777,partial_jet_level_real_miniaod,0.6406404422027749,-1,1165.4815878444704,2.823412397120904
107511,A070E244-088C-F241-BAF7-17B1707FD096.root,9859,uproot_edm_partial_jets,0,1,,,3,3,2,1191.6085205078125,720.736328125,437.1692810058594,0.9445051550865173,162.04025268554688,,,,,,,0,,1.0,1,1,1,,3.0,1191.6085205078125,1,1.3862943611198906,0,0,0.35268570320841036,1.3953539832628037,0.3994731165678237,1.3691352556162362,0.5330921064099261,partial_jet_level_real_miniaod,0.6413770603495168,1,388.9765030370866,2.8225620311598387
124297,ED10716D-8AF9-DA43-A815-110D277A790B.root,4073,uproot_edm_partial_jets,0,1,,,3,3,3,1146.7958374023438,690.2398681640625,272.6383361816406,0.6835048794746399,139.30286407470703,,,,,,,0,,1.0,1,1,1,,3.0,1146.7958374023438,1,1.3862943611198906,0,0,0.35268570320841036,2.1092737412247633,0.6038597841183306,1.3469185435559954,0.5244417164786801,partial_jet_level_real_miniaod,0.6427709610160947,-1,298.03568485042996,2.8224101800953627
64796,4BF81994-E99D-2D45-8C35-E5B7BDC8BB89.root,18483,uproot_edm_partial_jets,0,1,,,3,3,3,1144.2265930175781,661.22216796875,405.4108581542969,1.4285598993301392,138.24891567230225,,,,,,,0,,1.0,1,1,1,,3.0,1144.2265930175781,1,1.3862943611198906,0,0,0.35268570320841036,2.1079999910550984,0.6034951247156929,1.3456447933863305,0.5239457638997065,partial_jet_level_real_miniaod,0.6405748542082731,-1,324.12494083255405,2.820918243386886
101481,A070E244-088C-F241-BAF7-17B1707FD096.root,3829,uproot_edm_partial_jets,0,1,,,3,3,3,1314.103042602539,615.610107421875,472.9430847167969,1.517541766166687,155.54725074768066,,,,,,,0,,1.0,1,1,1,,3.0,1314.103042602539,1,1.3862943611198906,0,0,0.35268570320841036,2.1922193661227007,0.6276061220949959,1.4298641684539328,0.5567377644497968,partial_jet_level_real_miniaod,0.6384768611091692,-1,807.5259749565525,2.820732225832903
56148,4BF81994-E99D-2D45-8C35-E5B7BDC8BB89.root,9835,uproot_edm_partial_jets,0,1,,,3,3,3,1143.4499130249023,680.386962890625,379.8342590332031,0.8970560431480408,233.93506622314453,,,,,,,0,,1.0,1,1,1,,3.0,1143.4499130249023,1,1.3862943611198906,0,0,0.35268570320841036,2.10761493766029,0.6033848885451483,1.3452597399915223,0.5237958379340456,partial_jet_level_real_miniaod,0.6405748542082731,-1,302.6111908201506,2.820538615725696
27427,154D5639-79E6-914A-B36C-2EE986A9A5E0.root,3658,uproot_edm_partial_jets,0,1,,,3,3,3,1135.3028717041016,703.969482421875,379.7426452636719,0.5204396843910217,125.60324478149414,,,,,,,0,,1.0,1,1,1,,3.0,1135.3028717041016,1,1.3862943611198906,0,0,0.35268570320841036,2.1035758920458796,0.6022285582096908,1.3412206943771117,0.5222231786035378,partial_jet_level_real_miniaod,0.6388531575198491,-1,274.4543314298293,2.818332979014183
41385,154D5639-79E6-914A-B36C-2EE986A9A5E0.root,17616,uproot_edm_partial_jets,0,1,,,3,3,3,1181.0761108398438,618.14453125,391.6288146972656,0.45554831624031067,128.1580982208252,,,,,,,0,,1.0,1,1,1,,3.0,1181.0761108398438,1,1.3862943611198906,0,0,0.35268570320841036,2.1262688174293016,0.608725270682435,1.3639136197605333,0.5310589889032343,partial_jet_level_real_miniaod,0.6363520903176352,-1,458.92008317537875,2.817512983266013
126196,ED10716D-8AF9-DA43-A815-110D277A790B.root,5972,uproot_edm_partial_jets,0,1,,,3,3,2,1137.5280647277832,769.5853271484375,319.81781005859375,0.17126312851905823,104.60949993133545,,,,,,,0,,1.0,1,1,1,,3.0,1137.5280647277832,1,1.3862943611198906,0,0,0.35268570320841036,1.3685426024016372,0.3917973396677911,1.3423238747550692,0.5226527174303434,partial_jet_level_real_miniaod,0.6377058833515082,1,297.2505502037063,2.8171561332644943
40817,154D5639-79E6-914A-B36C-2EE986A9A5E0.root,17048,uproot_edm_partial_jets,0,1,,,3,3,3,1208.8126983642578,616.0057373046875,456.50933837890625,-1.524723768234253,83.51553916931152,,,,,,,0,,1.0,1,1,1,,3.0,1208.8126983642578,1,1.3862943611198906,0,0,0.35268570320841036,2.140019740959439,0.6126619952298684,1.3776645432906705,0.5364131047655588,partial_jet_level_real_miniaod,0.6357065972480576,-1,524.7773068094615,2.817080207732256
30977,154D5639-79E6-914A-B36C-2EE986A9A5E0.root,7208,uproot_edm_partial_jets,0,1,,,3,3,3,1188.1284484863281,600.1727294921875,415.0828552246094,0.5252828001976013,140.35302352905273,,,,,,,0,,1.0,1,1,1,,3.0,1188.1284484863281,1,1.3862943611198906,0,0,0.35268570320841036,2.129765143558107,0.6097262269358048,1.3674099458893392,0.532420332753709,partial_jet_level_real_miniaod,0.6348469582310265,-1,512.8029664057949,2.816457618367905
10395,0438B51F-9A50-8642-9963-CDB942DD12D9.root,10395,uproot_edm_partial_jets,0,1,,,3,3,3,1220.0945129394531,591.2415771484375,456.1766052246094,1.5624314546585083,126.38805770874023,,,,,,,0,,1.0,1,1,1,,3.0,1220.0945129394531,1,1.3862943611198906,0,0,0.35268570320841036,2.1456129080845634,0.6142632519215457,1.3832577104157953,0.5385908832078308,partial_jet_level_real_miniaod,0.6335596788141273,-1,613.0855052303627,2.815964102408358
4569,0438B51F-9A50-8642-9963-CDB942DD12D9.root,4569,uproot_edm_partial_jets,0,1,,,3,3,3,1235.3056945800781,584.9080810546875,347.1107177734375,0.3161976933479309,126.9595718383789,,,,,,,0,,1.0,1,1,1,,3.0,1235.3056945800781,1,1.3862943611198906,0,0,0.35268570320841036,2.1531541312202194,0.6164222136938765,1.3907989335514515,0.5415271647109208,partial_jet_level_real_miniaod,0.6320168079947937,-1,671.1461754481342,2.812987821544629
78042,4BF81994-E99D-2D45-8C35-E5B7BDC8BB89.root,31729,uproot_edm_partial_jets,0,1,,,3,3,3,1154.5293502807617,589.6517944335938,482.065673828125,0.5244747996330261,106.92950534820557,,,,,,,0,,1.0,1,1,1,,3.0,1154.5293502807617,1,1.3862943611198906,0,0,0.35268570320841036,2.1131077725062557,0.6049574213081819,1.3507525748374878,0.5259345505894871,partial_jet_level_real_miniaod,0.6320611514801656,-1,460.7217957269326,2.812319676860935
54094,4BF81994-E99D-2D45-8C35-E5B7BDC8BB89.root,7781,uproot_edm_partial_jets,0,1,,,3,3,3,1090.3460006713867,740.9063720703125,239.6956024169922,0.7877068519592285,75.99060726165771,,,,,,,0,,1.0,1,1,1,,3.0,1090.3460006713867,1,1.3862943611198906,0,0,0.35268570320841036,2.0812876961681077,0.5958477149421293,1.3189324984993398,0.5135449554405455,partial_jet_level_real_miniaod,0.6335086308501541,-1,232.55150679468042,2.811894493880402
14305,0438B51F-9A50-8642-9963-CDB942DD12D9.root,14305,uproot_edm_partial_jets,0,1,,,3,3,3,1159.700180053711,563.9387817382812,368.8141784667969,1.1912403106689453,94.69812393188477,,,,,,,0,,1.0,1,1,1,,3.0,1159.700180053711,1,1.3862943611198906,0,0,0.35268570320841036,2.1156713064930015,0.6056913303544859,1.3533161088242334,0.526932698674011,partial_jet_level_real_miniaod,0.6305219299367769,-1,531.1905948753555,2.806564521517296
81432,9C668317-D15E-6349-802E-07E191108980.root,853,uproot_edm_partial_jets,0,1,,,3,3,3,1098.4053955078125,677.5344848632812,332.2242126464844,1.042694091796875,129.72971439361572,,,,,,,0,,1.0,1,1,1,,3.0,1098.4053955078125,1,1.3862943611198906,0,0,0.35268570320841036,2.0852832894254734,0.5969916053887132,1.322928091756705,0.5151006959834821,partial_jet_level_real_miniaod,0.6311555836885001,-1,251.51472399865284,2.805695174173171
115319,A070E244-088C-F241-BAF7-17B1707FD096.root,17667,uproot_edm_partial_jets,0,1,,,3,3,3,1096.0168762207031,677.1282348632812,313.9394226074219,0.6680014729499817,98.78324794769287,,,,,,,0,,1.0,1,1,1,,3.0,1096.0168762207031,1,1.3862943611198906,0,0,0.35268570320841036,2.0840991370477377,0.5966525967597207,1.3217439393789698,0.5146396295674595,partial_jet_level_real_miniaod,0.6311555836885001,-1,249.2483205756464,2.805619248640933
34328,154D5639-79E6-914A-B36C-2EE986A9A5E0.root,10559,uproot_edm_partial_jets,0,1,,,3,3,3,1074.1883697509766,670.4086303710938,353.0682067871094,0.16555073857307434,122.87637519836426,,,,,,,0,,1.0,1,1,1,,3.0,1074.1883697509766,1,1.3862943611198906,0,0,0.35268570320841036,2.0732772533903447,0.5935544212117179,1.3109220557215764,0.51042597665729,partial_jet_level_real_miniaod,0.6311555836885001,-1,231.38065103235553,2.8050422145959244
123799,ED10716D-8AF9-DA43-A815-110D277A790B.root,3575,uproot_edm_partial_jets,0,1,,,3,3,3,1072.4345321655273,678.4576416015625,324.3600158691406,-0.034843605011701584,64.82173156738281,,,,,,,0,,1.0,1,1,1,,3.0,1072.4345321655273,1,1.3862943611198906,0,0,0.35268570320841036,2.07240775614233,0.5933054945739773,1.3100525584735618,0.5100874256503238,partial_jet_level_real_miniaod,0.6311555836885001,-1,226.30733049592288,2.804875178425001
57031,4BF81994-E99D-2D45-8C35-E5B7BDC8BB89.root,10718,uproot_edm_partial_jets,0,1,,,3,3,3,1055.272476196289,709.3296508789062,249.23397827148438,1.6909695863723755,92.39665985107422,,,,,,,0,,1.0,1,1,1,,3.0,1055.272476196289,1,1.3862943611198906,0,0,0.35268570320841036,2.063899351168387,0.5908696402368473,1.301544153499619,0.5067745582684183,partial_jet_level_real_miniaod,0.6304711267341109,-1,210.95007254842122,2.8021760257539405
102344,A070E244-088C-F241-BAF7-17B1707FD096.root,4692,uproot_edm_partial_jets,0,1,,,3,3,3,1280.0734252929688,516.1380004882812,437.0709533691406,-0.17570669949054718,182.40968704223633,,,,,,,0,,1.0,1,1,1,,3.0,1280.0734252929688,1,1.3862943611198906,0,0,0.35268570320841036,2.1753485573048588,0.6227762117938663,1.4129933596360904,0.5501688772834994,partial_jet_level_real_miniaod,0.6269171816329301,1,1050.269416896342,2.8016065842621556
120766,ED10716D-8AF9-DA43-A815-110D277A790B.root,542,uproot_edm_partial_jets,0,1,,,3,3,2,1084.4621353149414,694.02978515625,343.6012268066406,1.32125723361969,99.34523916244507,,,,,,,0,,1.0,1,1,1,,3.0,1084.4621353149414,1,1.3862943611198906,0,0,0.35268570320841036,1.342234191651059,0.38426555708033244,1.316015464004491,0.5124091669514604,partial_jet_level_real_miniaod,0.6290617717559334,1,273.66471077633827,2.8007941810672095
27991,154D5639-79E6-914A-B36C-2EE986A9A5E0.root,4222,uproot_edm_partial_jets,0,1,,,3,3,3,1202.124496459961,528.5047607421875,432.9981994628906,0.49488112330436707,125.07402610778809,,,,,,,0,,1.0,1,1,1,,3.0,1202.124496459961,1,1.3862943611198906,0,0,0.35268570320841036,2.136703941823761,0.6117127216903004,1.3743487441549926,0.5351220516439481,partial_jet_level_real_miniaod,0.6254653299272371,1,746.6578446639088,2.8006954778753
19561,0438B51F-9A50-8642-9963-CDB942DD12D9.root,19561,uproot_edm_partial_jets,0,1,,,3,3,3,1246.3604736328125,508.5092468261719,425.5934143066406,1.3445674180984497,126.6164321899414,,,,,,,0,,1.0,1,1,1,,3.0,1246.3604736328125,1,1.3862943611198906,0,0,0.35268570320841036,2.1586347413083535,0.6179912466553051,1.3962795436395852,0.5436611174846222,partial_jet_level_real_miniaod,0.6217477343399593,1,960.2200564508018,2.799404743827254
34650,154D5639-79E6-914A-B36C-2EE986A9A5E0.root,10881,uproot_edm_partial_jets,0,1,,,3,3,3,1229.6142578125,506.97540283203125,506.2375793457031,0.17930074036121368,110.80697822570801,,,,,,,0,,1.0,1,1,1,,3.0,1229.6142578125,1,1.3862943611198906,0,0,0.35268570320841036,2.150332496738375,0.6156144135701818,1.387977299069607,0.5404285215613305,partial_jet_level_real_miniaod,0.6216246564345101,1,908.682830251364,2.7992908555288976
30486,154D5639-79E6-914A-B36C-2EE986A9A5E0.root,6717,uproot_edm_partial_jets,0,1,,,3,3,3,1134.7329940795898,578.982177734375,466.0832214355469,0.4345460534095764,94.00900650024414,,,,,,,0,,1.0,1,1,1,,3.0,1134.7329940795898,1,1.3862943611198906,0,0,0.35268570320841036,2.103293364729594,0.6021476740262464,1.340938167060826,0.5221131726114058,partial_jet_level_real_miniaod,0.6237490890734788,-1,440.67178336356653,2.799290855528897
88282,9C668317-D15E-6349-802E-07E191108980.root,7703,uproot_edm_partial_jets,0,1,,,3,3,2,1032.5974807739258,660.127197265625,331.3266906738281,1.3976423740386963,136.18604397773743,,,,,,,0,,1.0,1,1,1,,3.0,1032.5974807739258,1,1.3862943611198906,0,0,0.35268570320841036,1.3165213350178218,0.3769042744965952,1.2903026073712542,0.502397503861053,partial_jet_level_real_miniaod,0.6279545762025805,-1,239.655471448027,2.7983721565888175
66355,4BF81994-E99D-2D45-8C35-E5B7BDC8BB89.root,20042,uproot_edm_partial_jets,0,1,,,3,3,3,1032.1753234863281,649.5540161132812,281.8910827636719,1.3873494863510132,136.66275787353516,,,,,,,0,,1.0,1,1,1,,3.0,1032.1753234863281,1,1.3862943611198906,0,0,0.35268570320841036,2.0524485127983456,0.5875914024951249,1.2900933151295775,0.5023160129772903,partial_jet_level_real_miniaod,0.6285860333738109,-1,203.42823710605018,2.7980760470130894
128366,ED10716D-8AF9-DA43-A815-110D277A790B.root,8142,uproot_edm_partial_jets,0,1,,,3,3,3,1027.1837005615234,696.903076171875,174.84237670898438,0.1639757603406906,108.71582412719727,,,,,,,0,,1.0,1,1,1,,3.0,1027.1837005615234,1,1.3862943611198906,0,0,0.35268570320841036,2.049973823903403,0.586882928733444,1.287618626234635,0.5013524579813157,partial_jet_level_real_miniaod,0.6285860333738109,-1,196.5518970181704,2.7977116044583474
16835,0438B51F-9A50-8642-9963-CDB942DD12D9.root,16835,uproot_edm_partial_jets,0,1,,,3,3,3,1021.1063842773438,704.4121704101562,254.6143341064453,1.0657718181610107,105.36156034469604,,,,,,,0,,1.0,1,1,1,,3.0,1021.1063842773438,1,1.3862943611198906,0,0,0.35268570320841036,2.046960882552249,0.586020359746636,1.2846056848834808,0.500179326806154,partial_jet_level_real_miniaod,0.6285860333738109,-1,196.6581802476669,2.7977040119051235
40906,154D5639-79E6-914A-B36C-2EE986A9A5E0.root,17137,uproot_edm_partial_jets,0,1,,,3,3,3,949.7385787963867,774.453125,124.23346710205078,0.05139907822012901,163.4047508239746,,,,,,,0,,1.0,1,1,1,,3.0,949.7385787963867,1,1.3862943611198906,0,0,0.35268570320841036,2.0115789800446486,0.5758909452508536,1.2492237823758803,0.4864028844428479,partial_jet_level_real_miniaod,0.6262903076858565,-1,288.9219621744032,2.797612901266438
127356,ED10716D-8AF9-DA43-A815-110D277A790B.root,7132,uproot_edm_partial_jets,0,1,,,3,3,3,1089.151626586914,638.2214965820312,400.0221862792969,0.5562013983726501,144.20577335357666,,,,,,,0,,1.0,1,1,1,,3.0,1089.151626586914,1,1.3862943611198906,0,0,0.35268570320841036,2.08069556324305,0.595678194384742,1.3183403655742816,0.5133144001414988,partial_jet_level_real_miniaod,0.6231951996313263,-1,272.0038472167043,2.7970282746682056
26767,154D5639-79E6-914A-B36C-2EE986A9A5E0.root,2998,uproot_edm_partial_jets,0,1,,,3,3,3,1094.1858711242676,617.7001953125,417.7096862792969,-1.6030597686767578,72.27565813064575,,,,,,,0,,1.0,1,1,1,,3.0,1094.1858711242676,1,1.3862943611198906,0,0,0.35268570320841036,2.0831913825865156,0.5963927175405029,1.3208361849177472,0.5142861825753883,partial_jet_level_real_miniaod,0.6217211868867191,-1,302.3054685562081,2.7967397576457014
68489,4BF81994-E99D-2D45-8C35-E5B7BDC8BB89.root,22176,uproot_edm_partial_jets,0,1,,,3,3,2,1014.1196899414062,667.8558959960938,306.2684020996094,0.90790194272995,103.76596355438232,,,,,,,0,,1.0,1,1,1,,3.0,1014.1196899414062,1,1.3862943611198906,0,0,0.35268570320841036,1.3073606302800744,0.37428167455748257,1.2811419026335067,0.4988306543735294,partial_jet_level_real_miniaod,0.6271616903413079,1,220.83178689348347,2.7966904060497466
3493,0438B51F-9A50-8642-9963-CDB942DD12D9.root,3493,uproot_edm_partial_jets,0,1,,,3,3,2,1004.6763801574707,715.1729736328125,253.5820770263672,0.9754095673561096,88.14570569992065,,,,,,,0,,1.0,1,1,1,,3.0,1004.6763801574707,1,1.3862943611198906,0,0,0.35268570320841036,1.3026789357278519,0.3729413615358207,1.2764602080812841,0.4970077706225089,partial_jet_level_real_miniaod,0.6271616903413079,1,218.92054437722206,2.796568925198166
8961,0438B51F-9A50-8642-9963-CDB942DD12D9.root,8961,uproot_edm_partial_jets,0,1,,,3,3,2,1133.4136657714844,587.1436767578125,510.76812744140625,0.5657773017883301,90.09001636505127,,,,,,,0,,1.0,1,1,1,,3.0,1133.4136657714844,1,1.3862943611198906,0,0,0.35268570320841036,1.3665028134272097,0.3912133725393569,1.3402840857806417,0.5218584968472791,partial_jet_level_real_miniaod,0.6193237613607971,-1,500.10380516142584,2.7962993895587207
5355,0438B51F-9A50-8642-9963-CDB942DD12D9.root,5355,uproot_edm_partial_jets,0,1,,,3,3,2,1028.9865531921387,643.1561889648438,341.829345703125,0.6117480397224426,118.9107141494751,,,,,,,0,,1.0,1,1,1,,3.0,1028.9865531921387,1,1.3862943611198906,0,0,0.35268570320841036,1.3147311512395792,0.3763917663433225,1.2885124235930112,0.5017004705787022,partial_jet_level_real_miniaod,0.6220605131646155,-1,245.79450807615615,2.795547726789565
59777,4BF81994-E99D-2D45-8C35-E5B7BDC8BB89.root,13464,uproot_edm_partial_jets,0,1,,,3,3,3,1056.7286224365234,624.2035522460938,237.63587951660156,0.5499874353408813,144.39043998718262,,,,,,,0,,1.0,1,1,1,,3.0,1056.7286224365234,1,1.3862943611198906,0,0,0.35268570320841036,2.0646212624554385,0.5910763147833661,1.3022660647866702,0.5070556446016178,partial_jet_level_real_miniaod,0.620836900663716,-1,244.3889316975865,2.7948492118929753
27147,154D5639-79E6-914A-B36C-2EE986A9A5E0.root,3378,uproot_edm_partial_jets,0,1,,,3,3,3,1053.7162017822266,619.294921875,308.9574890136719,0.2816394865512848,86.96708106994629,,,,,,,0,,1.0,1,1,1,,3.0,1053.7162017822266,1,1.3862943611198906,0,0,0.35268570320841036,2.0631277994971207,0.5906487542434643,1.3007726018283527,0.5064741437520641,partial_jet_level_real_miniaod,0.620836900663716,-1,245.0494485837489,2.794834026786528
38286,154D5639-79E6-914A-B36C-2EE986A9A5E0.root,14517,uproot_edm_partial_jets,0,1,,,3,3,3,951.4608688354492,718.4173583984375,152.02557373046875,0.23652997612953186,84.98087787628174,,,,,,,0,,1.0,1,1,1,,3.0,951.4608688354492,1,1.3862943611198906,0,0,0.35268570320841036,2.0124328370161675,0.5761353942649441,1.2500776393473991,0.48673534568774873,partial_jet_level_real_miniaod,0.6245976413829334,-1,207.28630742884786,2.794788471467185
16825,0438B51F-9A50-8642-9963-CDB942DD12D9.root,16825,uproot_edm_partial_jets,0,1,,,3,3,3,1055.888816833496,625.6439208984375,305.5910949707031,0.7157207727432251,121.40739631652832,,,,,,,0,,1.0,1,1,1,,3.0,1055.888816833496,1,1.3862943611198906,0,0,0.35268570320841036,2.064204913377988,0.5909571190340835,1.30184971570922,0.5068935332208836,partial_jet_level_real_miniaod,0.620836900663716,-1,242.0312898842511,2.7947353235946184
92728,9C668317-D15E-6349-802E-07E191108980.root,12149,uproot_edm_partial_jets,0,1,,,3,3,2,993.4477348327637,642.39306640625,304.84979248046875,0.5182998776435852,76.44792556762695,,,,,,,0,,1.0,1,1,1,,3.0,993.4477348327637,1,1.3862943611198906,0,0,0.35268570320841036,1.2971121282368014,0.3713476512913542,1.270893400590234,0.49484025567523887,partial_jet_level_real_miniaod,0.6222955942743199,-1,212.18091070556457,2.7942759741245786
44301,154D5639-79E6-914A-B36C-2EE986A9A5E0.root,20532,uproot_edm_partial_jets,0,1,,,3,3,3,1328.5625610351562,465.7033386230469,455.7591552734375,0.9575934410095215,132.11577987670898,,,,,,,0,,1.0,1,1,1,,3.0,1328.5625610351562,1,1.3862943611198906,0,0,0.35268570320841036,2.199387938394777,0.6296583983927795,1.4370327407260088,0.559528949087543,partial_jet_level_real_miniaod,0.6179077038354561,1,1472.8410385116492,2.794264585294743
130279,ED10716D-8AF9-DA43-A815-110D277A790B.root,10055,uproot_edm_partial_jets,0,1,,,3,3,3,1003.47021484375,651.1438598632812,177.76736450195312,0.24313366413116455,72.73109817504883,,,,,,,0,,1.0,1,1,1,,3.0,1003.47021484375,1,1.3862943611198906,0,0,0.35268570320841036,2.0382174271061735,0.5835172132773448,1.2758622294374051,0.4967749392104581,partial_jet_level_real_miniaod,0.6251109977610058,-1,182.3566776963093,2.7939798645488505
6934,0438B51F-9A50-8642-9963-CDB942DD12D9.root,6934,uproot_edm_partial_jets,0,1,,,3,3,2,986.7796821594238,645.407470703125,309.5968017578125,1.3562883138656616,99.85664367675781,,,,,,,0,,1.0,1,1,1,,3.0,986.7796821594238,1,1.3862943611198906,0,0,0.35268570320841036,1.2938063184530524,0.37040123758348154,1.2675875908064849,0.4935530920485772,partial_jet_level_real_miniaod,0.6222955942743199,-1,205.78501005681505,2.7939039390166127
59292,4BF81994-E99D-2D45-8C35-E5B7BDC8BB89.root,12979,uproot_edm_partial_jets,0,1,,,3,3,3,999.1064987182617,651.6276245117188,226.6222381591797,0.7389740943908691,147.1358699798584,,,,,,,0,,1.0,1,1,1,,3.0,999.1064987182617,1,1.3862943611198906,0,0,0.35268570320841036,2.036054034558478,0.582897859927762,1.27369883688971,0.49593259183425,partial_jet_level_real_miniaod,0.6251109977610058,-1,179.64486561591337,2.7937141251860176
39516,154D5639-79E6-914A-B36C-2EE986A9A5E0.root,15747,uproot_edm_partial_jets,0,1,,,3,3,2,1073.5569152832031,629.3152465820312,411.5240173339844,1.6425875425338745,109.16937446594238,,,,,,,0,,1.0,1,1,1,,3.0,1073.5569152832031,1,1.3862943611198906,0,0,0.35268570320841036,1.3368277281989935,0.3827177514118694,1.310609000552426,0.510304084215429,partial_jet_level_real_miniaod,0.618638969058999,-1,316.0887207039227,2.7936723661432867
59882,4BF81994-E99D-2D45-8C35-E5B7BDC8BB89.root,13569,uproot_edm_partial_jets,0,1,,,3,3,2,977.5884475708008,646.2897338867188,285.35528564453125,0.5097617506980896,102.96442794799805,,,,,,,0,,1.0,1,1,1,,3.0,977.5884475708008,1,1.3862943611198906,0,0,0.35268570320841036,1.2892495948162872,0.36909670223664404,1.2630308671697192,0.4917788674846513,partial_jet_level_real_miniaod,0.6214540903867081,-1,198.9169450489169,2.793140887417621
18751,0438B51F-9A50-8642-9963-CDB942DD12D9.root,18751,uproot_edm_partial_jets,0,1,,,3,3,3,1103.5335235595703,562.0881958007812,316.14306640625,0.5676878094673157,143.2294864654541,,,,,,,0,,1.0,1,1,1,,3.0,1103.5335235595703,1,1.3862943611198906,0,0,0.35268570320841036,2.0878256532483626,0.5977194536709133,1.3254704555795946,0.5160906011663667,partial_jet_level_real_miniaod,0.6178912592587485,-1,409.95371902092756,2.7926473714580737
35935,154D5639-79E6-914A-B36C-2EE986A9A5E0.root,12166,uproot_edm_partial_jets,0,1,,,3,3,2,948.1020545959473,653.0450439453125,261.5875549316406,1.5789594650268555,111.4113597869873,,,,,,,0,,1.0,1,1,1,,3.0,948.1020545959473,1,1.3862943611198906,0,0,0.35268570320841036,1.274631173043245,0.36491162334266686,1.2484124453966772,0.48608697895617126,partial_jet_level_real_miniaod,0.6225426381702385,-1,181.87823142075516,2.792609408691955
10256,0438B51F-9A50-8642-9963-CDB942DD12D9.root,10256,uproot_edm_partial_jets,0,1,,,3,3,3,991.4186248779297,647.1351318359375,212.4054412841797,0.08071934431791306,96.58061027526855,,,,,,,0,,1.0,1,1,1,,3.0,991.4186248779297,1,1.3862943611198906,0,0,0.35268570320841036,2.03224262966973,0.5818067004028866,1.2698874320009614,0.4944485676283219,partial_jet_level_real_miniaod,0.6228870053021471,-1,175.46102996037862,2.792571445925836
97350,9C668317-D15E-6349-802E-07E191108980.root,16771,uproot_edm_partial_jets,0,1,,,3,3,3,940.7343978881836,680.59716796875,203.76463317871094,-1.8135827779769897,65.58677196502686,,,,,,,0,,1.0,1,1,1,,3.0,940.7343978881836,1,1.3862943611198906,0,0,0.35268570320841036,2.0071149917111435,0.5746129589095398,1.2447597940423756,0.4846647676761255,partial_jet_level_real_miniaod,0.6233311445096769,-1,174.1543623729455,2.79233987305251
116407,A070E244-088C-F241-BAF7-17B1707FD096.root,18755,uproot_edm_partial_jets,0,1,,,3,3,2,931.7799415588379,654.8033447265625,246.36253356933594,0.47662755846977234,61.160003662109375,,,,,,,0,,1.0,1,1,1,,3.0,931.7799415588379,1,1.3862943611198906,0,0,0.35268570320841036,1.2665391852301808,0.3625949842462887,1.2403204575836129,0.4829362494642422,partial_jet_level_real_miniaod,0.6229639845222879,-1,176.0996660358426,2.792184225711422
18091,0438B51F-9A50-8642-9963-CDB942DD12D9.root,18091,uproot_edm_partial_jets,0,1,,,3,3,3,960.9465560913086,657.2285766601562,231.38204956054688,0.13266612589359283,93.78749465942383,,,,,,,0,,1.0,1,1,1,,3.0,960.9465560913086,1,1.3862943611198906,0,0,0.35268570320841036,2.017135540979707,0.577481722029185,1.2547803433109386,0.4885664097491421,partial_jet_level_real_miniaod,0.6241751900948431,-1,163.96018837915224,2.7921083001791844
50742,4BF81994-E99D-2D45-8C35-E5B7BDC8BB89.root,4429,uproot_edm_partial_jets,0,1,,,3,3,3,935.4624938964844,668.3349609375,139.85975646972656,1.5268609523773193,91.6533317565918,,,,,,,0,,1.0,1,1,1,,3.0,935.4624938964844,1,1.3862943611198906,0,0,0.35268570320841036,2.004501348321009,0.573864704141805,1.2421461506522404,0.48364710878922146,partial_jet_level_real_miniaod,0.6233311445096769,-1,165.71963315549624,2.7917172836881585
101555,A070E244-088C-F241-BAF7-17B1707FD096.root,3903,uproot_edm_partial_jets,0,1,,,3,3,3,968.1082916259766,649.841064453125,248.16249084472656,0.5935871601104736,95.77698040008545,,,,,,,0,,1.0,1,1,1,,3.0,968.1082916259766,1,1.3862943611198906,0,0,0.35268570320841036,2.0206861031241523,0.5784982054035993,1.2583309054553842,0.489948871156631,partial_jet_level_real_miniaod,0.6225194798954511,-1,164.5289011833652,2.791546451240623
69850,4BF81994-E99D-2D45-8C35-E5B7BDC8BB89.root,23537,uproot_edm_partial_jets,0,1,,,3,3,3,1196.1462097167969,454.7215576171875,424.605224609375,-0.4384819567203522,122.80548095703125,,,,,,,0,,1.0,1,1,1,,3.0,1196.1462097167969,1,1.3862943611198906,0,0,0.35268570320841036,2.1337400961893933,0.6108642082186019,1.3713848985206254,0.5339680365780023,partial_jet_level_real_miniaod,0.6150185949587977,1,994.6338037894271,2.7910529352810762
40737,154D5639-79E6-914A-B36C-2EE986A9A5E0.root,16968,uproot_edm_partial_jets,0,1,,,3,3,2,1096.8918418884277,602.7071533203125,457.8671569824219,0.09488403052091599,130.93752002716064,,,,,,,0,,1.0,1,1,1,,3.0,1096.8918418884277,1,1.3862943611198906,0,0,0.35268570320841036,1.3483964473518948,0.3860297370084569,1.322177719705327,0.5148085280506066,partial_jet_level_real_miniaod,0.6171757329409366,-1,394.2172315846015,2.790749233152124
23563,0438B51F-9A50-8642-9963-CDB942DD12D9.root,23563,uproot_edm_partial_jets,0,1,,,3,3,2,1039.5731086730957,627.57470703125,370.0083923339844,0.44032594561576843,110.6008653640747,,,,,,,0,,1.0,1,1,1,,3.0,1039.5731086730957,1,1.3862943611198906,0,0,0.35268570320841036,1.3199796308781813,0.37789434314005227,1.2937609032316135,0.5037440400905637,partial_jet_level_real_miniaod,0.6177590667347898,-1,270.7844441909105,2.7899216448507307
95998,9C668317-D15E-6349-802E-07E191108980.root,15419,uproot_edm_partial_jets,0,1,,,3,3,2,911.5392913818359,653.9579467773438,223.12518310546875,0.5211005806922913,100.05815982818604,,,,,,,0,,1.0,1,1,1,,3.0,911.5392913818359,1,1.3862943611198906,0,0,0.35268570320841036,1.2565045105414065,0.35972217718818617,1.2302857828948386,0.4790291074598028,partial_jet_level_real_miniaod,0.6205445086843332,-1,170.66224357583957,2.7898836820846116
111369,A070E244-088C-F241-BAF7-17B1707FD096.root,13717,uproot_edm_partial_jets,0,1,,,3,3,3,1121.9141998291016,531.4130859375,434.17144775390625,0.39386773109436035,75.98271083831787,,,,,,,0,,1.0,1,1,1,,3.0,1121.9141998291016,1,1.3862943611198906,0,0,0.35268570320841036,2.09693821165491,0.6003282698926277,1.3345830139861417,0.5196387042013317,partial_jet_level_real_miniaod,0.6139858556449331,-1,520.3544234994204,2.7898457193184925
65478,4BF81994-E99D-2D45-8C35-E5B7BDC8BB89.root,19165,uproot_edm_partial_jets,0,1,,,3,3,3,1072.3236389160156,565.3978271484375,449.3730773925781,-1.724029541015625,62.013851165771484,,,,,,,0,,1.0,1,1,1,,3.0,1072.3236389160156,1,1.3862943611198906,0,0,0.35268570320841036,2.072352778773802,0.593289755212489,1.309997581105034,0.510066019437115,partial_jet_level_real_miniaod,0.6168592251186877,-1,343.73858378893834,2.7897014608072404
42412,154D5639-79E6-914A-B36C-2EE986A9A5E0.root,18643,uproot_edm_partial_jets,0,1,,,3,3,2,1001.0198936462402,638.3984375,330.5071105957031,0.5075953602790833,155.54181337356567,,,,,,,0,,1.0,1,1,1,,3.0,1001.0198936462402,1,1.3862943611198906,0,0,0.35268570320841036,1.3008661652721982,0.3724223870875959,1.2746474376256305,0.49630194289900387,partial_jet_level_real_miniaod,0.6180235362833016,-1,220.55302902744745,2.789587572508883
12464,0438B51F-9A50-8642-9963-CDB942DD12D9.root,12464,uproot_edm_partial_jets,0,1,,,3,3,3,1080.0525665283203,543.9673461914062,415.31884765625,1.276470422744751,126.06105995178223,,,,,,,0,,1.0,1,1,1,,3.0,1080.0525665283203,1,1.3862943611198906,0,0,0.35268570320841036,2.0761845368252643,0.5943867416038363,1.3138293391564964,0.5115579684337741,partial_jet_level_real_miniaod,0.6142242333842366,-1,398.4457138681404,2.789344610805722
65777,4BF81994-E99D-2D45-8C35-E5B7BDC8BB89.root,19464,uproot_edm_partial_jets,0,1,,,3,3,3,1027.6507568359375,597.1484985351562,320.6876220703125,-0.328217476606369,112.98317527770996,,,,,,,0,,1.0,1,1,1,,3.0,1027.6507568359375,1,1.3862943611198906,0,0,0.35268570320841036,2.0502053756437926,0.5869492192206535,1.2878501779750242,0.5014426159145955,partial_jet_level_real_miniaod,0.617516569212919,-1,233.72484268223053,2.7887523916542656
