run,lumi,event,MET_pt,MET_phi,MHT_pt,MHT_phi,MHT_over_HT,MET_minus_MHT,N_jets_all,N_jets_30,N_jets_50,HT,jet_pt_sum,leading_jet_pt,subleading_jet_pt,N_muons,N_electrons,N_leptons,lepton_pt_sum,N_btags_loose,N_btags_medium,N_btags_tight,max_btag_discriminator,N_primary_vertices,packed_candidate_count,secondary_vertex_count,btag_discriminator_status,vertex_status,packed_candidate_status,secondary_vertex_status,HLT_MET_paths_any,HLT_HT_paths_any,HLT_Mu_paths_any,HLT_Ele_paths_any,pass_HBHENoiseFilter,pass_HBHENoiseIsoFilter,pass_goodVertices,pass_EcalDeadCellTriggerPrimitiveFilter,pass_BadPFMuonFilter,pass_globalSuperTightHalo2016Filter,trigger_filter_extraction_status,MET_fraction,N_objects,S_event_proxy,high_MET,high_multiplicity,B_event,B_event_z
283453,131,117432452,44.2534,-2.25615,0.0,0.0,0.0,44.2534,11,0,0,0.0,150.537,25.5798,15.7849,0,0,0,0.0,2,0,0,0.555937,31,1902,1,1,1,1,1,1,0,1,0,1,1,1,1,1,1,1,0.977902212872403,0,0.0,0,0,-4.253707131546836,-1.0063258431839717
283453,131,118250369,25.9342,-1.2312299999999998,0.0,0.0,0.0,25.9342,10,0,0,0.0,143.672,22.1417,17.1315,0,0,0,0.0,0,0,0,0.5332479999999999,25,1820,0,1,1,1,1,1,0,0,0,-1,1,1,1,1,1,1,0.9628724818260799,0,0.0,0,0,-4.61693560978218,-1.091061823973085
283453,131,117682935,126.99,-2.5721700000000003,161.689,-2.61777,0.417372,-34.699,10,3,3,387.399,481.194,200.90900000000002,102.094,2,1,3,39.3035,2,0,0,0.5563899999999999,28,1717,3,1,1,1,1,1,1,1,0,1,1,1,1,1,1,1,0.2463964112544117,6,1.9459101490553132,0,0,7.392846545205777,1.710647653517634
283453,131,117607964,58.7791,-2.47169,57.5672,-3.04379,0.22837600000000002,1.21185,10,3,2,252.072,351.07800000000003,151.138,68.396,1,0,1,10.1479,2,1,0,0.873077,22,1727,2,1,1,1,1,1,0,1,0,1,1,1,1,1,1,1,0.18848450430349614,4,1.791759469228055,0,0,4.305396296862947,0.9903899077540634
283453,131,118906411,60.3146,-2.52724,63.1027,-1.04725,0.397239,-2.7881400000000003,17,3,2,158.85299999999998,372.69199999999995,61.3607,53.6333,0,0,0,0.0,3,0,0,0.798689,33,2265,3,1,1,1,1,1,0,1,0,1,1,1,1,1,1,1,0.27394857372292747,3,1.3862943611198906,0,0,0.11704373727271111,0.013307483623428507
283453,131,118667286,27.7391,-0.691483,89.3381,-0.898542,0.649235,-61.5989,12,2,1,137.605,310.16200000000003,96.853,40.7521,0,0,0,0.0,4,0,0,0.846995,39,2429,3,1,1,1,1,1,1,0,0,1,1,1,1,1,1,1,0.1667573421600165,2,1.0986122886681096,0,0,-2.7467213918654205,-0.6547677403956355
283453,131,118442925,81.2435,-0.968492,0.0,0.0,0.0,81.2435,14,0,0,0.0,222.646,28.5621,21.3107,0,0,0,0.0,5,1,1,0.9768469999999999,40,2826,1,1,1,1,1,1,0,1,0,1,1,1,1,1,1,1,0.9878409843939034,0,0.6931471805599453,0,0,-0.311888238949118,-0.08675617843728665
283453,131,118864379,66.105,-1.57323,0.0,0.0,0.0,66.105,8,0,0,0.0,122.125,21.7954,17.6818,2,0,2,77.3362,1,0,0,0.7785770000000001,32,1857,2,1,1,1,1,1,0,0,0,-1,1,1,1,1,1,1,0.9850979807763952,2,1.0986122886681096,0,0,0.02754074446992172,-0.007572277554854923
283453,131,117778929,42.0852,-1.6929599999999998,0.0,0.0,0.0,42.0852,11,0,0,0.0,151.90200000000002,21.1857,17.4712,0,0,0,0.0,2,0,0,0.557611,35,2079,0,1,1,1,1,1,0,1,0,1,1,1,1,1,1,1,0.9767901738880173,0,0.0,0,0,-4.294704664022299,-1.0158899779707573
283453,131,118438949,110.976,-2.906,34.6875,1.9468299999999998,1.0,76.2886,15,1,0,34.6875,262.94,34.6875,26.6469,0,0,0,0.0,6,0,0,0.810603,51,2859,0,1,1,1,1,1,0,1,0,1,1,1,1,1,1,1,0.7566708826667848,1,0.6931471805599453,0,0,-2.0338272298990576,-0.4884597837438634
283453,131,117601718,29.223000000000003,-2.1224,94.105,3.03682,0.962675,-64.8821,6,2,1,97.7537,149.42600000000002,66.6626,31.0911,0,1,1,24.4272,4,0,0,0.752468,32,2037,0,1,1,1,1,1,1,0,0,1,1,1,1,1,1,1,0.22834625365398548,3,1.3862943611198906,0,0,-1.1299718494533755,-0.2776033208209365
283453,131,118641720,28.6917,-1.97715,0.0,0.0,0.0,28.6917,10,0,0,0.0,134.855,19.0504,18.7577,0,0,0,0.0,3,0,0,0.554549,37,2230,0,1,1,1,1,1,0,0,0,-1,1,1,1,1,1,1,0.9663205542289596,0,0.0,0,0,-4.558716771831152,-1.0774802062592161
283453,131,118236735,97.9825,-2.1457,69.7204,-2.04196,0.17280399999999999,28.2621,9,6,4,403.465,449.18199999999996,119.551,94.0316,2,0,2,89.7698,2,1,1,0.980986,27,1963,2,1,1,1,1,1,1,1,0,1,1,1,1,1,1,1,0.19501042397464413,8,2.302585092994046,0,1,12.15617930742416,2.8218646907731
283453,131,117343276,108.711,0.997201,70.6295,0.936436,0.158821,38.0812,8,3,3,444.711,526.035,184.618,146.07299999999998,1,1,2,48.1516,2,0,0,0.7481270000000001,33,2068,1,1,1,1,1,1,1,1,0,1,1,1,1,1,1,1,0.1960798813899881,5,1.791759469228055,0,0,5.777460667386208,1.3338013572830218
283453,131,117916386,96.20100000000001,2.00121,72.176,2.56245,0.38815900000000003,24.0251,13,3,1,185.94400000000002,328.055,117.00299999999999,37.2132,0,0,0,0.0,1,0,0,0.55389,36,2215,1,1,1,1,1,1,1,1,0,1,1,1,1,1,1,1,0.33975878083667377,3,1.3862943611198906,0,0,0.1856794429648314,0.029319206787949966
283453,131,118021468,88.37299999999999,-1.86217,35.1076,-2.07194,1.0,53.2655,13,1,0,35.1076,220.25799999999998,35.1076,21.8239,0,0,0,0.0,4,0,0,0.558711,43,2394,1,1,1,1,1,1,0,0,0,1,1,1,1,1,1,1,0.7099339174136372,1,0.6931471805599453,0,0,-2.564414720856992,-0.6122382155980552
283453,131,117276821,27.3575,-0.942372,0.0,0.0,0.0,27.3575,9,0,0,0.0,124.554,19.748,14.9023,0,0,0,0.0,1,0,0,0.5607989999999999,42,2419,1,1,1,1,1,1,0,1,0,1,1,1,1,1,1,1,0.9647359605042758,0,0.0,0,0,-4.586635345827189,-1.0839932081066506
283453,131,117447785,31.5592,-0.779885,0.0,0.0,0.0,31.5592,10,0,0,0.0,137.856,18.3139,18.0164,2,0,2,20.5125,2,0,0,0.7509520000000001,28,1961,0,1,1,1,1,1,0,1,0,1,1,1,1,1,1,1,0.9692867146612938,2,1.0986122886681096,0,0,-0.6199715667011018,-0.1586275885994702
283453,131,118739417,19.5508,2.00863,0.0,0.0,0.0,19.5508,10,0,0,0.0,153.851,24.37,18.284000000000002,0,0,0,0.0,0,0,0,0.541483,47,2824,0,1,1,1,1,1,0,0,0,1,1,1,1,1,1,1,0.9513400938162991,0,0.0,0,0,-4.762318896392745,-1.124977654144609
283453,131,117944783,112.964,0.20901399999999998,126.977,0.13405899999999998,1.0,-14.0131,12,1,1,126.977,279.768,126.977,23.893,0,0,0,0.0,3,0,0,0.6579119999999999,39,2148,2,1,1,1,1,1,1,1,0,1,1,1,1,1,-1,1,0.46884506995488523,1,0.6931471805599453,0,0,-1.5850637329599269,-0.3837697130747588
283453,131,119106347,30.9805,0.589832,143.785,1.21304,0.9645290000000001,-112.804,6,3,2,149.07299999999998,198.266,59.6561,55.2208,0,0,0,0.0,3,1,1,0.980456,26,1894,1,1,1,1,1,1,1,1,0,1,1,1,1,1,1,1,0.17111240600154098,3,1.6094379124341003,0,0,1.8823303080507143,0.4251234559707456
283453,131,118929129,33.5398,-2.72058,54.9263,-1.05582,0.030925400000000002,-21.3865,11,7,5,1776.09,1838.34,601.786,576.178,1,0,1,10.7251,2,1,0,0.8640620000000001,26,1759,4,1,1,1,1,1,1,1,0,1,1,1,1,1,1,1,0.01852383076871926,8,2.302585092994046,0,1,16.8235976074091,3.910706263228295
283453,131,118787132,77.4626,-2.9034,83.2093,-2.78865,0.32254,-5.74664,11,3,2,257.981,382.079,134.436,83.9736,0,0,0,0.0,4,0,0,0.560117,32,2288,2,1,1,1,1,1,1,1,0,1,1,1,1,1,1,1,0.23023948144651882,3,1.3862943611198906,0,0,0.7185210918424979,0.15362350127028707
283453,131,117982839,81.2894,-0.7081270000000001,36.3561,0.9887670000000001,1.0,44.9333,16,1,0,36.3561,299.709,36.3561,24.8432,1,0,1,10.450999999999999,6,0,0,0.737901,32,2305,4,1,1,1,1,1,0,1,0,1,1,1,1,1,1,1,0.6851452436038451,2,1.0986122886681096,0,0,-1.0132454660776578,-0.25037273409117317
283453,131,118030552,155.651,-3.00507,120.04299999999999,0.0340793,0.598141,35.6086,9,2,1,200.69299999999998,291.69,160.064,40.6285,1,0,1,13.9028,1,0,0,0.544475,31,2099,0,1,1,1,1,1,1,1,0,1,1,1,1,1,1,1,0.43557748276170866,3,1.3862943611198906,0,0,2.1370093880722,0.48453642308426353
283453,131,119251752,75.1252,-1.17016,0.0,0.0,0.0,75.1252,9,0,0,0.0,136.423,18.9565,17.7582,0,0,0,0.0,0,0,0,0.5418850000000001,43,2610,2,1,1,1,1,1,1,1,0,1,1,1,1,1,1,1,0.986863745513969,0,0.0,0,0,-3.6905051790595493,-0.8749389264471384
283453,131,118741119,32.4444,-0.641727,0.0,0.0,0.0,32.4444,7,0,0,0.0,127.93299999999999,23.8535,23.3922,0,0,0,0.0,2,0,0,0.795895,30,1795,1,1,1,1,1,1,0,1,0,1,1,1,1,1,1,1,0.9700996280393728,0,0.0,0,0,-4.482216387764459,-1.0596337667230653
283453,131,117837437,36.1188,1.1366100000000001,0.0,0.0,0.0,36.1188,4,0,0,0.0,47.4068,13.1384,12.4697,0,0,0,0.0,1,0,0,0.556405,26,1726,0,1,1,1,1,1,0,0,0,-1,1,1,1,1,1,1,0.9730594739054065,0,0.0,0,0,-4.409524987546099,-1.042675908345987
283453,131,118366814,52.2454,1.5825,39.1162,2.04271,0.30761700000000003,13.1292,13,3,0,127.15899999999999,296.4,44.2117,41.6623,0,0,0,0.0,0,0,0,0.540762,41,2610,3,1,1,1,1,1,0,0,0,1,1,1,1,1,1,1,0.28960158399684266,3,1.3862943611198906,0,0,-1.855705437490757,-0.4469065309456263
283453,131,118694550,57.4214,-0.895649,30.2502,-1.6543,0.184788,27.1711,18,3,1,163.702,403.885,92.4087,41.1838,0,0,0,0.0,2,0,0,0.676646,45,2752,3,1,1,1,1,1,1,0,0,1,1,1,1,1,1,1,0.258511259957303,3,1.3862943611198906,0,0,-0.8283849117313132,-0.207247425035402
283453,131,118813257,30.4398,-1.60595,0.0,0.0,0.0,30.4398,3,0,0,0.0,42.1778,20.7485,11.094000000000001,0,0,0,0.0,0,0,0,0.473159,32,1897,0,1,1,1,1,1,1,0,0,-1,1,1,1,1,1,1,0.96819318189047,0,0.0,0,0,-4.522745546785116,-1.0690886367180006
283453,131,118616159,33.6583,-0.207575,0.0,0.0,0.0,33.6583,7,0,0,0.0,107.154,27.8568,16.8444,2,0,2,21.6372,1,1,1,0.996777,27,1894,1,1,1,1,1,1,0,1,0,1,1,1,1,1,1,1,0.9711468825649268,2,1.3862943611198906,0,0,2.135693422038178,0.4842294271319644
283453,131,117326805,65.8009,-0.247333,0.0,0.0,0.0,65.8009,2,0,0,0.0,25.1719,13.341,11.8309,0,0,0,0.0,0,0,0,0.528554,26,1801,1,1,1,1,1,1,1,0,0,-1,1,1,1,1,1,1,0.9850301418094667,0,0.0,0,0,-3.858001309042347,-0.9140133649972932
283453,131,117851912,194.545,-2.52514,0.0,0.0,0.0,194.545,4,0,0,0.0,84.6459,25.9318,24.6867,0,0,0,0.0,3,0,0,0.551955,29,2271,0,1,1,1,1,1,1,1,0,1,1,1,1,1,1,1,0.9948860876013194,0,0.0,0,0,-1.5915295611138789,-0.38527809780522043
283453,131,118852730,208.845,-1.02715,197.40400000000002,-1.10684,0.785402,11.4409,7,2,1,251.34099999999998,326.91700000000003,205.74599999999998,45.5947,0,1,1,84.0147,0,0,0,0.5310779999999999,20,1618,2,1,1,1,1,1,1,1,0,1,1,1,1,1,1,1,0.4528433213497374,3,1.3862943611198906,0,0,3.3347191446578903,0.7639448863689662
283453,131,118590602,67.624,0.09702050000000001,44.7248,-0.297387,0.11063699999999999,22.8992,10,4,3,404.24699999999996,500.616,146.487,116.906,0,1,1,17.0717,1,1,1,0.9961639999999999,32,2343,2,1,1,1,1,1,1,1,0,1,1,1,1,1,1,1,0.14300728951447647,5,1.9459101490553132,0,0,6.690938676375022,1.546902641072784
283453,131,118386126,106.027,2.93298,0.0,0.0,0.0,106.027,20,0,0,0.0,289.33,23.4316,22.0724,0,0,0,0.0,7,0,0,0.833283,48,2704,1,1,1,1,1,1,1,1,0,1,1,1,1,1,1,1,0.9906565632971119,0,0.0,0,0,-3.1422299625525953,-0.7470342025697927
283453,131,118504543,120.101,-1.17123,153.41,-1.14002,0.956319,-33.3091,8,3,1,160.418,236.532,84.8516,45.1401,0,0,0,0.0,1,0,0,0.6050220000000001,23,1654,1,1,1,1,1,1,1,1,0,1,1,1,1,1,1,1,0.42661774160891447,3,1.3862943611198906,0,0,0.7487605088855622,0.1606779224271405
283453,131,117343846,115.469,-0.852617,18.6741,-0.40612600000000004,0.202673,96.7953,12,2,0,92.1391,271.21299999999997,47.5872,44.5518,3,0,3,52.7998,3,1,0,0.8866719999999999,44,2609,0,1,1,1,1,1,1,1,0,1,1,1,1,1,1,1,0.553521171996677,5,1.9459101490553132,0,0,5.90622306759057,1.3638397736623884
283453,131,117505999,74.0636,1.9687299999999999,34.8731,2.74059,1.0,39.1905,17,1,0,34.8731,274.901,34.8731,22.4432,0,0,0,0.0,4,0,0,0.765025,39,2934,0,1,1,1,1,1,1,1,0,1,1,1,1,1,1,1,0.6736931343218415,1,0.6931471805599453,0,0,-2.9223918646799385,-0.6957491355823331
283453,131,118028565,25.0611,-2.18507,0.0,0.0,0.0,25.0611,12,0,0,0.0,194.188,26.7189,24.6828,0,0,0,0.0,1,0,0,0.717533,53,2819,0,1,1,1,1,1,0,0,0,1,1,1,1,1,1,1,0.9616286342479788,0,0.0,0,0,-4.6358238574726744,-1.0954681805484765
283453,131,118837961,109.726,-0.0329796,44.0977,-0.468398,1.0,65.6281,15,1,0,44.0977,245.595,44.0977,27.7268,0,0,0,0.0,5,0,0,0.773562,43,2567,0,1,1,1,1,1,0,0,0,1,1,1,1,1,1,1,0.7087157844696903,1,0.6931471805599453,0,0,-2.1576584586689105,-0.5173478287372295
283453,131,119009495,59.1839,0.842716,0.0,0.0,0.0,59.1839,9,0,0,0.0,149.253,24.6635,24.2813,0,0,0,0.0,3,1,0,0.8678739999999999,46,2710,0,1,1,1,1,1,0,1,0,1,1,1,1,1,1,1,0.983384260574672,0,0.6931471805599453,0,0,-0.70850857196583,-0.17928199877591222
283453,131,117521335,45.6247,-0.122188,71.7059,-2.8898099999999998,0.656938,-26.0812,10,3,0,109.152,205.199,37.5218,37.2789,1,0,1,15.0791,3,0,0,0.825363,26,1858,1,1,1,1,1,1,0,1,0,1,1,1,1,1,1,1,0.2928852646127437,4,1.6094379124341003,0,0,-0.5468265367598689,-0.14156390493118806
283453,131,118325059,54.5824,-3.0027,78.47800000000001,2.75964,1.0,-23.8956,12,1,1,78.47800000000001,238.729,78.47800000000001,19.9163,0,0,0,0.0,3,0,0,0.556792,35,2204,0,1,1,1,1,1,1,0,0,1,1,1,1,1,1,1,0.4071478229216084,1,0.6931471805599453,0,0,-2.9962938951212763,-0.7129894165817108
283453,131,117553717,27.2344,1.2907600000000001,39.035,1.1802700000000002,0.284985,-11.8006,10,3,1,136.972,248.13,55.6413,46.7493,0,0,0,0.0,1,0,0,0.7340399999999999,47,2525,0,1,1,1,1,1,0,1,0,1,1,1,1,1,1,1,0.16485075638716176,3,1.3862943611198906,0,0,-1.749902704460375,-0.42222427476061075
283453,131,117495777,102.81200000000001,0.609399,106.219,0.5216350000000001,0.21332800000000002,-3.4070099999999996,6,3,2,497.914,546.955,301.903,159.955,0,1,1,240.296,2,0,0,0.728565,29,2091,0,1,1,1,1,1,1,0,1,1,1,1,1,1,1,1,0.17086182082874932,4,1.6094379124341003,0,0,3.5253331933832626,0.8084124029287858
283453,131,117493507,19.851,-0.8900299999999999,0.0,0.0,0.0,19.851,2,0,0,0.0,27.4375,15.3245,12.1129,0,0,0,0.0,1,0,0,0.764833,36,2024,1,1,1,1,1,1,0,0,0,1,1,1,1,1,1,1,0.9520406695122536,0,0.0,0,0,-4.755008873883299,-1.1232723310104271
283453,131,117408872,97.7311,2.61503,113.632,2.8919,0.368071,-15.9014,10,5,2,308.724,384.024,130.796,52.763999999999996,0,1,1,25.4668,0,0,0,0.527276,28,1851,3,1,1,1,1,1,1,0,0,1,1,1,1,1,1,1,0.23985734869928,6,1.9459101490553132,0,0,4.515334693202856,1.0393655167304876
283453,131,118598267,129.319,0.341127,77.3402,0.410099,0.344308,51.979,9,3,2,224.625,314.122,115.214,71.6262,2,0,2,48.1123,2,0,0,0.779941,39,2328,2,1,1,1,1,1,1,1,0,1,1,1,1,1,1,1,0.3643363460151461,5,1.791759469228055,0,0,4.804239014566302,1.1067627404941023
283453,131,118429006,66.6785,-2.06901,36.3846,2.16127,1.0,30.2939,17,1,0,36.3846,270.175,36.3846,28.383000000000003,0,0,0,0.0,3,0,0,0.795638,59,2793,1,1,1,1,1,1,0,0,0,1,1,1,1,1,1,1,0.640750659936135,1,0.6931471805599453,0,0,-3.142549813746502,-0.7471088192539083
283453,131,117724112,46.5824,1.24022,0.0,0.0,0.0,46.5824,10,0,0,0.0,164.95,23.6631,21.2743,0,0,0,0.0,1,0,0,0.84126,31,2453,2,1,1,1,1,1,1,1,0,1,1,1,1,1,1,1,0.978983825952453,0,0.0,0,0,-4.210006527092885,-0.9961311205744648
283453,131,118579526,257.415,-1.4425299999999999,208.676,-1.3664,0.719254,48.7394,9,2,1,290.129,393.87199999999996,245.99900000000002,44.1298,0,1,1,38.4062,1,0,0,0.706956,38,2303,0,1,1,1,1,1,1,1,0,1,1,1,1,1,1,1,0.46926955722786134,3,1.3862943611198906,1,0,5.397630711724644,1.2451924905376823
283453,131,118603382,206.688,0.0933319,221.044,-0.098087,1.0,-14.3565,4,1,1,221.044,258.428,221.044,14.0676,0,0,0,0.0,2,0,0,0.59629,25,1602,1,1,1,1,1,1,1,1,1,1,1,1,1,1,-1,1,0.4820913764309639,1,0.6931471805599453,0,0,0.4950324745943675,0.10148682060657267
283453,131,117621310,32.9673,1.2141899999999999,0.0,0.0,0.0,32.9673,9,0,0,0.0,128.435,20.8423,18.8378,0,0,0,0.0,2,0,0,0.558284,35,1922,0,1,1,1,1,1,0,0,0,-1,1,1,1,1,1,1,0.9705599208650673,0,0.0,0,0,-4.471754949803739,-1.0571932636810883
283453,131,118991888,62.2413,-0.880285,0.0,0.0,0.0,62.2413,16,0,0,0.0,252.041,25.3194,24.9445,0,0,0,0.0,8,1,0,0.8499610000000001,57,2980,0,1,1,1,1,1,0,0,0,1,1,1,1,1,1,1,0.9841875483268054,0,0.6931471805599453,0,0,-0.6529833760874935,-0.16632876902334306
283453,131,117523608,101.42299999999999,-0.0725378,122.619,0.738366,0.29136100000000004,-21.1958,9,3,3,420.85,506.96,166.956,147.939,0,0,0,0.0,1,0,0,0.78163,36,2440,3,1,1,1,1,1,1,0,0,1,1,1,1,1,1,1,0.19382425617220836,3,1.3862943611198906,0,0,2.609593549175129,0.5947835121644072
283453,131,118643142,58.5684,1.35465,0.0,0.0,0.0,58.5684,10,0,0,0.0,166.30599999999998,25.8624,24.1483,0,0,0,0.0,1,0,0,0.834965,25,1952,1,1,1,1,1,1,0,1,0,1,1,1,1,1,1,1,0.9832125757952203,0,0.0,0,0,-3.9891030834858254,-0.9445975237467166
283453,131,117741720,91.1264,-0.5661390000000001,178.27,-1.16266,0.564028,-87.1431,10,5,2,316.065,406.767,133.338,57.4028,0,0,0,0.0,1,0,0,0.810454,38,2474,1,1,1,1,1,1,1,1,0,1,1,1,1,1,1,1,0.22324429177096825,5,1.791759469228055,0,0,2.9846688286002574,0.6822831813154764
283453,131,117682843,56.7948,2.58542,21.3812,2.87482,0.0477904,35.4136,6,4,4,447.395,477.163,163.113,156.05100000000002,3,0,3,71.0809,1,1,1,0.981096,20,1522,2,1,1,1,1,1,1,1,0,1,1,1,1,1,1,1,0.11242269737037447,7,2.1972245773362196,0,0,10.189296523668942,2.363019220868251
283453,131,118170753,19.5605,1.43134,0.0,0.0,0.0,19.5605,6,0,0,0.0,82.0426,19.317999999999998,17.1412,0,0,0,0.0,1,0,0,0.668986,30,1605,0,1,1,1,1,1,1,0,0,-1,1,1,1,1,1,1,0.951363050509472,0,0.0,0,0,-4.762081740551746,-1.1249223290971773
283453,131,118197257,56.6229,1.8402900000000002,86.3733,-2.38647,0.554817,-29.7504,11,2,2,155.679,293.872,101.238,54.4413,0,0,0,0.0,3,1,1,0.9982629999999999,35,2391,4,1,1,1,1,1,1,0,0,1,1,1,1,1,1,1,0.2654589574682645,2,1.3862943611198906,0,0,1.7131965946759582,0.3856669927635053
283453,131,118003198,81.3636,1.61467,46.4447,1.5913,0.15872999999999998,34.9189,7,3,3,292.601,353.55699999999996,103.92200000000001,96.1185,1,0,1,71.8222,1,0,0,0.6125189999999999,29,1845,2,1,1,1,1,1,1,1,0,1,1,1,1,1,1,1,0.21699008386391674,4,1.6094379124341003,0,0,3.2615573872506975,0.7468773004234146
283453,131,117753278,99.2398,-0.593396,134.819,-0.5254989999999999,0.15673199999999998,-35.5797,15,6,4,860.194,991.155,310.51,207.451,1,1,2,78.3829,2,0,0,0.616317,32,2038,2,1,1,1,1,1,1,0,0,1,1,1,1,1,1,1,0.10332810028135203,8,2.1972245773362196,0,1,11.440633616143822,2.6549381704610604
283453,131,119143550,113.301,0.737707,31.8999,1.29111,1.0,81.4009,14,1,0,31.8999,259.89,31.8999,28.5394,0,0,0,0.0,6,1,0,0.8720959999999999,69,3186,0,1,1,1,1,1,1,1,0,1,1,1,1,1,1,1,0.7749678695548387,1,1.0986122886681096,0,0,0.924119940758984,0.20158675623501285
283453,131,119074441,372.17800000000005,0.0617034,351.445,0.027768,1.0,20.7332,8,1,1,351.445,456.18199999999996,351.445,25.8596,0,0,0,0.0,1,0,0,0.7703260000000001,33,1930,0,1,1,1,1,1,0,0,0,1,-1,1,1,1,-1,1,0.5136160458610892,1,0.6931471805599453,1,0,5.035873912458801,1.1607998312895815
283453,131,118426729,115.775,-0.700752,69.9712,-1.48306,0.279905,45.8042,11,5,2,249.982,340.425,91.8522,52.8003,0,0,0,0.0,2,0,0,0.782834,46,2806,1,1,1,1,1,1,1,1,0,1,1,1,1,1,1,1,0.31567222984155724,5,1.791759469228055,0,0,3.399772430927351,0.7791208825969551
283453,131,118645407,149.471,-0.819915,0.0,0.0,0.0,149.471,20,0,0,0.0,347.12699999999995,29.2053,27.267,0,0,0,0.0,8,0,0,0.80979,70,3354,0,1,1,1,1,1,1,1,0,1,1,1,1,1,1,1,0.9933542011417482,0,0.0,0,0,-2.3792988606670997,-0.5690533473602526
283453,131,118307076,75.7014,1.57587,0.0,0.0,0.0,75.7014,8,0,0,0.0,107.009,19.4493,15.1356,0,0,0,0.0,4,0,0,0.697781,40,2077,1,1,1,1,1,1,1,0,0,1,1,1,1,1,1,1,0.9869624283259497,0,0.0,0,0,-3.6801983805734197,-0.8725344985708857
283453,131,118351950,255.16,-2.74287,257.086,-2.76702,1.0,-1.92536,5,2,1,257.086,293.006,225.248,31.8373,0,0,0,0.0,1,0,0,0.756296,29,1742,0,1,1,1,1,1,1,0,0,1,-1,1,1,1,-1,1,0.4971495150473652,2,1.0986122886681096,1,0,3.715624841080531,0.8528047079648381
283453,131,117422128,22.2639,-2.94123,0.0,0.0,0.0,22.2639,4,0,0,0.0,74.4473,23.4446,20.8044,0,0,0,0.0,1,0,0,0.5566369999999999,28,1897,0,1,1,1,1,1,1,0,0,1,1,1,1,1,1,1,0.9570149459033094,0,0.0,0,0,-4.698216246240835,-1.110023427652808
283453,131,118664918,111.33,3.0135400000000003,0.0,0.0,0.0,111.33,9,0,0,0.0,144.594,28.3422,21.4544,0,0,0,0.0,4,0,0,0.774662,44,2315,0,1,1,1,1,1,0,0,0,1,1,1,1,1,1,1,0.9910976586842339,0,0.0,0,0,-3.0487684691292762,-0.7252309801195174
283453,131,118626287,121.743,-0.8465389999999999,31.6788,-0.455031,1.0,90.0645,18,1,0,31.6788,307.039,31.6788,25.6467,0,0,0,0.0,7,0,0,0.770741,43,2659,4,1,1,1,1,1,1,1,0,1,1,1,1,1,1,1,0.7883796199759361,1,0.6931471805599453,0,0,-1.7651511914233051,-0.4257815274975966
283453,131,118597319,119.641,2.6289700000000003,27.1555,-0.336956,0.198846,92.4852,16,3,1,136.565,325.519,53.606,45.0932,2,0,2,30.276,4,0,0,0.8069069999999999,37,2557,0,1,1,1,1,1,1,1,0,1,1,1,1,1,1,1,0.46515633383358085,5,1.791759469228055,0,0,3.6814667431256316,0.8448361149014284
283453,131,118213922,71.6506,-2.96313,0.0,0.0,0.0,71.6506,7,0,0,0.0,92.4699,18.2803,15.1687,0,0,0,0.0,1,0,0,0.556331,30,1970,0,1,1,1,1,1,1,1,0,-1,1,1,1,1,1,1,0.9862354887640294,0,0.0,0,0,-3.7527563795059873,-0.8894612363462837
283453,131,117689089,79.5117,-0.0553486,51.976000000000006,0.018102200000000002,0.13178399999999998,27.5356,9,3,2,394.402,486.76099999999997,194.14700000000002,159.344,1,1,2,43.5326,4,1,1,0.986144,35,2540,3,1,1,1,1,1,1,1,0,1,1,1,1,1,1,1,0.16742347083270076,5,1.9459101490553132,0,0,6.624465662853446,1.5313954428923893
283453,131,118884162,60.1448,-2.8484599999999998,59.3851,-2.96585,1.0,0.759735,8,1,1,59.3851,160.868,59.3851,19.6404,1,0,1,87.1849,2,1,0,0.906697,29,1793,1,1,1,1,1,1,1,0,0,1,1,1,1,1,1,1,0.499003151915002,2,1.3862943611198906,0,0,1.7477701056299408,0.39373249570601054
283453,131,117892999,70.8812,-1.81506,26.3782,3.1242799999999997,0.26685,44.503,7,3,0,98.8504,148.908,37.5753,30.8942,2,0,2,28.8716,3,2,1,0.996886,35,1979,2,1,1,1,1,1,0,1,1,1,1,1,1,1,1,1,0.4151615752444187,5,2.0794415416798357,0,0,6.6823242506776594,1.5448930194320272
283453,131,118151442,219.5,-3.08186,258.327,-3.1198900000000003,0.39602600000000004,-38.8267,9,2,2,652.298,750.59,455.31199999999995,196.986,2,1,3,107.18799999999999,1,0,0,0.779134,37,2364,3,1,1,1,1,1,1,1,0,1,1,1,1,1,1,1,0.25149003549504007,5,1.791759469228055,0,0,8.474393101197094,1.9629569125169581
283453,131,118405335,51.7384,-1.7592,38.284,-1.31406,0.257655,13.4544,19,3,2,148.586,399.66900000000004,58.2203,56.1189,0,0,0,0.0,3,0,0,0.688051,47,2718,2,1,1,1,1,1,1,1,0,1,1,1,1,1,1,1,0.2569902108239239,3,1.3862943611198906,0,0,-0.12762461409757797,-0.04377012444887675
283453,131,118830200,84.3405,2.9859400000000003,50.1832,1.95954,0.323004,34.1574,13,2,2,155.364,340.288,77.9105,77.4536,0,0,0,0.0,5,0,0,0.7499279999999999,54,2657,3,1,1,1,1,1,1,1,0,1,1,1,1,1,1,1,0.3503902087414236,2,1.0986122886681096,0,0,-0.2663649114025163,-0.07613624074081007
283453,131,118990382,67.5383,0.5100819999999999,62.2272,0.6241760000000001,0.396936,5.31113,8,2,2,156.769,238.25,103.366,53.4024,0,0,0,0.0,2,0,0,0.7761560000000001,29,1794,1,1,1,1,1,1,1,0,0,-1,1,1,1,1,1,1,0.29976081556167955,2,1.0986122886681096,0,0,-0.7034795195429641,-0.17810879316284545
283453,131,119212261,76.1134,-0.773583,75.7086,-2.3205400000000003,0.335789,0.404827,5,3,2,225.46400000000003,266.52299999999997,107.34,83.9579,1,0,1,55.0741,2,1,0,0.9340860000000001,18,1360,4,1,1,1,1,1,1,1,0,1,1,1,1,1,1,1,0.25155018187082046,4,1.791759469228055,0,0,4.678542838402915,1.077439630091551
283453,131,119276081,45.9665,2.4852,105.869,2.82609,0.878656,-59.9023,9,2,1,120.49,225.685,81.2524,39.2371,0,0,0,0.0,3,1,0,0.9503860000000001,42,2622,1,1,1,1,1,1,0,0,0,1,1,1,1,1,1,1,0.27449815325174004,2,1.3862943611198906,0,0,0.5306752766327071,0.1098017737827772
283453,131,118971070,28.6873,-3.0958,45.3561,-2.35485,0.672558,-16.6688,19,2,0,67.4383,356.085,37.1233,30.315,0,0,0,0.0,5,0,0,0.693998,69,3418,2,1,1,1,1,1,0,0,0,1,1,1,1,1,1,1,0.2953629115289893,2,1.0986122886681096,0,0,-3.523444099024003,-0.8359659787937099
283453,131,117540070,51.2825,2.9502599999999997,0.0,0.0,0.0,51.2825,8,0,0,0.0,101.162,14.8399,14.5654,0,0,0,0.0,1,0,0,0.619338,25,1878,1,1,1,1,1,1,1,1,0,1,1,1,1,1,-1,1,0.9808731411084015,0,0.0,0,0,-4.122692454568136,-0.9757620030206297
283453,131,118095002,94.2075,0.394997,0.0,0.0,0.0,94.2075,10,0,0,0.0,190.854,25.4899,25.0382,0,0,0,0.0,4,1,0,0.9148430000000001,45,2472,1,1,1,1,1,1,1,0,0,1,1,1,1,1,1,1,0.9894966257910354,0,0.6931471805599453,0,0,-0.08168177437897284,-0.03305232059520793
283453,131,117559382,42.8627,-0.189648,0.0,0.0,0.0,42.8627,11,0,0,0.0,133.346,17.0525,15.2431,0,0,0,0.0,1,0,0,0.599485,33,2018,0,1,1,1,1,1,0,0,0,-1,1,1,1,1,1,1,0.9772015858576877,0,0.0,0,0,-4.279965473671204,-1.0124515368096867
283453,131,118014917,132.009,2.31103,137.565,2.4163,1.0,-5.55577,3,1,1,137.565,164.322,137.565,15.1985,0,0,0,0.0,1,0,0,0.590825,34,2084,1,1,1,1,1,1,1,1,0,1,1,1,1,1,1,1,0.4878850148203449,1,0.6931471805599453,0,0,-1.150865756746149,-0.28247756894038833
283453,131,119218509,35.7468,-1.0062799999999998,0.0,0.0,0.0,35.7468,10,0,0,0.0,151.09799999999998,22.9606,20.8812,0,0,0,0.0,2,0,0,0.6596,36,2102,6,1,1,1,1,1,0,1,0,1,1,1,1,1,1,1,0.9727867460567995,0,0.0,0,0,-4.416803851996784,-1.044373962753109
283453,131,117287305,2.99974,-2.66856,74.1901,0.988549,0.8492270000000001,-71.1904,9,2,0,87.3619,214.965,44.7448,42.6172,0,0,0,0.0,2,1,0,0.8484879999999999,33,2358,1,1,1,1,1,1,0,1,0,1,1,1,1,1,1,1,0.03283369256506341,2,1.3862943611198906,0,0,-1.9535249424439733,-0.46972641481812877
283453,131,118679476,124.648,-2.80357,42.2367,-2.08236,1.0,82.4114,23,1,0,42.2367,416.801,42.2367,28.9753,1,0,1,10.2865,5,0,0,0.753613,44,2897,0,1,1,1,1,1,1,0,0,1,1,1,1,1,1,1,0.7424619396526306,2,1.0986122886681096,0,0,-0.06279992727796391,-0.02864745718530368
283453,131,118777172,84.439,-0.957996,0.0,0.0,0.0,84.439,11,0,0,0.0,180.817,27.4997,22.0392,0,0,0,0.0,2,0,0,0.556484,38,2321,0,1,1,1,1,1,0,1,0,1,1,1,1,1,1,1,0.9882957431617879,0,0.0,0,0,-3.524391794433132,-0.8361870625049103
283453,131,117552562,86.1426,-1.51331,80.2296,-2.52883,0.642832,5.91297,11,2,1,124.807,248.31,86.4632,38.3434,0,1,1,10.9347,1,0,0,0.714913,44,2351,3,1,1,1,1,1,1,0,0,1,1,1,1,1,1,1,0.406429641763891,3,1.3862943611198906,0,0,0.5097777542749387,0.10492668232064628
283453,131,118490902,101.87299999999999,-0.970733,104.65899999999999,-1.2170299999999998,1.0,-2.7861599999999997,13,1,1,104.65899999999999,297.35400000000004,104.65899999999999,29.2458,1,0,1,13.4307,6,0,0,0.710067,46,2184,4,1,1,1,1,1,1,1,0,1,1,1,1,1,1,1,0.49087851512055974,2,1.0986122886681096,0,0,-0.06680121742401784,-0.029580900638292006
283453,131,117273674,60.3266,-2.43644,33.3419,-2.49513,0.27010100000000004,26.9847,16,3,0,123.443,328.212,43.8572,42.735,0,1,1,26.4832,3,0,0,0.560976,66,3081,0,1,1,1,1,1,1,1,0,1,1,1,1,1,1,1,0.3264963500489258,4,1.6094379124341003,0,0,-0.12832511907475264,-0.043933542186871656
283453,131,118748206,102.352,-2.07408,0.0,0.0,0.0,102.352,14,0,0,0.0,236.604,29.5608,25.1822,0,0,0,0.0,2,0,0,0.758606,43,2513,0,1,1,1,1,1,0,0,0,1,1,1,1,1,1,1,0.9903243285083985,0,0.0,0,0,-3.2070785107376247,-0.7621624363467935
283453,131,118501123,58.7135,-1.2677200000000002,21.6648,-2.81524,0.27011199999999996,37.0487,8,2,0,80.2068,178.30200000000002,48.6697,31.5371,0,0,0,0.0,1,0,0,0.578447,34,2136,1,1,1,1,1,1,0,1,0,1,1,1,1,1,1,1,0.4196210271132924,2,1.0986122886681096,0,0,-2.5744194069534037,-0.6145721649981277
283453,131,117688318,33.1562,-1.56314,37.2156,-2.65255,0.24770799999999998,-4.05938,8,2,2,150.24,243.78900000000002,76.9613,73.2788,2,0,2,73.7845,1,0,0,0.5525979999999999,28,1818,0,1,1,1,1,1,0,1,0,1,1,1,1,1,1,1,0.17980956223609812,4,1.6094379124341003,0,0,1.386408755508529,0.309432089056793
283453,131,117425896,58.3458,-1.47165,0.0,0.0,0.0,58.3458,11,0,0,0.0,179.74400000000003,28.4774,20.1809,0,0,0,0.0,0,0,0,0.54232,45,2593,0,1,1,1,1,1,0,0,0,1,1,1,1,1,1,1,0.9831496078913756,0,0.0,0,0,-3.9931591026784536,-0.9455437346992733
